chunk_id,source,town,flat_type,year,n_transactions,median_price,median_psf,text
hdb_ang_mo_kio_3_room_2017,hdb,ANG MO KIO,3 ROOM,2017,498,308444.0,408.5,"HDB Resale — ANG MO KIO | 3 ROOM | 2017
Transactions: 498
Median resale price: SGD 308,444
Median price per sqft (PSF): SGD 408
Median floor area: 68 sqm
Median remaining lease: 61 years
CPF eligible transactions: 100%
"
hdb_ang_mo_kio_3_room_2018,hdb,ANG MO KIO,3 ROOM,2018,533,285000.0,381.0,"HDB Resale — ANG MO KIO | 3 ROOM | 2018
Transactions: 533
Median resale price: SGD 285,000
Median price per sqft (PSF): SGD 381
Median floor area: 68 sqm
Median remaining lease: 60 years
CPF eligible transactions: 100%
"
hdb_ang_mo_kio_3_room_2019,hdb,ANG MO KIO,3 ROOM,2019,499,275000.0,363.0,"HDB Resale — ANG MO KIO | 3 ROOM | 2019
Transactions: 499
Median resale price: SGD 275,000
Median price per sqft (PSF): SGD 363
Median floor area: 68 sqm
Median remaining lease: 59 years
CPF eligible transactions: 100%
"
hdb_ang_mo_kio_3_room_2020,hdb,ANG MO KIO,3 ROOM,2020,483,285000.0,372.0,"HDB Resale — ANG MO KIO | 3 ROOM | 2020
Transactions: 483
Median resale price: SGD 285,000
Median price per sqft (PSF): SGD 372
Median floor area: 68 sqm
Median remaining lease: 58 years
CPF eligible transactions: 100%
"
hdb_ang_mo_kio_3_room_2021,hdb,ANG MO KIO,3 ROOM,2021,550,325650.0,430.0,"HDB Resale — ANG MO KIO | 3 ROOM | 2021
Transactions: 550
Median resale price: SGD 325,650
Median price per sqft (PSF): SGD 430
Median floor area: 68 sqm
Median remaining lease: 57 years
CPF eligible transactions: 100%
"
hdb_ang_mo_kio_3_room_2022,hdb,ANG MO KIO,3 ROOM,2022,508,365000.0,480.0,"HDB Resale — ANG MO KIO | 3 ROOM | 2022
Transactions: 508
Median resale price: SGD 365,000
Median price per sqft (PSF): SGD 480
Median floor area: 68 sqm
Median remaining lease: 56 years
CPF eligible transactions: 100%
"
hdb_ang_mo_kio_3_room_2023,hdb,ANG MO KIO,3 ROOM,2023,517,383000.0,506.0,"HDB Resale — ANG MO KIO | 3 ROOM | 2023
Transactions: 517
Median resale price: SGD 383,000
Median price per sqft (PSF): SGD 506
Median floor area: 68 sqm
Median remaining lease: 55 years
CPF eligible transactions: 100%
"
hdb_ang_mo_kio_3_room_2024,hdb,ANG MO KIO,3 ROOM,2024,556,410000.0,541.0,"HDB Resale — ANG MO KIO | 3 ROOM | 2024
Transactions: 556
Median resale price: SGD 410,000
Median price per sqft (PSF): SGD 541
Median floor area: 68 sqm
Median remaining lease: 54 years
CPF eligible transactions: 100%
"
hdb_ang_mo_kio_3_room_2025,hdb,ANG MO KIO,3 ROOM,2025,525,440000.0,574.0,"HDB Resale — ANG MO KIO | 3 ROOM | 2025
Transactions: 525
Median resale price: SGD 440,000
Median price per sqft (PSF): SGD 574
Median floor area: 68 sqm
Median remaining lease: 53 years
CPF eligible transactions: 100%
"
hdb_ang_mo_kio_3_room_2026,hdb,ANG MO KIO,3 ROOM,2026,116,439000.0,570.5,"HDB Resale — ANG MO KIO | 3 ROOM | 2026
Transactions: 116
Median resale price: SGD 439,000
Median price per sqft (PSF): SGD 570
Median floor area: 68 sqm
Median remaining lease: 53 years
CPF eligible transactions: 100%
"
hdb_ang_mo_kio_4_room_2017,hdb,ANG MO KIO,4 ROOM,2017,238,461500.0,459.0,"HDB Resale — ANG MO KIO | 4 ROOM | 2017
Transactions: 238
Median resale price: SGD 461,500
Median price per sqft (PSF): SGD 459
Median floor area: 92 sqm
Median remaining lease: 61 years
CPF eligible transactions: 100%
"
hdb_ang_mo_kio_4_room_2018,hdb,ANG MO KIO,4 ROOM,2018,246,444000.0,436.5,"HDB Resale — ANG MO KIO | 4 ROOM | 2018
Transactions: 246
Median resale price: SGD 444,000
Median price per sqft (PSF): SGD 436
Median floor area: 92 sqm
Median remaining lease: 61 years
CPF eligible transactions: 100%
"
hdb_ang_mo_kio_4_room_2019,hdb,ANG MO KIO,4 ROOM,2019,267,405000.0,399.0,"HDB Resale — ANG MO KIO | 4 ROOM | 2019
Transactions: 267
Median resale price: SGD 405,000
Median price per sqft (PSF): SGD 399
Median floor area: 92 sqm
Median remaining lease: 59 years
CPF eligible transactions: 100%
"
hdb_ang_mo_kio_4_room_2020,hdb,ANG MO KIO,4 ROOM,2020,296,405944.0,404.0,"HDB Resale — ANG MO KIO | 4 ROOM | 2020
Transactions: 296
Median resale price: SGD 405,944
Median price per sqft (PSF): SGD 404
Median floor area: 92 sqm
Median remaining lease: 58 years
CPF eligible transactions: 100%
"
hdb_ang_mo_kio_4_room_2021,hdb,ANG MO KIO,4 ROOM,2021,282,448000.0,445.0,"HDB Resale — ANG MO KIO | 4 ROOM | 2021
Transactions: 282
Median resale price: SGD 448,000
Median price per sqft (PSF): SGD 445
Median floor area: 92 sqm
Median remaining lease: 57 years
CPF eligible transactions: 100%
"
hdb_ang_mo_kio_4_room_2022,hdb,ANG MO KIO,4 ROOM,2022,293,510000.0,506.0,"HDB Resale — ANG MO KIO | 4 ROOM | 2022
Transactions: 293
Median resale price: SGD 510,000
Median price per sqft (PSF): SGD 506
Median floor area: 92 sqm
Median remaining lease: 57 years
CPF eligible transactions: 100%
"
hdb_ang_mo_kio_4_room_2023,hdb,ANG MO KIO,4 ROOM,2023,335,550000.0,536.0,"HDB Resale — ANG MO KIO | 4 ROOM | 2023
Transactions: 335
Median resale price: SGD 550,000
Median price per sqft (PSF): SGD 536
Median floor area: 93 sqm
Median remaining lease: 56 years
CPF eligible transactions: 100%
"
hdb_ang_mo_kio_4_room_2024,hdb,ANG MO KIO,4 ROOM,2024,303,572000.0,565.0,"HDB Resale — ANG MO KIO | 4 ROOM | 2024
Transactions: 303
Median resale price: SGD 572,000
Median price per sqft (PSF): SGD 565
Median floor area: 92 sqm
Median remaining lease: 55 years
CPF eligible transactions: 100%
"
hdb_ang_mo_kio_4_room_2025,hdb,ANG MO KIO,4 ROOM,2025,281,595888.0,591.0,"HDB Resale — ANG MO KIO | 4 ROOM | 2025
Transactions: 281
Median resale price: SGD 595,888
Median price per sqft (PSF): SGD 591
Median floor area: 92 sqm
Median remaining lease: 54 years
CPF eligible transactions: 100%
"
hdb_ang_mo_kio_4_room_2026,hdb,ANG MO KIO,4 ROOM,2026,100,636500.0,611.5,"HDB Resale — ANG MO KIO | 4 ROOM | 2026
Transactions: 100
Median resale price: SGD 636,500
Median price per sqft (PSF): SGD 612
Median floor area: 93 sqm
Median remaining lease: 54 years
CPF eligible transactions: 100%
"
hdb_ang_mo_kio_5_room_2017,hdb,ANG MO KIO,5 ROOM,2017,138,669000.0,526.5,"HDB Resale — ANG MO KIO | 5 ROOM | 2017
Transactions: 138
Median resale price: SGD 669,000
Median price per sqft (PSF): SGD 526
Median floor area: 119 sqm
Median remaining lease: 75 years
CPF eligible transactions: 100%
"
hdb_ang_mo_kio_5_room_2018,hdb,ANG MO KIO,5 ROOM,2018,179,699888.0,523.0,"HDB Resale — ANG MO KIO | 5 ROOM | 2018
Transactions: 179
Median resale price: SGD 699,888
Median price per sqft (PSF): SGD 523
Median floor area: 119 sqm
Median remaining lease: 77 years
CPF eligible transactions: 100%
"
hdb_ang_mo_kio_5_room_2019,hdb,ANG MO KIO,5 ROOM,2019,138,628000.0,480.5,"HDB Resale — ANG MO KIO | 5 ROOM | 2019
Transactions: 138
Median resale price: SGD 628,000
Median price per sqft (PSF): SGD 480
Median floor area: 119 sqm
Median remaining lease: 60 years
CPF eligible transactions: 100%
"
hdb_ang_mo_kio_5_room_2020,hdb,ANG MO KIO,5 ROOM,2020,158,626500.0,487.0,"HDB Resale — ANG MO KIO | 5 ROOM | 2020
Transactions: 158
Median resale price: SGD 626,500
Median price per sqft (PSF): SGD 487
Median floor area: 118 sqm
Median remaining lease: 60 years
CPF eligible transactions: 100%
"
hdb_ang_mo_kio_5_room_2021,hdb,ANG MO KIO,5 ROOM,2021,172,646944.0,497.0,"HDB Resale — ANG MO KIO | 5 ROOM | 2021
Transactions: 172
Median resale price: SGD 646,944
Median price per sqft (PSF): SGD 497
Median floor area: 119 sqm
Median remaining lease: 58 years
CPF eligible transactions: 100%
"
hdb_ang_mo_kio_5_room_2022,hdb,ANG MO KIO,5 ROOM,2022,152,780000.0,595.0,"HDB Resale — ANG MO KIO | 5 ROOM | 2022
Transactions: 152
Median resale price: SGD 780,000
Median price per sqft (PSF): SGD 595
Median floor area: 118 sqm
Median remaining lease: 73 years
CPF eligible transactions: 100%
"
hdb_ang_mo_kio_5_room_2023,hdb,ANG MO KIO,5 ROOM,2023,123,775000.0,578.0,"HDB Resale — ANG MO KIO | 5 ROOM | 2023
Transactions: 123
Median resale price: SGD 775,000
Median price per sqft (PSF): SGD 578
Median floor area: 119 sqm
Median remaining lease: 58 years
CPF eligible transactions: 100%
"
hdb_ang_mo_kio_5_room_2024,hdb,ANG MO KIO,5 ROOM,2024,142,831444.0,619.0,"HDB Resale — ANG MO KIO | 5 ROOM | 2024
Transactions: 142
Median resale price: SGD 831,444
Median price per sqft (PSF): SGD 619
Median floor area: 119 sqm
Median remaining lease: 56 years
CPF eligible transactions: 100%
"
hdb_ang_mo_kio_5_room_2025,hdb,ANG MO KIO,5 ROOM,2025,121,901888.0,655.0,"HDB Resale — ANG MO KIO | 5 ROOM | 2025
Transactions: 121
Median resale price: SGD 901,888
Median price per sqft (PSF): SGD 655
Median floor area: 119 sqm
Median remaining lease: 67 years
CPF eligible transactions: 100%
"
hdb_ang_mo_kio_5_room_2026,hdb,ANG MO KIO,5 ROOM,2026,51,1100000.0,878.0,"HDB Resale — ANG MO KIO | 5 ROOM | 2026
Transactions: 51
Median resale price: SGD 1,100,000
Median price per sqft (PSF): SGD 878
Median floor area: 113 sqm
Median remaining lease: 79 years
CPF eligible transactions: 100%
"
hdb_bedok_3_room_2017,hdb,BEDOK,3 ROOM,2017,464,300000.0,414.0,"HDB Resale — BEDOK | 3 ROOM | 2017
Transactions: 464
Median resale price: SGD 300,000
Median price per sqft (PSF): SGD 414
Median floor area: 67 sqm
Median remaining lease: 61 years
CPF eligible transactions: 100%
"
hdb_bedok_3_room_2018,hdb,BEDOK,3 ROOM,2018,466,290000.0,397.0,"HDB Resale — BEDOK | 3 ROOM | 2018
Transactions: 466
Median resale price: SGD 290,000
Median price per sqft (PSF): SGD 397
Median floor area: 67 sqm
Median remaining lease: 60 years
CPF eligible transactions: 100%
"
hdb_bedok_3_room_2019,hdb,BEDOK,3 ROOM,2019,492,278000.0,379.5,"HDB Resale — BEDOK | 3 ROOM | 2019
Transactions: 492
Median resale price: SGD 278,000
Median price per sqft (PSF): SGD 380
Median floor area: 67 sqm
Median remaining lease: 58 years
CPF eligible transactions: 100%
"
hdb_bedok_3_room_2020,hdb,BEDOK,3 ROOM,2020,532,280000.0,382.5,"HDB Resale — BEDOK | 3 ROOM | 2020
Transactions: 532
Median resale price: SGD 280,000
Median price per sqft (PSF): SGD 382
Median floor area: 67 sqm
Median remaining lease: 58 years
CPF eligible transactions: 100%
"
hdb_bedok_3_room_2021,hdb,BEDOK,3 ROOM,2021,545,317000.0,434.0,"HDB Resale — BEDOK | 3 ROOM | 2021
Transactions: 545
Median resale price: SGD 317,000
Median price per sqft (PSF): SGD 434
Median floor area: 67 sqm
Median remaining lease: 57 years
CPF eligible transactions: 100%
"
hdb_bedok_3_room_2022,hdb,BEDOK,3 ROOM,2022,533,350000.0,478.0,"HDB Resale — BEDOK | 3 ROOM | 2022
Transactions: 533
Median resale price: SGD 350,000
Median price per sqft (PSF): SGD 478
Median floor area: 67 sqm
Median remaining lease: 56 years
CPF eligible transactions: 100%
"
hdb_bedok_3_room_2023,hdb,BEDOK,3 ROOM,2023,547,370000.0,506.0,"HDB Resale — BEDOK | 3 ROOM | 2023
Transactions: 547
Median resale price: SGD 370,000
Median price per sqft (PSF): SGD 506
Median floor area: 67 sqm
Median remaining lease: 55 years
CPF eligible transactions: 100%
"
hdb_bedok_3_room_2024,hdb,BEDOK,3 ROOM,2024,514,395000.0,543.0,"HDB Resale — BEDOK | 3 ROOM | 2024
Transactions: 514
Median resale price: SGD 395,000
Median price per sqft (PSF): SGD 543
Median floor area: 67 sqm
Median remaining lease: 54 years
CPF eligible transactions: 100%
"
hdb_bedok_3_room_2025,hdb,BEDOK,3 ROOM,2025,482,430000.0,587.0,"HDB Resale — BEDOK | 3 ROOM | 2025
Transactions: 482
Median resale price: SGD 430,000
Median price per sqft (PSF): SGD 587
Median floor area: 68 sqm
Median remaining lease: 53 years
CPF eligible transactions: 100%
"
hdb_bedok_3_room_2026,hdb,BEDOK,3 ROOM,2026,151,425000.0,575.0,"HDB Resale — BEDOK | 3 ROOM | 2026
Transactions: 151
Median resale price: SGD 425,000
Median price per sqft (PSF): SGD 575
Median floor area: 68 sqm
Median remaining lease: 53 years
CPF eligible transactions: 100%
"
hdb_bedok_4_room_2017,hdb,BEDOK,4 ROOM,2017,375,415000.0,419.0,"HDB Resale — BEDOK | 4 ROOM | 2017
Transactions: 375
Median resale price: SGD 415,000
Median price per sqft (PSF): SGD 419
Median floor area: 92 sqm
Median remaining lease: 62 years
CPF eligible transactions: 100%
"
hdb_bedok_4_room_2018,hdb,BEDOK,4 ROOM,2018,343,405000.0,409.0,"HDB Resale — BEDOK | 4 ROOM | 2018
Transactions: 343
Median resale price: SGD 405,000
Median price per sqft (PSF): SGD 409
Median floor area: 92 sqm
Median remaining lease: 62 years
CPF eligible transactions: 100%
"
hdb_bedok_4_room_2019,hdb,BEDOK,4 ROOM,2019,359,390000.0,396.0,"HDB Resale — BEDOK | 4 ROOM | 2019
Transactions: 359
Median resale price: SGD 390,000
Median price per sqft (PSF): SGD 396
Median floor area: 92 sqm
Median remaining lease: 61 years
CPF eligible transactions: 100%
"
hdb_bedok_4_room_2020,hdb,BEDOK,4 ROOM,2020,451,395000.0,399.0,"HDB Resale — BEDOK | 4 ROOM | 2020
Transactions: 451
Median resale price: SGD 395,000
Median price per sqft (PSF): SGD 399
Median floor area: 92 sqm
Median remaining lease: 61 years
CPF eligible transactions: 100%
"
hdb_bedok_4_room_2021,hdb,BEDOK,4 ROOM,2021,587,445000.0,445.0,"HDB Resale — BEDOK | 4 ROOM | 2021
Transactions: 587
Median resale price: SGD 445,000
Median price per sqft (PSF): SGD 445
Median floor area: 92 sqm
Median remaining lease: 62 years
CPF eligible transactions: 100%
"
hdb_bedok_4_room_2022,hdb,BEDOK,4 ROOM,2022,447,470000.0,475.0,"HDB Resale — BEDOK | 4 ROOM | 2022
Transactions: 447
Median resale price: SGD 470,000
Median price per sqft (PSF): SGD 475
Median floor area: 92 sqm
Median remaining lease: 59 years
CPF eligible transactions: 100%
"
hdb_bedok_4_room_2023,hdb,BEDOK,4 ROOM,2023,443,505000.0,515.0,"HDB Resale — BEDOK | 4 ROOM | 2023
Transactions: 443
Median resale price: SGD 505,000
Median price per sqft (PSF): SGD 515
Median floor area: 92 sqm
Median remaining lease: 60 years
CPF eligible transactions: 100%
"
hdb_bedok_4_room_2024,hdb,BEDOK,4 ROOM,2024,442,540000.0,553.0,"HDB Resale — BEDOK | 4 ROOM | 2024
Transactions: 442
Median resale price: SGD 540,000
Median price per sqft (PSF): SGD 553
Median floor area: 92 sqm
Median remaining lease: 59 years
CPF eligible transactions: 100%
"
hdb_bedok_4_room_2025,hdb,BEDOK,4 ROOM,2025,441,590000.0,592.0,"HDB Resale — BEDOK | 4 ROOM | 2025
Transactions: 441
Median resale price: SGD 590,000
Median price per sqft (PSF): SGD 592
Median floor area: 92 sqm
Median remaining lease: 59 years
CPF eligible transactions: 100%
"
hdb_bedok_4_room_2026,hdb,BEDOK,4 ROOM,2026,160,580500.0,586.5,"HDB Resale — BEDOK | 4 ROOM | 2026
Transactions: 160
Median resale price: SGD 580,500
Median price per sqft (PSF): SGD 586
Median floor area: 92 sqm
Median remaining lease: 58 years
CPF eligible transactions: 100%
"
hdb_bedok_5_room_2017,hdb,BEDOK,5 ROOM,2017,201,570000.0,435.0,"HDB Resale — BEDOK | 5 ROOM | 2017
Transactions: 201
Median resale price: SGD 570,000
Median price per sqft (PSF): SGD 435
Median floor area: 121 sqm
Median remaining lease: 64 years
CPF eligible transactions: 100%
"
hdb_bedok_5_room_2018,hdb,BEDOK,5 ROOM,2018,206,580000.0,437.5,"HDB Resale — BEDOK | 5 ROOM | 2018
Transactions: 206
Median resale price: SGD 580,000
Median price per sqft (PSF): SGD 438
Median floor area: 121 sqm
Median remaining lease: 64 years
CPF eligible transactions: 100%
"
hdb_bedok_5_room_2019,hdb,BEDOK,5 ROOM,2019,205,563000.0,423.0,"HDB Resale — BEDOK | 5 ROOM | 2019
Transactions: 205
Median resale price: SGD 563,000
Median price per sqft (PSF): SGD 423
Median floor area: 121 sqm
Median remaining lease: 63 years
CPF eligible transactions: 100%
"
hdb_bedok_5_room_2020,hdb,BEDOK,5 ROOM,2020,209,570000.0,430.0,"HDB Resale — BEDOK | 5 ROOM | 2020
Transactions: 209
Median resale price: SGD 570,000
Median price per sqft (PSF): SGD 430
Median floor area: 121 sqm
Median remaining lease: 61 years
CPF eligible transactions: 100%
"
hdb_bedok_5_room_2021,hdb,BEDOK,5 ROOM,2021,360,613750.0,471.5,"HDB Resale — BEDOK | 5 ROOM | 2021
Transactions: 360
Median resale price: SGD 613,750
Median price per sqft (PSF): SGD 472
Median floor area: 121 sqm
Median remaining lease: 61 years
CPF eligible transactions: 100%
"
hdb_bedok_5_room_2022,hdb,BEDOK,5 ROOM,2022,249,650000.0,504.0,"HDB Resale — BEDOK | 5 ROOM | 2022
Transactions: 249
Median resale price: SGD 650,000
Median price per sqft (PSF): SGD 504
Median floor area: 121 sqm
Median remaining lease: 61 years
CPF eligible transactions: 100%
"
hdb_bedok_5_room_2023,hdb,BEDOK,5 ROOM,2023,217,680000.0,516.0,"HDB Resale — BEDOK | 5 ROOM | 2023
Transactions: 217
Median resale price: SGD 680,000
Median price per sqft (PSF): SGD 516
Median floor area: 121 sqm
Median remaining lease: 59 years
CPF eligible transactions: 100%
"
hdb_bedok_5_room_2024,hdb,BEDOK,5 ROOM,2024,249,768000.0,576.0,"HDB Resale — BEDOK | 5 ROOM | 2024
Transactions: 249
Median resale price: SGD 768,000
Median price per sqft (PSF): SGD 576
Median floor area: 121 sqm
Median remaining lease: 60 years
CPF eligible transactions: 100%
"
hdb_bedok_5_room_2025,hdb,BEDOK,5 ROOM,2025,173,770000.0,590.0,"HDB Resale — BEDOK | 5 ROOM | 2025
Transactions: 173
Median resale price: SGD 770,000
Median price per sqft (PSF): SGD 590
Median floor area: 121 sqm
Median remaining lease: 56 years
CPF eligible transactions: 100%
"
hdb_bedok_5_room_2026,hdb,BEDOK,5 ROOM,2026,65,800000.0,612.0,"HDB Resale — BEDOK | 5 ROOM | 2026
Transactions: 65
Median resale price: SGD 800,000
Median price per sqft (PSF): SGD 612
Median floor area: 121 sqm
Median remaining lease: 59 years
CPF eligible transactions: 100%
"
hdb_bishan_3_room_2017,hdb,BISHAN,3 ROOM,2017,42,372500.0,540.5,"HDB Resale — BISHAN | 3 ROOM | 2017
Transactions: 42
Median resale price: SGD 372,500
Median price per sqft (PSF): SGD 540
Median floor area: 64 sqm
Median remaining lease: 67 years
CPF eligible transactions: 100%
"
hdb_bishan_3_room_2018,hdb,BISHAN,3 ROOM,2018,37,363000.0,509.0,"HDB Resale — BISHAN | 3 ROOM | 2018
Transactions: 37
Median resale price: SGD 363,000
Median price per sqft (PSF): SGD 509
Median floor area: 65 sqm
Median remaining lease: 66 years
CPF eligible transactions: 100%
"
hdb_bishan_3_room_2019,hdb,BISHAN,3 ROOM,2019,42,380000.0,544.0,"HDB Resale — BISHAN | 3 ROOM | 2019
Transactions: 42
Median resale price: SGD 380,000
Median price per sqft (PSF): SGD 544
Median floor area: 64 sqm
Median remaining lease: 65 years
CPF eligible transactions: 100%
"
hdb_bishan_3_room_2020,hdb,BISHAN,3 ROOM,2020,48,365000.0,496.0,"HDB Resale — BISHAN | 3 ROOM | 2020
Transactions: 48
Median resale price: SGD 365,000
Median price per sqft (PSF): SGD 496
Median floor area: 65 sqm
Median remaining lease: 64 years
CPF eligible transactions: 100%
"
hdb_bishan_3_room_2021,hdb,BISHAN,3 ROOM,2021,52,400000.0,576.5,"HDB Resale — BISHAN | 3 ROOM | 2021
Transactions: 52
Median resale price: SGD 400,000
Median price per sqft (PSF): SGD 576
Median floor area: 64 sqm
Median remaining lease: 63 years
CPF eligible transactions: 100%
"
hdb_bishan_3_room_2022,hdb,BISHAN,3 ROOM,2022,64,428444.0,619.0,"HDB Resale — BISHAN | 3 ROOM | 2022
Transactions: 64
Median resale price: SGD 428,444
Median price per sqft (PSF): SGD 619
Median floor area: 67 sqm
Median remaining lease: 61 years
CPF eligible transactions: 100%
"
hdb_bishan_3_room_2023,hdb,BISHAN,3 ROOM,2023,42,472500.0,676.0,"HDB Resale — BISHAN | 3 ROOM | 2023
Transactions: 42
Median resale price: SGD 472,500
Median price per sqft (PSF): SGD 676
Median floor area: 64 sqm
Median remaining lease: 61 years
CPF eligible transactions: 100%
"
hdb_bishan_3_room_2024,hdb,BISHAN,3 ROOM,2024,50,509000.0,731.5,"HDB Resale — BISHAN | 3 ROOM | 2024
Transactions: 50
Median resale price: SGD 509,000
Median price per sqft (PSF): SGD 732
Median floor area: 64 sqm
Median remaining lease: 60 years
CPF eligible transactions: 100%
"
hdb_bishan_3_room_2025,hdb,BISHAN,3 ROOM,2025,59,548000.0,777.0,"HDB Resale — BISHAN | 3 ROOM | 2025
Transactions: 59
Median resale price: SGD 548,000
Median price per sqft (PSF): SGD 777
Median floor area: 64 sqm
Median remaining lease: 59 years
CPF eligible transactions: 100%
"
hdb_bishan_3_room_2026,hdb,BISHAN,3 ROOM,2026,17,533000.0,739.0,"HDB Resale — BISHAN | 3 ROOM | 2026
Transactions: 17
Median resale price: SGD 533,000
Median price per sqft (PSF): SGD 739
Median floor area: 67 sqm
Median remaining lease: 57 years
CPF eligible transactions: 100%
"
hdb_bishan_4_room_2017,hdb,BISHAN,4 ROOM,2017,205,568000.0,542.0,"HDB Resale — BISHAN | 4 ROOM | 2017
Transactions: 205
Median resale price: SGD 568,000
Median price per sqft (PSF): SGD 542
Median floor area: 102 sqm
Median remaining lease: 71 years
CPF eligible transactions: 100%
"
hdb_bishan_4_room_2018,hdb,BISHAN,4 ROOM,2018,199,550000.0,526.0,"HDB Resale — BISHAN | 4 ROOM | 2018
Transactions: 199
Median resale price: SGD 550,000
Median price per sqft (PSF): SGD 526
Median floor area: 102 sqm
Median remaining lease: 69 years
CPF eligible transactions: 100%
"
hdb_bishan_4_room_2019,hdb,BISHAN,4 ROOM,2019,200,550000.0,513.0,"HDB Resale — BISHAN | 4 ROOM | 2019
Transactions: 200
Median resale price: SGD 550,000
Median price per sqft (PSF): SGD 513
Median floor area: 103 sqm
Median remaining lease: 69 years
CPF eligible transactions: 100%
"
hdb_bishan_4_room_2020,hdb,BISHAN,4 ROOM,2020,200,530000.0,507.5,"HDB Resale — BISHAN | 4 ROOM | 2020
Transactions: 200
Median resale price: SGD 530,000
Median price per sqft (PSF): SGD 508
Median floor area: 103 sqm
Median remaining lease: 68 years
CPF eligible transactions: 100%
"
hdb_bishan_4_room_2021,hdb,BISHAN,4 ROOM,2021,282,570000.0,542.5,"HDB Resale — BISHAN | 4 ROOM | 2021
Transactions: 282
Median resale price: SGD 570,000
Median price per sqft (PSF): SGD 542
Median floor area: 103 sqm
Median remaining lease: 67 years
CPF eligible transactions: 100%
"
hdb_bishan_4_room_2022,hdb,BISHAN,4 ROOM,2022,202,640000.0,597.0,"HDB Resale — BISHAN | 4 ROOM | 2022
Transactions: 202
Median resale price: SGD 640,000
Median price per sqft (PSF): SGD 597
Median floor area: 103 sqm
Median remaining lease: 66 years
CPF eligible transactions: 100%
"
hdb_bishan_4_room_2023,hdb,BISHAN,4 ROOM,2023,191,700000.0,657.0,"HDB Resale — BISHAN | 4 ROOM | 2023
Transactions: 191
Median resale price: SGD 700,000
Median price per sqft (PSF): SGD 657
Median floor area: 103 sqm
Median remaining lease: 67 years
CPF eligible transactions: 100%
"
hdb_bishan_4_room_2024,hdb,BISHAN,4 ROOM,2024,186,738944.0,709.0,"HDB Resale — BISHAN | 4 ROOM | 2024
Transactions: 186
Median resale price: SGD 738,944
Median price per sqft (PSF): SGD 709
Median floor area: 103 sqm
Median remaining lease: 64 years
CPF eligible transactions: 100%
"
hdb_bishan_4_room_2025,hdb,BISHAN,4 ROOM,2025,175,798000.0,741.0,"HDB Resale — BISHAN | 4 ROOM | 2025
Transactions: 175
Median resale price: SGD 798,000
Median price per sqft (PSF): SGD 741
Median floor area: 103 sqm
Median remaining lease: 63 years
CPF eligible transactions: 100%
"
hdb_bishan_4_room_2026,hdb,BISHAN,4 ROOM,2026,63,808000.0,730.0,"HDB Resale — BISHAN | 4 ROOM | 2026
Transactions: 63
Median resale price: SGD 808,000
Median price per sqft (PSF): SGD 730
Median floor area: 104 sqm
Median remaining lease: 65 years
CPF eligible transactions: 100%
"
hdb_bishan_5_room_2017,hdb,BISHAN,5 ROOM,2017,150,776500.0,576.0,"HDB Resale — BISHAN | 5 ROOM | 2017
Transactions: 150
Median resale price: SGD 776,500
Median price per sqft (PSF): SGD 576
Median floor area: 121 sqm
Median remaining lease: 71 years
CPF eligible transactions: 100%
"
hdb_bishan_5_room_2018,hdb,BISHAN,5 ROOM,2018,124,750000.0,560.0,"HDB Resale — BISHAN | 5 ROOM | 2018
Transactions: 124
Median resale price: SGD 750,000
Median price per sqft (PSF): SGD 560
Median floor area: 121 sqm
Median remaining lease: 69 years
CPF eligible transactions: 100%
"
hdb_bishan_5_room_2019,hdb,BISHAN,5 ROOM,2019,128,728444.0,550.5,"HDB Resale — BISHAN | 5 ROOM | 2019
Transactions: 128
Median resale price: SGD 728,444
Median price per sqft (PSF): SGD 550
Median floor area: 121 sqm
Median remaining lease: 67 years
CPF eligible transactions: 100%
"
hdb_bishan_5_room_2020,hdb,BISHAN,5 ROOM,2020,139,723000.0,542.0,"HDB Resale — BISHAN | 5 ROOM | 2020
Transactions: 139
Median resale price: SGD 723,000
Median price per sqft (PSF): SGD 542
Median floor area: 121 sqm
Median remaining lease: 66 years
CPF eligible transactions: 100%
"
hdb_bishan_5_room_2021,hdb,BISHAN,5 ROOM,2021,167,780000.0,578.0,"HDB Resale — BISHAN | 5 ROOM | 2021
Transactions: 167
Median resale price: SGD 780,000
Median price per sqft (PSF): SGD 578
Median floor area: 121 sqm
Median remaining lease: 66 years
CPF eligible transactions: 100%
"
hdb_bishan_5_room_2022,hdb,BISHAN,5 ROOM,2022,136,845000.0,632.5,"HDB Resale — BISHAN | 5 ROOM | 2022
Transactions: 136
Median resale price: SGD 845,000
Median price per sqft (PSF): SGD 632
Median floor area: 121 sqm
Median remaining lease: 64 years
CPF eligible transactions: 100%
"
hdb_bishan_5_room_2023,hdb,BISHAN,5 ROOM,2023,103,900000.0,679.0,"HDB Resale — BISHAN | 5 ROOM | 2023
Transactions: 103
Median resale price: SGD 900,000
Median price per sqft (PSF): SGD 679
Median floor area: 121 sqm
Median remaining lease: 64 years
CPF eligible transactions: 100%
"
hdb_bishan_5_room_2024,hdb,BISHAN,5 ROOM,2024,103,968000.0,729.0,"HDB Resale — BISHAN | 5 ROOM | 2024
Transactions: 103
Median resale price: SGD 968,000
Median price per sqft (PSF): SGD 729
Median floor area: 121 sqm
Median remaining lease: 63 years
CPF eligible transactions: 100%
"
hdb_bishan_5_room_2025,hdb,BISHAN,5 ROOM,2025,98,1008888.0,767.0,"HDB Resale — BISHAN | 5 ROOM | 2025
Transactions: 98
Median resale price: SGD 1,008,888
Median price per sqft (PSF): SGD 767
Median floor area: 121 sqm
Median remaining lease: 62 years
CPF eligible transactions: 100%
"
hdb_bishan_5_room_2026,hdb,BISHAN,5 ROOM,2026,31,950000.0,723.0,"HDB Resale — BISHAN | 5 ROOM | 2026
Transactions: 31
Median resale price: SGD 950,000
Median price per sqft (PSF): SGD 723
Median floor area: 121 sqm
Median remaining lease: 60 years
CPF eligible transactions: 100%
"
hdb_bukit_batok_3_room_2017,hdb,BUKIT BATOK,3 ROOM,2017,311,272000.0,370.0,"HDB Resale — BUKIT BATOK | 3 ROOM | 2017
Transactions: 311
Median resale price: SGD 272,000
Median price per sqft (PSF): SGD 370
Median floor area: 68 sqm
Median remaining lease: 67 years
CPF eligible transactions: 100%
"
hdb_bukit_batok_3_room_2018,hdb,BUKIT BATOK,3 ROOM,2018,306,262000.0,354.0,"HDB Resale — BUKIT BATOK | 3 ROOM | 2018
Transactions: 306
Median resale price: SGD 262,000
Median price per sqft (PSF): SGD 354
Median floor area: 68 sqm
Median remaining lease: 66 years
CPF eligible transactions: 100%
"
hdb_bukit_batok_3_room_2019,hdb,BUKIT BATOK,3 ROOM,2019,278,252000.0,341.0,"HDB Resale — BUKIT BATOK | 3 ROOM | 2019
Transactions: 278
Median resale price: SGD 252,000
Median price per sqft (PSF): SGD 341
Median floor area: 68 sqm
Median remaining lease: 65 years
CPF eligible transactions: 100%
"
hdb_bukit_batok_3_room_2020,hdb,BUKIT BATOK,3 ROOM,2020,182,262000.0,356.0,"HDB Resale — BUKIT BATOK | 3 ROOM | 2020
Transactions: 182
Median resale price: SGD 262,000
Median price per sqft (PSF): SGD 356
Median floor area: 68 sqm
Median remaining lease: 64 years
CPF eligible transactions: 100%
"
hdb_bukit_batok_3_room_2021,hdb,BUKIT BATOK,3 ROOM,2021,243,315000.0,430.0,"HDB Resale — BUKIT BATOK | 3 ROOM | 2021
Transactions: 243
Median resale price: SGD 315,000
Median price per sqft (PSF): SGD 430
Median floor area: 68 sqm
Median remaining lease: 63 years
CPF eligible transactions: 100%
"
hdb_bukit_batok_3_room_2022,hdb,BUKIT BATOK,3 ROOM,2022,274,350000.0,472.5,"HDB Resale — BUKIT BATOK | 3 ROOM | 2022
Transactions: 274
Median resale price: SGD 350,000
Median price per sqft (PSF): SGD 472
Median floor area: 68 sqm
Median remaining lease: 62 years
CPF eligible transactions: 100%
"
hdb_bukit_batok_3_room_2023,hdb,BUKIT BATOK,3 ROOM,2023,357,378000.0,517.0,"HDB Resale — BUKIT BATOK | 3 ROOM | 2023
Transactions: 357
Median resale price: SGD 378,000
Median price per sqft (PSF): SGD 517
Median floor area: 68 sqm
Median remaining lease: 63 years
CPF eligible transactions: 100%
"
hdb_bukit_batok_3_room_2024,hdb,BUKIT BATOK,3 ROOM,2024,410,398000.0,538.0,"HDB Resale — BUKIT BATOK | 3 ROOM | 2024
Transactions: 410
Median resale price: SGD 398,000
Median price per sqft (PSF): SGD 538
Median floor area: 68 sqm
Median remaining lease: 61 years
CPF eligible transactions: 100%
"
hdb_bukit_batok_3_room_2025,hdb,BUKIT BATOK,3 ROOM,2025,335,420000.0,566.0,"HDB Resale — BUKIT BATOK | 3 ROOM | 2025
Transactions: 335
Median resale price: SGD 420,000
Median price per sqft (PSF): SGD 566
Median floor area: 68 sqm
Median remaining lease: 60 years
CPF eligible transactions: 100%
"
hdb_bukit_batok_3_room_2026,hdb,BUKIT BATOK,3 ROOM,2026,109,415000.0,562.0,"HDB Resale — BUKIT BATOK | 3 ROOM | 2026
Transactions: 109
Median resale price: SGD 415,000
Median price per sqft (PSF): SGD 562
Median floor area: 68 sqm
Median remaining lease: 60 years
CPF eligible transactions: 100%
"
hdb_bukit_batok_4_room_2017,hdb,BUKIT BATOK,4 ROOM,2017,283,399888.0,374.0,"HDB Resale — BUKIT BATOK | 4 ROOM | 2017
Transactions: 283
Median resale price: SGD 399,888
Median price per sqft (PSF): SGD 374
Median floor area: 98 sqm
Median remaining lease: 68 years
CPF eligible transactions: 100%
"
hdb_bukit_batok_4_room_2018,hdb,BUKIT BATOK,4 ROOM,2018,321,380000.0,363.0,"HDB Resale — BUKIT BATOK | 4 ROOM | 2018
Transactions: 321
Median resale price: SGD 380,000
Median price per sqft (PSF): SGD 363
Median floor area: 96 sqm
Median remaining lease: 67 years
CPF eligible transactions: 100%
"
hdb_bukit_batok_4_room_2019,hdb,BUKIT BATOK,4 ROOM,2019,362,361500.0,341.0,"HDB Resale — BUKIT BATOK | 4 ROOM | 2019
Transactions: 362
Median resale price: SGD 361,500
Median price per sqft (PSF): SGD 341
Median floor area: 99 sqm
Median remaining lease: 66 years
CPF eligible transactions: 100%
"
hdb_bukit_batok_4_room_2020,hdb,BUKIT BATOK,4 ROOM,2020,276,360444.0,350.0,"HDB Resale — BUKIT BATOK | 4 ROOM | 2020
Transactions: 276
Median resale price: SGD 360,444
Median price per sqft (PSF): SGD 350
Median floor area: 96 sqm
Median remaining lease: 65 years
CPF eligible transactions: 100%
"
hdb_bukit_batok_4_room_2021,hdb,BUKIT BATOK,4 ROOM,2021,276,430000.0,408.5,"HDB Resale — BUKIT BATOK | 4 ROOM | 2021
Transactions: 276
Median resale price: SGD 430,000
Median price per sqft (PSF): SGD 408
Median floor area: 95 sqm
Median remaining lease: 64 years
CPF eligible transactions: 100%
"
hdb_bukit_batok_4_room_2022,hdb,BUKIT BATOK,4 ROOM,2022,352,495000.0,465.0,"HDB Resale — BUKIT BATOK | 4 ROOM | 2022
Transactions: 352
Median resale price: SGD 495,000
Median price per sqft (PSF): SGD 465
Median floor area: 93 sqm
Median remaining lease: 64 years
CPF eligible transactions: 100%
"
hdb_bukit_batok_4_room_2023,hdb,BUKIT BATOK,4 ROOM,2023,608,590000.0,589.0,"HDB Resale — BUKIT BATOK | 4 ROOM | 2023
Transactions: 608
Median resale price: SGD 590,000
Median price per sqft (PSF): SGD 589
Median floor area: 93 sqm
Median remaining lease: 94 years
CPF eligible transactions: 100%
"
hdb_bukit_batok_4_room_2024,hdb,BUKIT BATOK,4 ROOM,2024,755,598000.0,594.0,"HDB Resale — BUKIT BATOK | 4 ROOM | 2024
Transactions: 755
Median resale price: SGD 598,000
Median price per sqft (PSF): SGD 594
Median floor area: 93 sqm
Median remaining lease: 93 years
CPF eligible transactions: 100%
"
hdb_bukit_batok_4_room_2025,hdb,BUKIT BATOK,4 ROOM,2025,537,622000.0,617.0,"HDB Resale — BUKIT BATOK | 4 ROOM | 2025
Transactions: 537
Median resale price: SGD 622,000
Median price per sqft (PSF): SGD 617
Median floor area: 93 sqm
Median remaining lease: 91 years
CPF eligible transactions: 100%
"
hdb_bukit_batok_4_room_2026,hdb,BUKIT BATOK,4 ROOM,2026,183,650000.0,654.0,"HDB Resale — BUKIT BATOK | 4 ROOM | 2026
Transactions: 183
Median resale price: SGD 650,000
Median price per sqft (PSF): SGD 654
Median floor area: 93 sqm
Median remaining lease: 91 years
CPF eligible transactions: 100%
"
hdb_bukit_batok_5_room_2017,hdb,BUKIT BATOK,5 ROOM,2017,78,543500.0,414.0,"HDB Resale — BUKIT BATOK | 5 ROOM | 2017
Transactions: 78
Median resale price: SGD 543,500
Median price per sqft (PSF): SGD 414
Median floor area: 120 sqm
Median remaining lease: 79 years
CPF eligible transactions: 100%
"
hdb_bukit_batok_5_room_2018,hdb,BUKIT BATOK,5 ROOM,2018,127,520000.0,388.0,"HDB Resale — BUKIT BATOK | 5 ROOM | 2018
Transactions: 127
Median resale price: SGD 520,000
Median price per sqft (PSF): SGD 388
Median floor area: 121 sqm
Median remaining lease: 77 years
CPF eligible transactions: 100%
"
hdb_bukit_batok_5_room_2019,hdb,BUKIT BATOK,5 ROOM,2019,133,516000.0,392.0,"HDB Resale — BUKIT BATOK | 5 ROOM | 2019
Transactions: 133
Median resale price: SGD 516,000
Median price per sqft (PSF): SGD 392
Median floor area: 121 sqm
Median remaining lease: 76 years
CPF eligible transactions: 100%
"
hdb_bukit_batok_5_room_2020,hdb,BUKIT BATOK,5 ROOM,2020,119,530000.0,396.0,"HDB Resale — BUKIT BATOK | 5 ROOM | 2020
Transactions: 119
Median resale price: SGD 530,000
Median price per sqft (PSF): SGD 396
Median floor area: 121 sqm
Median remaining lease: 66 years
CPF eligible transactions: 100%
"
hdb_bukit_batok_5_room_2021,hdb,BUKIT BATOK,5 ROOM,2021,122,581000.0,445.0,"HDB Resale — BUKIT BATOK | 5 ROOM | 2021
Transactions: 122
Median resale price: SGD 581,000
Median price per sqft (PSF): SGD 445
Median floor area: 120 sqm
Median remaining lease: 75 years
CPF eligible transactions: 100%
"
hdb_bukit_batok_5_room_2022,hdb,BUKIT BATOK,5 ROOM,2022,150,689000.0,506.0,"HDB Resale — BUKIT BATOK | 5 ROOM | 2022
Transactions: 150
Median resale price: SGD 689,000
Median price per sqft (PSF): SGD 506
Median floor area: 120 sqm
Median remaining lease: 74 years
CPF eligible transactions: 100%
"
hdb_bukit_batok_5_room_2023,hdb,BUKIT BATOK,5 ROOM,2023,254,760000.0,624.0,"HDB Resale — BUKIT BATOK | 5 ROOM | 2023
Transactions: 254
Median resale price: SGD 760,000
Median price per sqft (PSF): SGD 624
Median floor area: 113 sqm
Median remaining lease: 94 years
CPF eligible transactions: 100%
"
hdb_bukit_batok_5_room_2024,hdb,BUKIT BATOK,5 ROOM,2024,299,758000.0,610.0,"HDB Resale — BUKIT BATOK | 5 ROOM | 2024
Transactions: 299
Median resale price: SGD 758,000
Median price per sqft (PSF): SGD 610
Median floor area: 113 sqm
Median remaining lease: 93 years
CPF eligible transactions: 100%
"
hdb_bukit_batok_5_room_2025,hdb,BUKIT BATOK,5 ROOM,2025,254,812500.0,663.0,"HDB Resale — BUKIT BATOK | 5 ROOM | 2025
Transactions: 254
Median resale price: SGD 812,500
Median price per sqft (PSF): SGD 663
Median floor area: 113 sqm
Median remaining lease: 92 years
CPF eligible transactions: 100%
"
hdb_bukit_batok_5_room_2026,hdb,BUKIT BATOK,5 ROOM,2026,99,825000.0,673.0,"HDB Resale — BUKIT BATOK | 5 ROOM | 2026
Transactions: 99
Median resale price: SGD 825,000
Median price per sqft (PSF): SGD 673
Median floor area: 113 sqm
Median remaining lease: 92 years
CPF eligible transactions: 100%
"
hdb_bukit_merah_3_room_2017,hdb,BUKIT MERAH,3 ROOM,2017,302,360000.0,499.5,"HDB Resale — BUKIT MERAH | 3 ROOM | 2017
Transactions: 302
Median resale price: SGD 360,000
Median price per sqft (PSF): SGD 500
Median floor area: 67 sqm
Median remaining lease: 58 years
CPF eligible transactions: 100%
"
hdb_bukit_merah_3_room_2018,hdb,BUKIT MERAH,3 ROOM,2018,280,340000.0,479.5,"HDB Resale — BUKIT MERAH | 3 ROOM | 2018
Transactions: 280
Median resale price: SGD 340,000
Median price per sqft (PSF): SGD 480
Median floor area: 65 sqm
Median remaining lease: 56 years
CPF eligible transactions: 100%
"
hdb_bukit_merah_3_room_2019,hdb,BUKIT MERAH,3 ROOM,2019,301,315000.0,446.0,"HDB Resale — BUKIT MERAH | 3 ROOM | 2019
Transactions: 301
Median resale price: SGD 315,000
Median price per sqft (PSF): SGD 446
Median floor area: 65 sqm
Median remaining lease: 55 years
CPF eligible transactions: 100%
"
hdb_bukit_merah_3_room_2020,hdb,BUKIT MERAH,3 ROOM,2020,281,320000.0,457.0,"HDB Resale — BUKIT MERAH | 3 ROOM | 2020
Transactions: 281
Median resale price: SGD 320,000
Median price per sqft (PSF): SGD 457
Median floor area: 65 sqm
Median remaining lease: 54 years
CPF eligible transactions: 100%
"
hdb_bukit_merah_3_room_2021,hdb,BUKIT MERAH,3 ROOM,2021,398,350000.0,496.0,"HDB Resale — BUKIT MERAH | 3 ROOM | 2021
Transactions: 398
Median resale price: SGD 350,000
Median price per sqft (PSF): SGD 496
Median floor area: 66 sqm
Median remaining lease: 53 years
CPF eligible transactions: 100%
"
hdb_bukit_merah_3_room_2022,hdb,BUKIT MERAH,3 ROOM,2022,328,380000.0,532.0,"HDB Resale — BUKIT MERAH | 3 ROOM | 2022
Transactions: 328
Median resale price: SGD 380,000
Median price per sqft (PSF): SGD 532
Median floor area: 65 sqm
Median remaining lease: 53 years
CPF eligible transactions: 100%
"
hdb_bukit_merah_3_room_2023,hdb,BUKIT MERAH,3 ROOM,2023,347,425000.0,579.0,"HDB Resale — BUKIT MERAH | 3 ROOM | 2023
Transactions: 347
Median resale price: SGD 425,000
Median price per sqft (PSF): SGD 579
Median floor area: 67 sqm
Median remaining lease: 54 years
CPF eligible transactions: 100%
"
hdb_bukit_merah_3_room_2024,hdb,BUKIT MERAH,3 ROOM,2024,366,415833.0,580.5,"HDB Resale — BUKIT MERAH | 3 ROOM | 2024
Transactions: 366
Median resale price: SGD 415,833
Median price per sqft (PSF): SGD 580
Median floor area: 67 sqm
Median remaining lease: 51 years
CPF eligible transactions: 100%
"
hdb_bukit_merah_3_room_2025,hdb,BUKIT MERAH,3 ROOM,2025,342,438000.0,611.5,"HDB Resale — BUKIT MERAH | 3 ROOM | 2025
Transactions: 342
Median resale price: SGD 438,000
Median price per sqft (PSF): SGD 612
Median floor area: 67 sqm
Median remaining lease: 51 years
CPF eligible transactions: 100%
"
hdb_bukit_merah_3_room_2026,hdb,BUKIT MERAH,3 ROOM,2026,111,430000.0,593.0,"HDB Resale — BUKIT MERAH | 3 ROOM | 2026
Transactions: 111
Median resale price: SGD 430,000
Median price per sqft (PSF): SGD 593
Median floor area: 67 sqm
Median remaining lease: 50 years
CPF eligible transactions: 100%
"
hdb_bukit_merah_4_room_2017,hdb,BUKIT MERAH,4 ROOM,2017,301,685000.0,674.0,"HDB Resale — BUKIT MERAH | 4 ROOM | 2017
Transactions: 301
Median resale price: SGD 685,000
Median price per sqft (PSF): SGD 674
Median floor area: 93 sqm
Median remaining lease: 84 years
CPF eligible transactions: 100%
"
hdb_bukit_merah_4_room_2018,hdb,BUKIT MERAH,4 ROOM,2018,340,660400.0,673.5,"HDB Resale — BUKIT MERAH | 4 ROOM | 2018
Transactions: 340
Median resale price: SGD 660,400
Median price per sqft (PSF): SGD 674
Median floor area: 92 sqm
Median remaining lease: 83 years
CPF eligible transactions: 100%
"
hdb_bukit_merah_4_room_2019,hdb,BUKIT MERAH,4 ROOM,2019,320,682500.0,681.5,"HDB Resale — BUKIT MERAH | 4 ROOM | 2019
Transactions: 320
Median resale price: SGD 682,500
Median price per sqft (PSF): SGD 682
Median floor area: 92 sqm
Median remaining lease: 82 years
CPF eligible transactions: 100%
"
hdb_bukit_merah_4_room_2020,hdb,BUKIT MERAH,4 ROOM,2020,268,675000.0,670.5,"HDB Resale — BUKIT MERAH | 4 ROOM | 2020
Transactions: 268
Median resale price: SGD 675,000
Median price per sqft (PSF): SGD 670
Median floor area: 92 sqm
Median remaining lease: 81 years
CPF eligible transactions: 100%
"
hdb_bukit_merah_4_room_2021,hdb,BUKIT MERAH,4 ROOM,2021,429,741000.0,754.0,"HDB Resale — BUKIT MERAH | 4 ROOM | 2021
Transactions: 429
Median resale price: SGD 741,000
Median price per sqft (PSF): SGD 754
Median floor area: 92 sqm
Median remaining lease: 81 years
CPF eligible transactions: 100%
"
hdb_bukit_merah_4_room_2022,hdb,BUKIT MERAH,4 ROOM,2022,350,750000.0,751.5,"HDB Resale — BUKIT MERAH | 4 ROOM | 2022
Transactions: 350
Median resale price: SGD 750,000
Median price per sqft (PSF): SGD 752
Median floor area: 92 sqm
Median remaining lease: 79 years
CPF eligible transactions: 100%
"
hdb_bukit_merah_4_room_2023,hdb,BUKIT MERAH,4 ROOM,2023,420,845750.0,841.0,"HDB Resale — BUKIT MERAH | 4 ROOM | 2023
Transactions: 420
Median resale price: SGD 845,750
Median price per sqft (PSF): SGD 841
Median floor area: 93 sqm
Median remaining lease: 81 years
CPF eligible transactions: 100%
"
hdb_bukit_merah_4_room_2024,hdb,BUKIT MERAH,4 ROOM,2024,423,900000.0,899.0,"HDB Resale — BUKIT MERAH | 4 ROOM | 2024
Transactions: 423
Median resale price: SGD 900,000
Median price per sqft (PSF): SGD 899
Median floor area: 93 sqm
Median remaining lease: 83 years
CPF eligible transactions: 100%
"
hdb_bukit_merah_4_room_2025,hdb,BUKIT MERAH,4 ROOM,2025,380,929000.0,939.0,"HDB Resale — BUKIT MERAH | 4 ROOM | 2025
Transactions: 380
Median resale price: SGD 929,000
Median price per sqft (PSF): SGD 939
Median floor area: 93 sqm
Median remaining lease: 79 years
CPF eligible transactions: 100%
"
hdb_bukit_merah_4_room_2026,hdb,BUKIT MERAH,4 ROOM,2026,124,929000.0,922.0,"HDB Resale — BUKIT MERAH | 4 ROOM | 2026
Transactions: 124
Median resale price: SGD 929,000
Median price per sqft (PSF): SGD 922
Median floor area: 93 sqm
Median remaining lease: 76 years
CPF eligible transactions: 100%
"
hdb_bukit_merah_5_room_2017,hdb,BUKIT MERAH,5 ROOM,2017,165,748000.0,581.0,"HDB Resale — BUKIT MERAH | 5 ROOM | 2017
Transactions: 165
Median resale price: SGD 748,000
Median price per sqft (PSF): SGD 581
Median floor area: 117 sqm
Median remaining lease: 80 years
CPF eligible transactions: 100%
"
hdb_bukit_merah_5_room_2018,hdb,BUKIT MERAH,5 ROOM,2018,199,788888.0,617.0,"HDB Resale — BUKIT MERAH | 5 ROOM | 2018
Transactions: 199
Median resale price: SGD 788,888
Median price per sqft (PSF): SGD 617
Median floor area: 115 sqm
Median remaining lease: 81 years
CPF eligible transactions: 100%
"
hdb_bukit_merah_5_room_2019,hdb,BUKIT MERAH,5 ROOM,2019,213,790000.0,609.0,"HDB Resale — BUKIT MERAH | 5 ROOM | 2019
Transactions: 213
Median resale price: SGD 790,000
Median price per sqft (PSF): SGD 609
Median floor area: 117 sqm
Median remaining lease: 79 years
CPF eligible transactions: 100%
"
hdb_bukit_merah_5_room_2020,hdb,BUKIT MERAH,5 ROOM,2020,196,750000.0,589.0,"HDB Resale — BUKIT MERAH | 5 ROOM | 2020
Transactions: 196
Median resale price: SGD 750,000
Median price per sqft (PSF): SGD 589
Median floor area: 117 sqm
Median remaining lease: 75 years
CPF eligible transactions: 100%
"
hdb_bukit_merah_5_room_2021,hdb,BUKIT MERAH,5 ROOM,2021,275,820000.0,633.0,"HDB Resale — BUKIT MERAH | 5 ROOM | 2021
Transactions: 275
Median resale price: SGD 820,000
Median price per sqft (PSF): SGD 633
Median floor area: 116 sqm
Median remaining lease: 77 years
CPF eligible transactions: 100%
"
hdb_bukit_merah_5_room_2022,hdb,BUKIT MERAH,5 ROOM,2022,230,870000.0,680.0,"HDB Resale — BUKIT MERAH | 5 ROOM | 2022
Transactions: 230
Median resale price: SGD 870,000
Median price per sqft (PSF): SGD 680
Median floor area: 117 sqm
Median remaining lease: 74 years
CPF eligible transactions: 100%
"
hdb_bukit_merah_5_room_2023,hdb,BUKIT MERAH,5 ROOM,2023,165,898000.0,708.0,"HDB Resale — BUKIT MERAH | 5 ROOM | 2023
Transactions: 165
Median resale price: SGD 898,000
Median price per sqft (PSF): SGD 708
Median floor area: 117 sqm
Median remaining lease: 73 years
CPF eligible transactions: 100%
"
hdb_bukit_merah_5_room_2024,hdb,BUKIT MERAH,5 ROOM,2024,183,970000.0,764.0,"HDB Resale — BUKIT MERAH | 5 ROOM | 2024
Transactions: 183
Median resale price: SGD 970,000
Median price per sqft (PSF): SGD 764
Median floor area: 117 sqm
Median remaining lease: 74 years
CPF eligible transactions: 100%
"
hdb_bukit_merah_5_room_2025,hdb,BUKIT MERAH,5 ROOM,2025,165,1090000.0,848.0,"HDB Resale — BUKIT MERAH | 5 ROOM | 2025
Transactions: 165
Median resale price: SGD 1,090,000
Median price per sqft (PSF): SGD 848
Median floor area: 115 sqm
Median remaining lease: 74 years
CPF eligible transactions: 100%
"
hdb_bukit_merah_5_room_2026,hdb,BUKIT MERAH,5 ROOM,2026,55,1080000.0,841.0,"HDB Resale — BUKIT MERAH | 5 ROOM | 2026
Transactions: 55
Median resale price: SGD 1,080,000
Median price per sqft (PSF): SGD 841
Median floor area: 115 sqm
Median remaining lease: 74 years
CPF eligible transactions: 100%
"
hdb_bukit_panjang_3_room_2017,hdb,BUKIT PANJANG,3 ROOM,2017,70,281000.0,363.0,"HDB Resale — BUKIT PANJANG | 3 ROOM | 2017
Transactions: 70
Median resale price: SGD 281,000
Median price per sqft (PSF): SGD 363
Median floor area: 73 sqm
Median remaining lease: 70 years
CPF eligible transactions: 100%
"
hdb_bukit_panjang_3_room_2018,hdb,BUKIT PANJANG,3 ROOM,2018,68,282000.0,359.0,"HDB Resale — BUKIT PANJANG | 3 ROOM | 2018
Transactions: 68
Median resale price: SGD 282,000
Median price per sqft (PSF): SGD 359
Median floor area: 73 sqm
Median remaining lease: 69 years
CPF eligible transactions: 100%
"
hdb_bukit_panjang_3_room_2019,hdb,BUKIT PANJANG,3 ROOM,2019,109,300000.0,408.0,"HDB Resale — BUKIT PANJANG | 3 ROOM | 2019
Transactions: 109
Median resale price: SGD 300,000
Median price per sqft (PSF): SGD 408
Median floor area: 68 sqm
Median remaining lease: 94 years
CPF eligible transactions: 100%
"
hdb_bukit_panjang_3_room_2020,hdb,BUKIT PANJANG,3 ROOM,2020,142,310000.0,425.5,"HDB Resale — BUKIT PANJANG | 3 ROOM | 2020
Transactions: 142
Median resale price: SGD 310,000
Median price per sqft (PSF): SGD 426
Median floor area: 68 sqm
Median remaining lease: 93 years
CPF eligible transactions: 100%
"
hdb_bukit_panjang_3_room_2021,hdb,BUKIT PANJANG,3 ROOM,2021,118,336500.0,448.5,"HDB Resale — BUKIT PANJANG | 3 ROOM | 2021
Transactions: 118
Median resale price: SGD 336,500
Median price per sqft (PSF): SGD 448
Median floor area: 68 sqm
Median remaining lease: 78 years
CPF eligible transactions: 100%
"
hdb_bukit_panjang_3_room_2022,hdb,BUKIT PANJANG,3 ROOM,2022,110,370000.0,480.0,"HDB Resale — BUKIT PANJANG | 3 ROOM | 2022
Transactions: 110
Median resale price: SGD 370,000
Median price per sqft (PSF): SGD 480
Median floor area: 73 sqm
Median remaining lease: 65 years
CPF eligible transactions: 100%
"
hdb_bukit_panjang_3_room_2023,hdb,BUKIT PANJANG,3 ROOM,2023,108,390500.0,519.0,"HDB Resale — BUKIT PANJANG | 3 ROOM | 2023
Transactions: 108
Median resale price: SGD 390,500
Median price per sqft (PSF): SGD 519
Median floor area: 73 sqm
Median remaining lease: 64 years
CPF eligible transactions: 100%
"
hdb_bukit_panjang_3_room_2024,hdb,BUKIT PANJANG,3 ROOM,2024,115,420000.0,536.0,"HDB Resale — BUKIT PANJANG | 3 ROOM | 2024
Transactions: 115
Median resale price: SGD 420,000
Median price per sqft (PSF): SGD 536
Median floor area: 73 sqm
Median remaining lease: 63 years
CPF eligible transactions: 100%
"
hdb_bukit_panjang_3_room_2025,hdb,BUKIT PANJANG,3 ROOM,2025,100,460000.0,609.0,"HDB Resale — BUKIT PANJANG | 3 ROOM | 2025
Transactions: 100
Median resale price: SGD 460,000
Median price per sqft (PSF): SGD 609
Median floor area: 68 sqm
Median remaining lease: 63 years
CPF eligible transactions: 100%
"
hdb_bukit_panjang_3_room_2026,hdb,BUKIT PANJANG,3 ROOM,2026,33,465000.0,608.0,"HDB Resale — BUKIT PANJANG | 3 ROOM | 2026
Transactions: 33
Median resale price: SGD 465,000
Median price per sqft (PSF): SGD 608
Median floor area: 68 sqm
Median remaining lease: 85 years
CPF eligible transactions: 100%
"
hdb_bukit_panjang_4_room_2017,hdb,BUKIT PANJANG,4 ROOM,2017,314,364000.0,353.5,"HDB Resale — BUKIT PANJANG | 4 ROOM | 2017
Transactions: 314
Median resale price: SGD 364,000
Median price per sqft (PSF): SGD 354
Median floor area: 94 sqm
Median remaining lease: 80 years
CPF eligible transactions: 100%
"
hdb_bukit_panjang_4_room_2018,hdb,BUKIT PANJANG,4 ROOM,2018,320,362500.0,351.5,"HDB Resale — BUKIT PANJANG | 4 ROOM | 2018
Transactions: 320
Median resale price: SGD 362,500
Median price per sqft (PSF): SGD 352
Median floor area: 93 sqm
Median remaining lease: 79 years
CPF eligible transactions: 100%
"
hdb_bukit_panjang_4_room_2019,hdb,BUKIT PANJANG,4 ROOM,2019,402,385000.0,382.0,"HDB Resale — BUKIT PANJANG | 4 ROOM | 2019
Transactions: 402
Median resale price: SGD 385,000
Median price per sqft (PSF): SGD 382
Median floor area: 93 sqm
Median remaining lease: 81 years
CPF eligible transactions: 100%
"
hdb_bukit_panjang_4_room_2020,hdb,BUKIT PANJANG,4 ROOM,2020,537,418000.0,419.0,"HDB Resale — BUKIT PANJANG | 4 ROOM | 2020
Transactions: 537
Median resale price: SGD 418,000
Median price per sqft (PSF): SGD 419
Median floor area: 93 sqm
Median remaining lease: 92 years
CPF eligible transactions: 100%
"
hdb_bukit_panjang_4_room_2021,hdb,BUKIT PANJANG,4 ROOM,2021,465,450000.0,442.0,"HDB Resale — BUKIT PANJANG | 4 ROOM | 2021
Transactions: 465
Median resale price: SGD 450,000
Median price per sqft (PSF): SGD 442
Median floor area: 93 sqm
Median remaining lease: 80 years
CPF eligible transactions: 100%
"
hdb_bukit_panjang_4_room_2022,hdb,BUKIT PANJANG,4 ROOM,2022,454,470000.0,465.0,"HDB Resale — BUKIT PANJANG | 4 ROOM | 2022
Transactions: 454
Median resale price: SGD 470,000
Median price per sqft (PSF): SGD 465
Median floor area: 93 sqm
Median remaining lease: 76 years
CPF eligible transactions: 100%
"
hdb_bukit_panjang_4_room_2023,hdb,BUKIT PANJANG,4 ROOM,2023,365,498000.0,487.0,"HDB Resale — BUKIT PANJANG | 4 ROOM | 2023
Transactions: 365
Median resale price: SGD 498,000
Median price per sqft (PSF): SGD 487
Median floor area: 93 sqm
Median remaining lease: 74 years
CPF eligible transactions: 100%
"
hdb_bukit_panjang_4_room_2024,hdb,BUKIT PANJANG,4 ROOM,2024,363,538000.0,524.0,"HDB Resale — BUKIT PANJANG | 4 ROOM | 2024
Transactions: 363
Median resale price: SGD 538,000
Median price per sqft (PSF): SGD 524
Median floor area: 93 sqm
Median remaining lease: 73 years
CPF eligible transactions: 100%
"
hdb_bukit_panjang_4_room_2025,hdb,BUKIT PANJANG,4 ROOM,2025,376,575000.0,569.5,"HDB Resale — BUKIT PANJANG | 4 ROOM | 2025
Transactions: 376
Median resale price: SGD 575,000
Median price per sqft (PSF): SGD 570
Median floor area: 93 sqm
Median remaining lease: 73 years
CPF eligible transactions: 100%
"
hdb_bukit_panjang_4_room_2026,hdb,BUKIT PANJANG,4 ROOM,2026,123,570000.0,569.0,"HDB Resale — BUKIT PANJANG | 4 ROOM | 2026
Transactions: 123
Median resale price: SGD 570,000
Median price per sqft (PSF): SGD 569
Median floor area: 93 sqm
Median remaining lease: 72 years
CPF eligible transactions: 100%
"
hdb_bukit_panjang_5_room_2017,hdb,BUKIT PANJANG,5 ROOM,2017,202,462944.0,380.0,"HDB Resale — BUKIT PANJANG | 5 ROOM | 2017
Transactions: 202
Median resale price: SGD 462,944
Median price per sqft (PSF): SGD 380
Median floor area: 120 sqm
Median remaining lease: 81 years
CPF eligible transactions: 100%
"
hdb_bukit_panjang_5_room_2018,hdb,BUKIT PANJANG,5 ROOM,2018,254,465000.0,372.0,"HDB Resale — BUKIT PANJANG | 5 ROOM | 2018
Transactions: 254
Median resale price: SGD 465,000
Median price per sqft (PSF): SGD 372
Median floor area: 116 sqm
Median remaining lease: 80 years
CPF eligible transactions: 100%
"
hdb_bukit_panjang_5_room_2019,hdb,BUKIT PANJANG,5 ROOM,2019,286,470000.0,386.5,"HDB Resale — BUKIT PANJANG | 5 ROOM | 2019
Transactions: 286
Median resale price: SGD 470,000
Median price per sqft (PSF): SGD 386
Median floor area: 113 sqm
Median remaining lease: 81 years
CPF eligible transactions: 100%
"
hdb_bukit_panjang_5_room_2020,hdb,BUKIT PANJANG,5 ROOM,2020,282,513000.0,422.0,"HDB Resale — BUKIT PANJANG | 5 ROOM | 2020
Transactions: 282
Median resale price: SGD 513,000
Median price per sqft (PSF): SGD 422
Median floor area: 113 sqm
Median remaining lease: 81 years
CPF eligible transactions: 100%
"
hdb_bukit_panjang_5_room_2021,hdb,BUKIT PANJANG,5 ROOM,2021,302,550000.0,444.0,"HDB Resale — BUKIT PANJANG | 5 ROOM | 2021
Transactions: 302
Median resale price: SGD 550,000
Median price per sqft (PSF): SGD 444
Median floor area: 113 sqm
Median remaining lease: 79 years
CPF eligible transactions: 100%
"
hdb_bukit_panjang_5_room_2022,hdb,BUKIT PANJANG,5 ROOM,2022,277,595000.0,476.0,"HDB Resale — BUKIT PANJANG | 5 ROOM | 2022
Transactions: 277
Median resale price: SGD 595,000
Median price per sqft (PSF): SGD 476
Median floor area: 113 sqm
Median remaining lease: 78 years
CPF eligible transactions: 100%
"
hdb_bukit_panjang_5_room_2023,hdb,BUKIT PANJANG,5 ROOM,2023,200,612500.0,484.0,"HDB Resale — BUKIT PANJANG | 5 ROOM | 2023
Transactions: 200
Median resale price: SGD 612,500
Median price per sqft (PSF): SGD 484
Median floor area: 120 sqm
Median remaining lease: 75 years
CPF eligible transactions: 100%
"
hdb_bukit_panjang_5_room_2024,hdb,BUKIT PANJANG,5 ROOM,2024,266,655000.0,530.0,"HDB Resale — BUKIT PANJANG | 5 ROOM | 2024
Transactions: 266
Median resale price: SGD 655,000
Median price per sqft (PSF): SGD 530
Median floor area: 120 sqm
Median remaining lease: 74 years
CPF eligible transactions: 100%
"
hdb_bukit_panjang_5_room_2025,hdb,BUKIT PANJANG,5 ROOM,2025,209,720000.0,587.0,"HDB Resale — BUKIT PANJANG | 5 ROOM | 2025
Transactions: 209
Median resale price: SGD 720,000
Median price per sqft (PSF): SGD 587
Median floor area: 113 sqm
Median remaining lease: 75 years
CPF eligible transactions: 100%
"
hdb_bukit_panjang_5_room_2026,hdb,BUKIT PANJANG,5 ROOM,2026,71,690000.0,558.0,"HDB Resale — BUKIT PANJANG | 5 ROOM | 2026
Transactions: 71
Median resale price: SGD 690,000
Median price per sqft (PSF): SGD 558
Median floor area: 119 sqm
Median remaining lease: 72 years
CPF eligible transactions: 100%
"
hdb_bukit_timah_3_room_2017,hdb,BUKIT TIMAH,3 ROOM,2017,12,412500.0,569.0,"HDB Resale — BUKIT TIMAH | 3 ROOM | 2017
Transactions: 12
Median resale price: SGD 412,500
Median price per sqft (PSF): SGD 569
Median floor area: 65 sqm
Median remaining lease: 57 years
CPF eligible transactions: 100%
"
hdb_bukit_timah_3_room_2018,hdb,BUKIT TIMAH,3 ROOM,2018,9,430000.0,554.0,"HDB Resale — BUKIT TIMAH | 3 ROOM | 2018
Transactions: 9
Median resale price: SGD 430,000
Median price per sqft (PSF): SGD 554
Median floor area: 73 sqm
Median remaining lease: 54 years
CPF eligible transactions: 100%
"
hdb_bukit_timah_3_room_2019,hdb,BUKIT TIMAH,3 ROOM,2019,9,432500.0,550.0,"HDB Resale — BUKIT TIMAH | 3 ROOM | 2019
Transactions: 9
Median resale price: SGD 432,500
Median price per sqft (PSF): SGD 550
Median floor area: 73 sqm
Median remaining lease: 53 years
CPF eligible transactions: 100%
"
hdb_bukit_timah_3_room_2020,hdb,BUKIT TIMAH,3 ROOM,2020,10,397500.0,534.5,"HDB Resale — BUKIT TIMAH | 3 ROOM | 2020
Transactions: 10
Median resale price: SGD 397,500
Median price per sqft (PSF): SGD 534
Median floor area: 65 sqm
Median remaining lease: 54 years
CPF eligible transactions: 100%
"
hdb_bukit_timah_3_room_2021,hdb,BUKIT TIMAH,3 ROOM,2021,12,415000.0,543.5,"HDB Resale — BUKIT TIMAH | 3 ROOM | 2021
Transactions: 12
Median resale price: SGD 415,000
Median price per sqft (PSF): SGD 544
Median floor area: 73 sqm
Median remaining lease: 52 years
CPF eligible transactions: 100%
"
hdb_bukit_timah_3_room_2022,hdb,BUKIT TIMAH,3 ROOM,2022,12,447500.0,572.0,"HDB Resale — BUKIT TIMAH | 3 ROOM | 2022
Transactions: 12
Median resale price: SGD 447,500
Median price per sqft (PSF): SGD 572
Median floor area: 73 sqm
Median remaining lease: 52 years
CPF eligible transactions: 100%
"
hdb_bukit_timah_3_room_2023,hdb,BUKIT TIMAH,3 ROOM,2023,9,450000.0,592.0,"HDB Resale — BUKIT TIMAH | 3 ROOM | 2023
Transactions: 9
Median resale price: SGD 450,000
Median price per sqft (PSF): SGD 592
Median floor area: 73 sqm
Median remaining lease: 50 years
CPF eligible transactions: 100%
"
hdb_bukit_timah_3_room_2024,hdb,BUKIT TIMAH,3 ROOM,2024,12,482500.0,623.5,"HDB Resale — BUKIT TIMAH | 3 ROOM | 2024
Transactions: 12
Median resale price: SGD 482,500
Median price per sqft (PSF): SGD 624
Median floor area: 74 sqm
Median remaining lease: 49 years
CPF eligible transactions: 100%
"
hdb_bukit_timah_3_room_2025,hdb,BUKIT TIMAH,3 ROOM,2025,9,500000.0,713.0,"HDB Resale — BUKIT TIMAH | 3 ROOM | 2025
Transactions: 9
Median resale price: SGD 500,000
Median price per sqft (PSF): SGD 713
Median floor area: 65 sqm
Median remaining lease: 49 years
CPF eligible transactions: 100%
"
hdb_bukit_timah_3_room_2026,hdb,BUKIT TIMAH,3 ROOM,2026,4,467500.0,651.0,"HDB Resale — BUKIT TIMAH | 3 ROOM | 2026
Transactions: 4
Median resale price: SGD 467,500
Median price per sqft (PSF): SGD 651
Median floor area: 69 sqm
Median remaining lease: 47 years
CPF eligible transactions: 100%
"
hdb_bukit_timah_4_room_2017,hdb,BUKIT TIMAH,4 ROOM,2017,21,670000.0,607.0,"HDB Resale — BUKIT TIMAH | 4 ROOM | 2017
Transactions: 21
Median resale price: SGD 670,000
Median price per sqft (PSF): SGD 607
Median floor area: 104 sqm
Median remaining lease: 70 years
CPF eligible transactions: 100%
"
hdb_bukit_timah_4_room_2018,hdb,BUKIT TIMAH,4 ROOM,2018,20,644000.0,602.5,"HDB Resale — BUKIT TIMAH | 4 ROOM | 2018
Transactions: 20
Median resale price: SGD 644,000
Median price per sqft (PSF): SGD 602
Median floor area: 104 sqm
Median remaining lease: 69 years
CPF eligible transactions: 100%
"
hdb_bukit_timah_4_room_2019,hdb,BUKIT TIMAH,4 ROOM,2019,27,665000.0,594.0,"HDB Resale — BUKIT TIMAH | 4 ROOM | 2019
Transactions: 27
Median resale price: SGD 665,000
Median price per sqft (PSF): SGD 594
Median floor area: 104 sqm
Median remaining lease: 68 years
CPF eligible transactions: 100%
"
hdb_bukit_timah_4_room_2020,hdb,BUKIT TIMAH,4 ROOM,2020,16,622500.0,570.5,"HDB Resale — BUKIT TIMAH | 4 ROOM | 2020
Transactions: 16
Median resale price: SGD 622,500
Median price per sqft (PSF): SGD 570
Median floor area: 104 sqm
Median remaining lease: 67 years
CPF eligible transactions: 100%
"
hdb_bukit_timah_4_room_2021,hdb,BUKIT TIMAH,4 ROOM,2021,32,637500.0,581.0,"HDB Resale — BUKIT TIMAH | 4 ROOM | 2021
Transactions: 32
Median resale price: SGD 637,500
Median price per sqft (PSF): SGD 581
Median floor area: 104 sqm
Median remaining lease: 66 years
CPF eligible transactions: 100%
"
hdb_bukit_timah_4_room_2022,hdb,BUKIT TIMAH,4 ROOM,2022,28,618444.0,621.0,"HDB Resale — BUKIT TIMAH | 4 ROOM | 2022
Transactions: 28
Median resale price: SGD 618,444
Median price per sqft (PSF): SGD 621
Median floor area: 91 sqm
Median remaining lease: 51 years
CPF eligible transactions: 100%
"
hdb_bukit_timah_4_room_2023,hdb,BUKIT TIMAH,4 ROOM,2023,16,775000.0,712.5,"HDB Resale — BUKIT TIMAH | 4 ROOM | 2023
Transactions: 16
Median resale price: SGD 775,000
Median price per sqft (PSF): SGD 712
Median floor area: 104 sqm
Median remaining lease: 64 years
CPF eligible transactions: 100%
"
hdb_bukit_timah_4_room_2024,hdb,BUKIT TIMAH,4 ROOM,2024,22,704000.0,706.0,"HDB Resale — BUKIT TIMAH | 4 ROOM | 2024
Transactions: 22
Median resale price: SGD 704,000
Median price per sqft (PSF): SGD 706
Median floor area: 98 sqm
Median remaining lease: 56 years
CPF eligible transactions: 100%
"
hdb_bukit_timah_4_room_2025,hdb,BUKIT TIMAH,4 ROOM,2025,16,920171.0,822.0,"HDB Resale — BUKIT TIMAH | 4 ROOM | 2025
Transactions: 16
Median resale price: SGD 920,171
Median price per sqft (PSF): SGD 822
Median floor area: 104 sqm
Median remaining lease: 62 years
CPF eligible transactions: 100%
"
hdb_bukit_timah_4_room_2026,hdb,BUKIT TIMAH,4 ROOM,2026,5,963000.0,860.0,"HDB Resale — BUKIT TIMAH | 4 ROOM | 2026
Transactions: 5
Median resale price: SGD 963,000
Median price per sqft (PSF): SGD 860
Median floor area: 104 sqm
Median remaining lease: 61 years
CPF eligible transactions: 100%
"
hdb_bukit_timah_5_room_2017,hdb,BUKIT TIMAH,5 ROOM,2017,11,813000.0,619.0,"HDB Resale — BUKIT TIMAH | 5 ROOM | 2017
Transactions: 11
Median resale price: SGD 813,000
Median price per sqft (PSF): SGD 619
Median floor area: 122 sqm
Median remaining lease: 70 years
CPF eligible transactions: 100%
"
hdb_bukit_timah_5_room_2018,hdb,BUKIT TIMAH,5 ROOM,2018,17,818000.0,623.0,"HDB Resale — BUKIT TIMAH | 5 ROOM | 2018
Transactions: 17
Median resale price: SGD 818,000
Median price per sqft (PSF): SGD 623
Median floor area: 122 sqm
Median remaining lease: 69 years
CPF eligible transactions: 100%
"
hdb_bukit_timah_5_room_2019,hdb,BUKIT TIMAH,5 ROOM,2019,18,811500.0,618.0,"HDB Resale — BUKIT TIMAH | 5 ROOM | 2019
Transactions: 18
Median resale price: SGD 811,500
Median price per sqft (PSF): SGD 618
Median floor area: 122 sqm
Median remaining lease: 68 years
CPF eligible transactions: 100%
"
hdb_bukit_timah_5_room_2020,hdb,BUKIT TIMAH,5 ROOM,2020,12,855000.0,638.0,"HDB Resale — BUKIT TIMAH | 5 ROOM | 2020
Transactions: 12
Median resale price: SGD 855,000
Median price per sqft (PSF): SGD 638
Median floor area: 122 sqm
Median remaining lease: 67 years
CPF eligible transactions: 100%
"
hdb_bukit_timah_5_room_2021,hdb,BUKIT TIMAH,5 ROOM,2021,17,862888.0,657.0,"HDB Resale — BUKIT TIMAH | 5 ROOM | 2021
Transactions: 17
Median resale price: SGD 862,888
Median price per sqft (PSF): SGD 657
Median floor area: 122 sqm
Median remaining lease: 66 years
CPF eligible transactions: 100%
"
hdb_bukit_timah_5_room_2022,hdb,BUKIT TIMAH,5 ROOM,2022,11,900000.0,684.0,"HDB Resale — BUKIT TIMAH | 5 ROOM | 2022
Transactions: 11
Median resale price: SGD 900,000
Median price per sqft (PSF): SGD 684
Median floor area: 122 sqm
Median remaining lease: 65 years
CPF eligible transactions: 100%
"
hdb_bukit_timah_5_room_2023,hdb,BUKIT TIMAH,5 ROOM,2023,11,1050000.0,762.0,"HDB Resale — BUKIT TIMAH | 5 ROOM | 2023
Transactions: 11
Median resale price: SGD 1,050,000
Median price per sqft (PSF): SGD 762
Median floor area: 127 sqm
Median remaining lease: 64 years
CPF eligible transactions: 100%
"
hdb_bukit_timah_5_room_2024,hdb,BUKIT TIMAH,5 ROOM,2024,16,1092500.0,799.0,"HDB Resale — BUKIT TIMAH | 5 ROOM | 2024
Transactions: 16
Median resale price: SGD 1,092,500
Median price per sqft (PSF): SGD 799
Median floor area: 122 sqm
Median remaining lease: 63 years
CPF eligible transactions: 100%
"
hdb_bukit_timah_5_room_2025,hdb,BUKIT TIMAH,5 ROOM,2025,18,1184444.0,891.5,"HDB Resale — BUKIT TIMAH | 5 ROOM | 2025
Transactions: 18
Median resale price: SGD 1,184,444
Median price per sqft (PSF): SGD 892
Median floor area: 122 sqm
Median remaining lease: 62 years
CPF eligible transactions: 100%
"
hdb_bukit_timah_5_room_2026,hdb,BUKIT TIMAH,5 ROOM,2026,7,1115000.0,849.0,"HDB Resale — BUKIT TIMAH | 5 ROOM | 2026
Transactions: 7
Median resale price: SGD 1,115,000
Median price per sqft (PSF): SGD 849
Median floor area: 122 sqm
Median remaining lease: 62 years
CPF eligible transactions: 100%
"
hdb_central_area_3_room_2017,hdb,CENTRAL AREA,3 ROOM,2017,71,410000.0,589.0,"HDB Resale — CENTRAL AREA | 3 ROOM | 2017
Transactions: 71
Median resale price: SGD 410,000
Median price per sqft (PSF): SGD 589
Median floor area: 65 sqm
Median remaining lease: 59 years
CPF eligible transactions: 100%
"
hdb_central_area_3_room_2018,hdb,CENTRAL AREA,3 ROOM,2018,72,391944.0,600.5,"HDB Resale — CENTRAL AREA | 3 ROOM | 2018
Transactions: 72
Median resale price: SGD 391,944
Median price per sqft (PSF): SGD 600
Median floor area: 65 sqm
Median remaining lease: 58 years
CPF eligible transactions: 100%
"
hdb_central_area_3_room_2019,hdb,CENTRAL AREA,3 ROOM,2019,72,409000.0,615.5,"HDB Resale — CENTRAL AREA | 3 ROOM | 2019
Transactions: 72
Median resale price: SGD 409,000
Median price per sqft (PSF): SGD 616
Median floor area: 60 sqm
Median remaining lease: 56 years
CPF eligible transactions: 100%
"
hdb_central_area_3_room_2020,hdb,CENTRAL AREA,3 ROOM,2020,67,408888.0,582.0,"HDB Resale — CENTRAL AREA | 3 ROOM | 2020
Transactions: 67
Median resale price: SGD 408,888
Median price per sqft (PSF): SGD 582
Median floor area: 65 sqm
Median remaining lease: 56 years
CPF eligible transactions: 100%
"
hdb_central_area_3_room_2021,hdb,CENTRAL AREA,3 ROOM,2021,89,432000.0,602.0,"HDB Resale — CENTRAL AREA | 3 ROOM | 2021
Transactions: 89
Median resale price: SGD 432,000
Median price per sqft (PSF): SGD 602
Median floor area: 65 sqm
Median remaining lease: 55 years
CPF eligible transactions: 100%
"
hdb_central_area_3_room_2022,hdb,CENTRAL AREA,3 ROOM,2022,83,443000.0,617.0,"HDB Resale — CENTRAL AREA | 3 ROOM | 2022
Transactions: 83
Median resale price: SGD 443,000
Median price per sqft (PSF): SGD 617
Median floor area: 65 sqm
Median remaining lease: 54 years
CPF eligible transactions: 100%
"
hdb_central_area_3_room_2023,hdb,CENTRAL AREA,3 ROOM,2023,90,462000.0,669.0,"HDB Resale — CENTRAL AREA | 3 ROOM | 2023
Transactions: 90
Median resale price: SGD 462,000
Median price per sqft (PSF): SGD 669
Median floor area: 65 sqm
Median remaining lease: 53 years
CPF eligible transactions: 100%
"
hdb_central_area_3_room_2024,hdb,CENTRAL AREA,3 ROOM,2024,80,499444.0,713.0,"HDB Resale — CENTRAL AREA | 3 ROOM | 2024
Transactions: 80
Median resale price: SGD 499,444
Median price per sqft (PSF): SGD 713
Median floor area: 60 sqm
Median remaining lease: 52 years
CPF eligible transactions: 100%
"
hdb_central_area_3_room_2025,hdb,CENTRAL AREA,3 ROOM,2025,72,535000.0,776.5,"HDB Resale — CENTRAL AREA | 3 ROOM | 2025
Transactions: 72
Median resale price: SGD 535,000
Median price per sqft (PSF): SGD 776
Median floor area: 60 sqm
Median remaining lease: 51 years
CPF eligible transactions: 100%
"
hdb_central_area_3_room_2026,hdb,CENTRAL AREA,3 ROOM,2026,22,523444.0,798.0,"HDB Resale — CENTRAL AREA | 3 ROOM | 2026
Transactions: 22
Median resale price: SGD 523,444
Median price per sqft (PSF): SGD 798
Median floor area: 62 sqm
Median remaining lease: 51 years
CPF eligible transactions: 100%
"
hdb_central_area_4_room_2017,hdb,CENTRAL AREA,4 ROOM,2017,70,815000.0,799.0,"HDB Resale — CENTRAL AREA | 4 ROOM | 2017
Transactions: 70
Median resale price: SGD 815,000
Median price per sqft (PSF): SGD 799
Median floor area: 93 sqm
Median remaining lease: 92 years
CPF eligible transactions: 100%
"
hdb_central_area_4_room_2018,hdb,CENTRAL AREA,4 ROOM,2018,68,850000.0,831.5,"HDB Resale — CENTRAL AREA | 4 ROOM | 2018
Transactions: 68
Median resale price: SGD 850,000
Median price per sqft (PSF): SGD 832
Median floor area: 93 sqm
Median remaining lease: 91 years
CPF eligible transactions: 100%
"
hdb_central_area_4_room_2019,hdb,CENTRAL AREA,4 ROOM,2019,83,670000.0,753.0,"HDB Resale — CENTRAL AREA | 4 ROOM | 2019
Transactions: 83
Median resale price: SGD 670,000
Median price per sqft (PSF): SGD 753
Median floor area: 93 sqm
Median remaining lease: 82 years
CPF eligible transactions: 100%
"
hdb_central_area_4_room_2020,hdb,CENTRAL AREA,4 ROOM,2020,64,630000.0,707.0,"HDB Resale — CENTRAL AREA | 4 ROOM | 2020
Transactions: 64
Median resale price: SGD 630,000
Median price per sqft (PSF): SGD 707
Median floor area: 93 sqm
Median remaining lease: 64 years
CPF eligible transactions: 100%
"
hdb_central_area_4_room_2021,hdb,CENTRAL AREA,4 ROOM,2021,103,940000.0,919.0,"HDB Resale — CENTRAL AREA | 4 ROOM | 2021
Transactions: 103
Median resale price: SGD 940,000
Median price per sqft (PSF): SGD 919
Median floor area: 94 sqm
Median remaining lease: 88 years
CPF eligible transactions: 100%
"
hdb_central_area_4_room_2022,hdb,CENTRAL AREA,4 ROOM,2022,84,876044.0,877.5,"HDB Resale — CENTRAL AREA | 4 ROOM | 2022
Transactions: 84
Median resale price: SGD 876,044
Median price per sqft (PSF): SGD 878
Median floor area: 93 sqm
Median remaining lease: 83 years
CPF eligible transactions: 100%
"
hdb_central_area_4_room_2023,hdb,CENTRAL AREA,4 ROOM,2023,76,812500.0,914.5,"HDB Resale — CENTRAL AREA | 4 ROOM | 2023
Transactions: 76
Median resale price: SGD 812,500
Median price per sqft (PSF): SGD 914
Median floor area: 93 sqm
Median remaining lease: 78 years
CPF eligible transactions: 100%
"
hdb_central_area_4_room_2024,hdb,CENTRAL AREA,4 ROOM,2024,67,788888.0,872.0,"HDB Resale — CENTRAL AREA | 4 ROOM | 2024
Transactions: 67
Median resale price: SGD 788,888
Median price per sqft (PSF): SGD 872
Median floor area: 93 sqm
Median remaining lease: 77 years
CPF eligible transactions: 100%
"
hdb_central_area_4_room_2025,hdb,CENTRAL AREA,4 ROOM,2025,68,1245000.0,1217.5,"HDB Resale — CENTRAL AREA | 4 ROOM | 2025
Transactions: 68
Median resale price: SGD 1,245,000
Median price per sqft (PSF): SGD 1,218
Median floor area: 93 sqm
Median remaining lease: 84 years
CPF eligible transactions: 100%
"
hdb_central_area_4_room_2026,hdb,CENTRAL AREA,4 ROOM,2026,27,843000.0,927.0,"HDB Resale — CENTRAL AREA | 4 ROOM | 2026
Transactions: 27
Median resale price: SGD 843,000
Median price per sqft (PSF): SGD 927
Median floor area: 94 sqm
Median remaining lease: 58 years
CPF eligible transactions: 100%
"
hdb_central_area_5_room_2017,hdb,CENTRAL AREA,5 ROOM,2017,27,960000.0,834.0,"HDB Resale — CENTRAL AREA | 5 ROOM | 2017
Transactions: 27
Median resale price: SGD 960,000
Median price per sqft (PSF): SGD 834
Median floor area: 107 sqm
Median remaining lease: 92 years
CPF eligible transactions: 100%
"
hdb_central_area_5_room_2018,hdb,CENTRAL AREA,5 ROOM,2018,29,978000.0,856.0,"HDB Resale — CENTRAL AREA | 5 ROOM | 2018
Transactions: 29
Median resale price: SGD 978,000
Median price per sqft (PSF): SGD 856
Median floor area: 106 sqm
Median remaining lease: 91 years
CPF eligible transactions: 100%
"
hdb_central_area_5_room_2019,hdb,CENTRAL AREA,5 ROOM,2019,23,1000000.0,885.0,"HDB Resale — CENTRAL AREA | 5 ROOM | 2019
Transactions: 23
Median resale price: SGD 1,000,000
Median price per sqft (PSF): SGD 885
Median floor area: 106 sqm
Median remaining lease: 90 years
CPF eligible transactions: 100%
"
hdb_central_area_5_room_2020,hdb,CENTRAL AREA,5 ROOM,2020,28,1009000.0,876.0,"HDB Resale — CENTRAL AREA | 5 ROOM | 2020
Transactions: 28
Median resale price: SGD 1,009,000
Median price per sqft (PSF): SGD 876
Median floor area: 105 sqm
Median remaining lease: 89 years
CPF eligible transactions: 100%
"
hdb_central_area_5_room_2021,hdb,CENTRAL AREA,5 ROOM,2021,55,1052000.0,928.0,"HDB Resale — CENTRAL AREA | 5 ROOM | 2021
Transactions: 55
Median resale price: SGD 1,052,000
Median price per sqft (PSF): SGD 928
Median floor area: 106 sqm
Median remaining lease: 88 years
CPF eligible transactions: 100%
"
hdb_central_area_5_room_2022,hdb,CENTRAL AREA,5 ROOM,2022,29,1170000.0,1035.0,"HDB Resale — CENTRAL AREA | 5 ROOM | 2022
Transactions: 29
Median resale price: SGD 1,170,000
Median price per sqft (PSF): SGD 1,035
Median floor area: 106 sqm
Median remaining lease: 87 years
CPF eligible transactions: 100%
"
hdb_central_area_5_room_2023,hdb,CENTRAL AREA,5 ROOM,2023,16,1339000.0,1179.0,"HDB Resale — CENTRAL AREA | 5 ROOM | 2023
Transactions: 16
Median resale price: SGD 1,339,000
Median price per sqft (PSF): SGD 1,179
Median floor area: 106 sqm
Median remaining lease: 86 years
CPF eligible transactions: 100%
"
hdb_central_area_5_room_2024,hdb,CENTRAL AREA,5 ROOM,2024,24,1410000.0,1232.0,"HDB Resale — CENTRAL AREA | 5 ROOM | 2024
Transactions: 24
Median resale price: SGD 1,410,000
Median price per sqft (PSF): SGD 1,232
Median floor area: 106 sqm
Median remaining lease: 85 years
CPF eligible transactions: 100%
"
hdb_central_area_5_room_2025,hdb,CENTRAL AREA,5 ROOM,2025,20,1483500.0,1294.5,"HDB Resale — CENTRAL AREA | 5 ROOM | 2025
Transactions: 20
Median resale price: SGD 1,483,500
Median price per sqft (PSF): SGD 1,294
Median floor area: 106 sqm
Median remaining lease: 84 years
CPF eligible transactions: 100%
"
hdb_central_area_5_room_2026,hdb,CENTRAL AREA,5 ROOM,2026,6,1160000.0,1014.0,"HDB Resale — CENTRAL AREA | 5 ROOM | 2026
Transactions: 6
Median resale price: SGD 1,160,000
Median price per sqft (PSF): SGD 1,014
Median floor area: 106 sqm
Median remaining lease: 80 years
CPF eligible transactions: 100%
"
hdb_choa_chu_kang_3_room_2017,hdb,CHOA CHU KANG,3 ROOM,2017,56,273000.0,352.0,"HDB Resale — CHOA CHU KANG | 3 ROOM | 2017
Transactions: 56
Median resale price: SGD 273,000
Median price per sqft (PSF): SGD 352
Median floor area: 73 sqm
Median remaining lease: 66 years
CPF eligible transactions: 100%
"
hdb_choa_chu_kang_3_room_2018,hdb,CHOA CHU KANG,3 ROOM,2018,55,273000.0,350.0,"HDB Resale — CHOA CHU KANG | 3 ROOM | 2018
Transactions: 55
Median resale price: SGD 273,000
Median price per sqft (PSF): SGD 350
Median floor area: 68 sqm
Median remaining lease: 69 years
CPF eligible transactions: 100%
"
hdb_choa_chu_kang_3_room_2019,hdb,CHOA CHU KANG,3 ROOM,2019,48,282500.0,366.0,"HDB Resale — CHOA CHU KANG | 3 ROOM | 2019
Transactions: 48
Median resale price: SGD 282,500
Median price per sqft (PSF): SGD 366
Median floor area: 68 sqm
Median remaining lease: 69 years
CPF eligible transactions: 100%
"
hdb_choa_chu_kang_3_room_2020,hdb,CHOA CHU KANG,3 ROOM,2020,62,312500.0,430.0,"HDB Resale — CHOA CHU KANG | 3 ROOM | 2020
Transactions: 62
Median resale price: SGD 312,500
Median price per sqft (PSF): SGD 430
Median floor area: 68 sqm
Median remaining lease: 93 years
CPF eligible transactions: 100%
"
hdb_choa_chu_kang_3_room_2021,hdb,CHOA CHU KANG,3 ROOM,2021,111,365000.0,499.0,"HDB Resale — CHOA CHU KANG | 3 ROOM | 2021
Transactions: 111
Median resale price: SGD 365,000
Median price per sqft (PSF): SGD 499
Median floor area: 68 sqm
Median remaining lease: 94 years
CPF eligible transactions: 100%
"
hdb_choa_chu_kang_3_room_2022,hdb,CHOA CHU KANG,3 ROOM,2022,95,392000.0,538.0,"HDB Resale — CHOA CHU KANG | 3 ROOM | 2022
Transactions: 95
Median resale price: SGD 392,000
Median price per sqft (PSF): SGD 538
Median floor area: 68 sqm
Median remaining lease: 91 years
CPF eligible transactions: 100%
"
hdb_choa_chu_kang_3_room_2023,hdb,CHOA CHU KANG,3 ROOM,2023,67,402500.0,557.0,"HDB Resale — CHOA CHU KANG | 3 ROOM | 2023
Transactions: 67
Median resale price: SGD 402,500
Median price per sqft (PSF): SGD 557
Median floor area: 68 sqm
Median remaining lease: 90 years
CPF eligible transactions: 100%
"
hdb_choa_chu_kang_3_room_2024,hdb,CHOA CHU KANG,3 ROOM,2024,84,420000.0,554.5,"HDB Resale — CHOA CHU KANG | 3 ROOM | 2024
Transactions: 84
Median resale price: SGD 420,000
Median price per sqft (PSF): SGD 554
Median floor area: 68 sqm
Median remaining lease: 75 years
CPF eligible transactions: 100%
"
hdb_choa_chu_kang_3_room_2025,hdb,CHOA CHU KANG,3 ROOM,2025,60,480000.0,659.5,"HDB Resale — CHOA CHU KANG | 3 ROOM | 2025
Transactions: 60
Median resale price: SGD 480,000
Median price per sqft (PSF): SGD 660
Median floor area: 68 sqm
Median remaining lease: 89 years
CPF eligible transactions: 100%
"
hdb_choa_chu_kang_3_room_2026,hdb,CHOA CHU KANG,3 ROOM,2026,28,459000.0,628.5,"HDB Resale — CHOA CHU KANG | 3 ROOM | 2026
Transactions: 28
Median resale price: SGD 459,000
Median price per sqft (PSF): SGD 628
Median floor area: 67 sqm
Median remaining lease: 88 years
CPF eligible transactions: 100%
"
hdb_choa_chu_kang_4_room_2017,hdb,CHOA CHU KANG,4 ROOM,2017,382,344500.0,314.5,"HDB Resale — CHOA CHU KANG | 4 ROOM | 2017
Transactions: 382
Median resale price: SGD 344,500
Median price per sqft (PSF): SGD 314
Median floor area: 104 sqm
Median remaining lease: 78 years
CPF eligible transactions: 100%
"
hdb_choa_chu_kang_4_room_2018,hdb,CHOA CHU KANG,4 ROOM,2018,444,335000.0,308.5,"HDB Resale — CHOA CHU KANG | 4 ROOM | 2018
Transactions: 444
Median resale price: SGD 335,000
Median price per sqft (PSF): SGD 308
Median floor area: 104 sqm
Median remaining lease: 77 years
CPF eligible transactions: 100%
"
hdb_choa_chu_kang_4_room_2019,hdb,CHOA CHU KANG,4 ROOM,2019,421,335000.0,307.0,"HDB Resale — CHOA CHU KANG | 4 ROOM | 2019
Transactions: 421
Median resale price: SGD 335,000
Median price per sqft (PSF): SGD 307
Median floor area: 104 sqm
Median remaining lease: 76 years
CPF eligible transactions: 100%
"
hdb_choa_chu_kang_4_room_2020,hdb,CHOA CHU KANG,4 ROOM,2020,413,360000.0,329.0,"HDB Resale — CHOA CHU KANG | 4 ROOM | 2020
Transactions: 413
Median resale price: SGD 360,000
Median price per sqft (PSF): SGD 329
Median floor area: 101 sqm
Median remaining lease: 77 years
CPF eligible transactions: 100%
"
hdb_choa_chu_kang_4_room_2021,hdb,CHOA CHU KANG,4 ROOM,2021,712,455000.0,444.5,"HDB Resale — CHOA CHU KANG | 4 ROOM | 2021
Transactions: 712
Median resale price: SGD 455,000
Median price per sqft (PSF): SGD 444
Median floor area: 93 sqm
Median remaining lease: 93 years
CPF eligible transactions: 100%
"
hdb_choa_chu_kang_4_room_2022,hdb,CHOA CHU KANG,4 ROOM,2022,652,485000.0,457.0,"HDB Resale — CHOA CHU KANG | 4 ROOM | 2022
Transactions: 652
Median resale price: SGD 485,000
Median price per sqft (PSF): SGD 457
Median floor area: 93 sqm
Median remaining lease: 78 years
CPF eligible transactions: 100%
"
hdb_choa_chu_kang_4_room_2023,hdb,CHOA CHU KANG,4 ROOM,2023,591,500000.0,457.0,"HDB Resale — CHOA CHU KANG | 4 ROOM | 2023
Transactions: 591
Median resale price: SGD 500,000
Median price per sqft (PSF): SGD 457
Median floor area: 101 sqm
Median remaining lease: 74 years
CPF eligible transactions: 100%
"
hdb_choa_chu_kang_4_room_2024,hdb,CHOA CHU KANG,4 ROOM,2024,643,525000.0,481.0,"HDB Resale — CHOA CHU KANG | 4 ROOM | 2024
Transactions: 643
Median resale price: SGD 525,000
Median price per sqft (PSF): SGD 481
Median floor area: 102 sqm
Median remaining lease: 73 years
CPF eligible transactions: 100%
"
hdb_choa_chu_kang_4_room_2025,hdb,CHOA CHU KANG,4 ROOM,2025,475,560000.0,511.0,"HDB Resale — CHOA CHU KANG | 4 ROOM | 2025
Transactions: 475
Median resale price: SGD 560,000
Median price per sqft (PSF): SGD 511
Median floor area: 101 sqm
Median remaining lease: 72 years
CPF eligible transactions: 100%
"
hdb_choa_chu_kang_4_room_2026,hdb,CHOA CHU KANG,4 ROOM,2026,162,555000.0,506.0,"HDB Resale — CHOA CHU KANG | 4 ROOM | 2026
Transactions: 162
Median resale price: SGD 555,000
Median price per sqft (PSF): SGD 506
Median floor area: 102 sqm
Median remaining lease: 72 years
CPF eligible transactions: 100%
"
hdb_choa_chu_kang_5_room_2017,hdb,CHOA CHU KANG,5 ROOM,2017,250,409444.0,318.5,"HDB Resale — CHOA CHU KANG | 5 ROOM | 2017
Transactions: 250
Median resale price: SGD 409,444
Median price per sqft (PSF): SGD 318
Median floor area: 122 sqm
Median remaining lease: 80 years
CPF eligible transactions: 100%
"
hdb_choa_chu_kang_5_room_2018,hdb,CHOA CHU KANG,5 ROOM,2018,304,400000.0,312.0,"HDB Resale — CHOA CHU KANG | 5 ROOM | 2018
Transactions: 304
Median resale price: SGD 400,000
Median price per sqft (PSF): SGD 312
Median floor area: 121 sqm
Median remaining lease: 78 years
CPF eligible transactions: 100%
"
hdb_choa_chu_kang_5_room_2019,hdb,CHOA CHU KANG,5 ROOM,2019,315,405000.0,311.0,"HDB Resale — CHOA CHU KANG | 5 ROOM | 2019
Transactions: 315
Median resale price: SGD 405,000
Median price per sqft (PSF): SGD 311
Median floor area: 122 sqm
Median remaining lease: 77 years
CPF eligible transactions: 100%
"
hdb_choa_chu_kang_5_room_2020,hdb,CHOA CHU KANG,5 ROOM,2020,316,435000.0,330.0,"HDB Resale — CHOA CHU KANG | 5 ROOM | 2020
Transactions: 316
Median resale price: SGD 435,000
Median price per sqft (PSF): SGD 330
Median floor area: 121 sqm
Median remaining lease: 78 years
CPF eligible transactions: 100%
"
hdb_choa_chu_kang_5_room_2021,hdb,CHOA CHU KANG,5 ROOM,2021,539,530000.0,403.0,"HDB Resale — CHOA CHU KANG | 5 ROOM | 2021
Transactions: 539
Median resale price: SGD 530,000
Median price per sqft (PSF): SGD 403
Median floor area: 113 sqm
Median remaining lease: 80 years
CPF eligible transactions: 100%
"
hdb_choa_chu_kang_5_room_2022,hdb,CHOA CHU KANG,5 ROOM,2022,487,575000.0,441.0,"HDB Resale — CHOA CHU KANG | 5 ROOM | 2022
Transactions: 487
Median resale price: SGD 575,000
Median price per sqft (PSF): SGD 441
Median floor area: 113 sqm
Median remaining lease: 78 years
CPF eligible transactions: 100%
"
hdb_choa_chu_kang_5_room_2023,hdb,CHOA CHU KANG,5 ROOM,2023,359,590000.0,450.0,"HDB Resale — CHOA CHU KANG | 5 ROOM | 2023
Transactions: 359
Median resale price: SGD 590,000
Median price per sqft (PSF): SGD 450
Median floor area: 121 sqm
Median remaining lease: 75 years
CPF eligible transactions: 100%
"
hdb_choa_chu_kang_5_room_2024,hdb,CHOA CHU KANG,5 ROOM,2024,404,618000.0,480.0,"HDB Resale — CHOA CHU KANG | 5 ROOM | 2024
Transactions: 404
Median resale price: SGD 618,000
Median price per sqft (PSF): SGD 480
Median floor area: 116 sqm
Median remaining lease: 75 years
CPF eligible transactions: 100%
"
hdb_choa_chu_kang_5_room_2025,hdb,CHOA CHU KANG,5 ROOM,2025,370,670000.0,505.5,"HDB Resale — CHOA CHU KANG | 5 ROOM | 2025
Transactions: 370
Median resale price: SGD 670,000
Median price per sqft (PSF): SGD 506
Median floor area: 121 sqm
Median remaining lease: 73 years
CPF eligible transactions: 100%
"
hdb_choa_chu_kang_5_room_2026,hdb,CHOA CHU KANG,5 ROOM,2026,114,673500.0,512.0,"HDB Resale — CHOA CHU KANG | 5 ROOM | 2026
Transactions: 114
Median resale price: SGD 673,500
Median price per sqft (PSF): SGD 512
Median floor area: 120 sqm
Median remaining lease: 72 years
CPF eligible transactions: 100%
"
hdb_clementi_3_room_2017,hdb,CLEMENTI,3 ROOM,2017,204,338000.0,458.0,"HDB Resale — CLEMENTI | 3 ROOM | 2017
Transactions: 204
Median resale price: SGD 338,000
Median price per sqft (PSF): SGD 458
Median floor area: 67 sqm
Median remaining lease: 61 years
CPF eligible transactions: 100%
"
hdb_clementi_3_room_2018,hdb,CLEMENTI,3 ROOM,2018,229,317000.0,427.0,"HDB Resale — CLEMENTI | 3 ROOM | 2018
Transactions: 229
Median resale price: SGD 317,000
Median price per sqft (PSF): SGD 427
Median floor area: 67 sqm
Median remaining lease: 60 years
CPF eligible transactions: 100%
"
hdb_clementi_3_room_2019,hdb,CLEMENTI,3 ROOM,2019,229,300000.0,399.0,"HDB Resale — CLEMENTI | 3 ROOM | 2019
Transactions: 229
Median resale price: SGD 300,000
Median price per sqft (PSF): SGD 399
Median floor area: 67 sqm
Median remaining lease: 59 years
CPF eligible transactions: 100%
"
hdb_clementi_3_room_2020,hdb,CLEMENTI,3 ROOM,2020,250,310000.0,424.5,"HDB Resale — CLEMENTI | 3 ROOM | 2020
Transactions: 250
Median resale price: SGD 310,000
Median price per sqft (PSF): SGD 424
Median floor area: 67 sqm
Median remaining lease: 58 years
CPF eligible transactions: 100%
"
hdb_clementi_3_room_2021,hdb,CLEMENTI,3 ROOM,2021,250,341000.0,459.0,"HDB Resale — CLEMENTI | 3 ROOM | 2021
Transactions: 250
Median resale price: SGD 341,000
Median price per sqft (PSF): SGD 459
Median floor area: 67 sqm
Median remaining lease: 57 years
CPF eligible transactions: 100%
"
hdb_clementi_3_room_2022,hdb,CLEMENTI,3 ROOM,2022,269,380000.0,506.0,"HDB Resale — CLEMENTI | 3 ROOM | 2022
Transactions: 269
Median resale price: SGD 380,000
Median price per sqft (PSF): SGD 506
Median floor area: 67 sqm
Median remaining lease: 56 years
CPF eligible transactions: 100%
"
hdb_clementi_3_room_2023,hdb,CLEMENTI,3 ROOM,2023,248,400000.0,530.0,"HDB Resale — CLEMENTI | 3 ROOM | 2023
Transactions: 248
Median resale price: SGD 400,000
Median price per sqft (PSF): SGD 530
Median floor area: 67 sqm
Median remaining lease: 55 years
CPF eligible transactions: 100%
"
hdb_clementi_3_room_2024,hdb,CLEMENTI,3 ROOM,2024,261,400000.0,541.0,"HDB Resale — CLEMENTI | 3 ROOM | 2024
Transactions: 261
Median resale price: SGD 400,000
Median price per sqft (PSF): SGD 541
Median floor area: 67 sqm
Median remaining lease: 54 years
CPF eligible transactions: 100%
"
hdb_clementi_3_room_2025,hdb,CLEMENTI,3 ROOM,2025,239,425000.0,569.0,"HDB Resale — CLEMENTI | 3 ROOM | 2025
Transactions: 239
Median resale price: SGD 425,000
Median price per sqft (PSF): SGD 569
Median floor area: 67 sqm
Median remaining lease: 53 years
CPF eligible transactions: 100%
"
hdb_clementi_3_room_2026,hdb,CLEMENTI,3 ROOM,2026,68,434000.0,587.5,"HDB Resale — CLEMENTI | 3 ROOM | 2026
Transactions: 68
Median resale price: SGD 434,000
Median price per sqft (PSF): SGD 588
Median floor area: 67 sqm
Median remaining lease: 52 years
CPF eligible transactions: 100%
"
hdb_clementi_4_room_2017,hdb,CLEMENTI,4 ROOM,2017,161,545000.0,546.0,"HDB Resale — CLEMENTI | 4 ROOM | 2017
Transactions: 161
Median resale price: SGD 545,000
Median price per sqft (PSF): SGD 546
Median floor area: 92 sqm
Median remaining lease: 62 years
CPF eligible transactions: 100%
"
hdb_clementi_4_room_2018,hdb,CLEMENTI,4 ROOM,2018,151,570000.0,554.0,"HDB Resale — CLEMENTI | 4 ROOM | 2018
Transactions: 151
Median resale price: SGD 570,000
Median price per sqft (PSF): SGD 554
Median floor area: 92 sqm
Median remaining lease: 65 years
CPF eligible transactions: 100%
"
hdb_clementi_4_room_2019,hdb,CLEMENTI,4 ROOM,2019,155,484000.0,490.0,"HDB Resale — CLEMENTI | 4 ROOM | 2019
Transactions: 155
Median resale price: SGD 484,000
Median price per sqft (PSF): SGD 490
Median floor area: 92 sqm
Median remaining lease: 60 years
CPF eligible transactions: 100%
"
hdb_clementi_4_room_2020,hdb,CLEMENTI,4 ROOM,2020,205,508000.0,495.0,"HDB Resale — CLEMENTI | 4 ROOM | 2020
Transactions: 205
Median resale price: SGD 508,000
Median price per sqft (PSF): SGD 495
Median floor area: 91 sqm
Median remaining lease: 63 years
CPF eligible transactions: 100%
"
hdb_clementi_4_room_2021,hdb,CLEMENTI,4 ROOM,2021,267,700000.0,706.0,"HDB Resale — CLEMENTI | 4 ROOM | 2021
Transactions: 267
Median resale price: SGD 700,000
Median price per sqft (PSF): SGD 706
Median floor area: 91 sqm
Median remaining lease: 81 years
CPF eligible transactions: 100%
"
hdb_clementi_4_room_2022,hdb,CLEMENTI,4 ROOM,2022,219,660000.0,656.0,"HDB Resale — CLEMENTI | 4 ROOM | 2022
Transactions: 219
Median resale price: SGD 660,000
Median price per sqft (PSF): SGD 656
Median floor area: 92 sqm
Median remaining lease: 79 years
CPF eligible transactions: 100%
"
hdb_clementi_4_room_2023,hdb,CLEMENTI,4 ROOM,2023,213,600000.0,613.0,"HDB Resale — CLEMENTI | 4 ROOM | 2023
Transactions: 213
Median resale price: SGD 600,000
Median price per sqft (PSF): SGD 613
Median floor area: 92 sqm
Median remaining lease: 59 years
CPF eligible transactions: 100%
"
hdb_clementi_4_room_2024,hdb,CLEMENTI,4 ROOM,2024,198,661250.0,659.0,"HDB Resale — CLEMENTI | 4 ROOM | 2024
Transactions: 198
Median resale price: SGD 661,250
Median price per sqft (PSF): SGD 659
Median floor area: 92 sqm
Median remaining lease: 59 years
CPF eligible transactions: 100%
"
hdb_clementi_4_room_2025,hdb,CLEMENTI,4 ROOM,2025,203,870000.0,869.0,"HDB Resale — CLEMENTI | 4 ROOM | 2025
Transactions: 203
Median resale price: SGD 870,000
Median price per sqft (PSF): SGD 869
Median floor area: 92 sqm
Median remaining lease: 86 years
CPF eligible transactions: 100%
"
hdb_clementi_4_room_2026,hdb,CLEMENTI,4 ROOM,2026,63,750000.0,715.0,"HDB Resale — CLEMENTI | 4 ROOM | 2026
Transactions: 63
Median resale price: SGD 750,000
Median price per sqft (PSF): SGD 715
Median floor area: 92 sqm
Median remaining lease: 57 years
CPF eligible transactions: 100%
"
hdb_clementi_5_room_2017,hdb,CLEMENTI,5 ROOM,2017,40,728000.0,567.5,"HDB Resale — CLEMENTI | 5 ROOM | 2017
Transactions: 40
Median resale price: SGD 728,000
Median price per sqft (PSF): SGD 568
Median floor area: 119 sqm
Median remaining lease: 66 years
CPF eligible transactions: 100%
"
hdb_clementi_5_room_2018,hdb,CLEMENTI,5 ROOM,2018,60,671444.0,515.5,"HDB Resale — CLEMENTI | 5 ROOM | 2018
Transactions: 60
Median resale price: SGD 671,444
Median price per sqft (PSF): SGD 516
Median floor area: 119 sqm
Median remaining lease: 60 years
CPF eligible transactions: 100%
"
hdb_clementi_5_room_2019,hdb,CLEMENTI,5 ROOM,2019,61,666000.0,507.0,"HDB Resale — CLEMENTI | 5 ROOM | 2019
Transactions: 61
Median resale price: SGD 666,000
Median price per sqft (PSF): SGD 507
Median floor area: 119 sqm
Median remaining lease: 64 years
CPF eligible transactions: 100%
"
hdb_clementi_5_room_2020,hdb,CLEMENTI,5 ROOM,2020,77,690000.0,520.0,"HDB Resale — CLEMENTI | 5 ROOM | 2020
Transactions: 77
Median resale price: SGD 690,000
Median price per sqft (PSF): SGD 520
Median floor area: 118 sqm
Median remaining lease: 63 years
CPF eligible transactions: 100%
"
hdb_clementi_5_room_2021,hdb,CLEMENTI,5 ROOM,2021,96,702500.0,542.5,"HDB Resale — CLEMENTI | 5 ROOM | 2021
Transactions: 96
Median resale price: SGD 702,500
Median price per sqft (PSF): SGD 542
Median floor area: 118 sqm
Median remaining lease: 60 years
CPF eligible transactions: 100%
"
hdb_clementi_5_room_2022,hdb,CLEMENTI,5 ROOM,2022,85,840000.0,654.0,"HDB Resale — CLEMENTI | 5 ROOM | 2022
Transactions: 85
Median resale price: SGD 840,000
Median price per sqft (PSF): SGD 654
Median floor area: 118 sqm
Median remaining lease: 63 years
CPF eligible transactions: 100%
"
hdb_clementi_5_room_2023,hdb,CLEMENTI,5 ROOM,2023,66,800000.0,615.0,"HDB Resale — CLEMENTI | 5 ROOM | 2023
Transactions: 66
Median resale price: SGD 800,000
Median price per sqft (PSF): SGD 615
Median floor area: 118 sqm
Median remaining lease: 60 years
CPF eligible transactions: 100%
"
hdb_clementi_5_room_2024,hdb,CLEMENTI,5 ROOM,2024,66,852500.0,667.5,"HDB Resale — CLEMENTI | 5 ROOM | 2024
Transactions: 66
Median resale price: SGD 852,500
Median price per sqft (PSF): SGD 668
Median floor area: 118 sqm
Median remaining lease: 59 years
CPF eligible transactions: 100%
"
hdb_clementi_5_room_2025,hdb,CLEMENTI,5 ROOM,2025,82,1009444.0,801.0,"HDB Resale — CLEMENTI | 5 ROOM | 2025
Transactions: 82
Median resale price: SGD 1,009,444
Median price per sqft (PSF): SGD 801
Median floor area: 117 sqm
Median remaining lease: 76 years
CPF eligible transactions: 100%
"
hdb_clementi_5_room_2026,hdb,CLEMENTI,5 ROOM,2026,19,1208000.0,993.0,"HDB Resale — CLEMENTI | 5 ROOM | 2026
Transactions: 19
Median resale price: SGD 1,208,000
Median price per sqft (PSF): SGD 993
Median floor area: 113 sqm
Median remaining lease: 85 years
CPF eligible transactions: 100%
"
hdb_geylang_3_room_2017,hdb,GEYLANG,3 ROOM,2017,268,275000.0,419.5,"HDB Resale — GEYLANG | 3 ROOM | 2017
Transactions: 268
Median resale price: SGD 275,000
Median price per sqft (PSF): SGD 420
Median floor area: 60 sqm
Median remaining lease: 54 years
CPF eligible transactions: 100%
"
hdb_geylang_3_room_2018,hdb,GEYLANG,3 ROOM,2018,185,283000.0,418.0,"HDB Resale — GEYLANG | 3 ROOM | 2018
Transactions: 185
Median resale price: SGD 283,000
Median price per sqft (PSF): SGD 418
Median floor area: 60 sqm
Median remaining lease: 57 years
CPF eligible transactions: 100%
"
hdb_geylang_3_room_2019,hdb,GEYLANG,3 ROOM,2019,238,260000.0,395.0,"HDB Resale — GEYLANG | 3 ROOM | 2019
Transactions: 238
Median resale price: SGD 260,000
Median price per sqft (PSF): SGD 395
Median floor area: 60 sqm
Median remaining lease: 55 years
CPF eligible transactions: 100%
"
hdb_geylang_3_room_2020,hdb,GEYLANG,3 ROOM,2020,252,256000.0,375.5,"HDB Resale — GEYLANG | 3 ROOM | 2020
Transactions: 252
Median resale price: SGD 256,000
Median price per sqft (PSF): SGD 376
Median floor area: 63 sqm
Median remaining lease: 54 years
CPF eligible transactions: 100%
"
hdb_geylang_3_room_2021,hdb,GEYLANG,3 ROOM,2021,284,290500.0,444.0,"HDB Resale — GEYLANG | 3 ROOM | 2021
Transactions: 284
Median resale price: SGD 290,500
Median price per sqft (PSF): SGD 444
Median floor area: 61 sqm
Median remaining lease: 54 years
CPF eligible transactions: 100%
"
hdb_geylang_3_room_2022,hdb,GEYLANG,3 ROOM,2022,306,323500.0,486.0,"HDB Resale — GEYLANG | 3 ROOM | 2022
Transactions: 306
Median resale price: SGD 323,500
Median price per sqft (PSF): SGD 486
Median floor area: 60 sqm
Median remaining lease: 52 years
CPF eligible transactions: 100%
"
hdb_geylang_3_room_2023,hdb,GEYLANG,3 ROOM,2023,276,339944.0,515.0,"HDB Resale — GEYLANG | 3 ROOM | 2023
Transactions: 276
Median resale price: SGD 339,944
Median price per sqft (PSF): SGD 515
Median floor area: 60 sqm
Median remaining lease: 52 years
CPF eligible transactions: 100%
"
hdb_geylang_3_room_2024,hdb,GEYLANG,3 ROOM,2024,296,375000.0,557.0,"HDB Resale — GEYLANG | 3 ROOM | 2024
Transactions: 296
Median resale price: SGD 375,000
Median price per sqft (PSF): SGD 557
Median floor area: 64 sqm
Median remaining lease: 52 years
CPF eligible transactions: 100%
"
hdb_geylang_3_room_2025,hdb,GEYLANG,3 ROOM,2025,290,379500.0,572.5,"HDB Resale — GEYLANG | 3 ROOM | 2025
Transactions: 290
Median resale price: SGD 379,500
Median price per sqft (PSF): SGD 572
Median floor area: 60 sqm
Median remaining lease: 50 years
CPF eligible transactions: 100%
"
hdb_geylang_3_room_2026,hdb,GEYLANG,3 ROOM,2026,103,388000.0,557.0,"HDB Resale — GEYLANG | 3 ROOM | 2026
Transactions: 103
Median resale price: SGD 388,000
Median price per sqft (PSF): SGD 557
Median floor area: 63 sqm
Median remaining lease: 50 years
CPF eligible transactions: 100%
"
hdb_geylang_4_room_2017,hdb,GEYLANG,4 ROOM,2017,160,486500.0,478.0,"HDB Resale — GEYLANG | 4 ROOM | 2017
Transactions: 160
Median resale price: SGD 486,500
Median price per sqft (PSF): SGD 478
Median floor area: 92 sqm
Median remaining lease: 67 years
CPF eligible transactions: 100%
"
hdb_geylang_4_room_2018,hdb,GEYLANG,4 ROOM,2018,155,480000.0,480.0,"HDB Resale — GEYLANG | 4 ROOM | 2018
Transactions: 155
Median resale price: SGD 480,000
Median price per sqft (PSF): SGD 480
Median floor area: 92 sqm
Median remaining lease: 66 years
CPF eligible transactions: 100%
"
hdb_geylang_4_room_2019,hdb,GEYLANG,4 ROOM,2019,182,475500.0,473.5,"HDB Resale — GEYLANG | 4 ROOM | 2019
Transactions: 182
Median resale price: SGD 475,500
Median price per sqft (PSF): SGD 474
Median floor area: 92 sqm
Median remaining lease: 65 years
CPF eligible transactions: 100%
"
hdb_geylang_4_room_2020,hdb,GEYLANG,4 ROOM,2020,198,525444.0,497.0,"HDB Resale — GEYLANG | 4 ROOM | 2020
Transactions: 198
Median resale price: SGD 525,444
Median price per sqft (PSF): SGD 497
Median floor area: 93 sqm
Median remaining lease: 64 years
CPF eligible transactions: 100%
"
hdb_geylang_4_room_2021,hdb,GEYLANG,4 ROOM,2021,295,595000.0,552.0,"HDB Resale — GEYLANG | 4 ROOM | 2021
Transactions: 295
Median resale price: SGD 595,000
Median price per sqft (PSF): SGD 552
Median floor area: 93 sqm
Median remaining lease: 66 years
CPF eligible transactions: 100%
"
hdb_geylang_4_room_2022,hdb,GEYLANG,4 ROOM,2022,236,562500.0,548.5,"HDB Resale — GEYLANG | 4 ROOM | 2022
Transactions: 236
Median resale price: SGD 562,500
Median price per sqft (PSF): SGD 548
Median floor area: 92 sqm
Median remaining lease: 62 years
CPF eligible transactions: 100%
"
hdb_geylang_4_room_2023,hdb,GEYLANG,4 ROOM,2023,237,600000.0,576.0,"HDB Resale — GEYLANG | 4 ROOM | 2023
Transactions: 237
Median resale price: SGD 600,000
Median price per sqft (PSF): SGD 576
Median floor area: 93 sqm
Median remaining lease: 61 years
CPF eligible transactions: 100%
"
hdb_geylang_4_room_2024,hdb,GEYLANG,4 ROOM,2024,226,785000.0,759.5,"HDB Resale — GEYLANG | 4 ROOM | 2024
Transactions: 226
Median resale price: SGD 785,000
Median price per sqft (PSF): SGD 760
Median floor area: 93 sqm
Median remaining lease: 72 years
CPF eligible transactions: 100%
"
hdb_geylang_4_room_2025,hdb,GEYLANG,4 ROOM,2025,220,700000.0,669.0,"HDB Resale — GEYLANG | 4 ROOM | 2025
Transactions: 220
Median resale price: SGD 700,000
Median price per sqft (PSF): SGD 669
Median floor area: 93 sqm
Median remaining lease: 59 years
CPF eligible transactions: 100%
"
hdb_geylang_4_room_2026,hdb,GEYLANG,4 ROOM,2026,86,842944.0,743.5,"HDB Resale — GEYLANG | 4 ROOM | 2026
Transactions: 86
Median resale price: SGD 842,944
Median price per sqft (PSF): SGD 744
Median floor area: 93 sqm
Median remaining lease: 70 years
CPF eligible transactions: 100%
"
hdb_geylang_5_room_2017,hdb,GEYLANG,5 ROOM,2017,78,636944.0,489.0,"HDB Resale — GEYLANG | 5 ROOM | 2017
Transactions: 78
Median resale price: SGD 636,944
Median price per sqft (PSF): SGD 489
Median floor area: 121 sqm
Median remaining lease: 66 years
CPF eligible transactions: 100%
"
hdb_geylang_5_room_2018,hdb,GEYLANG,5 ROOM,2018,66,653500.0,509.0,"HDB Resale — GEYLANG | 5 ROOM | 2018
Transactions: 66
Median resale price: SGD 653,500
Median price per sqft (PSF): SGD 509
Median floor area: 120 sqm
Median remaining lease: 65 years
CPF eligible transactions: 100%
"
hdb_geylang_5_room_2019,hdb,GEYLANG,5 ROOM,2019,59,652000.0,502.0,"HDB Resale — GEYLANG | 5 ROOM | 2019
Transactions: 59
Median resale price: SGD 652,000
Median price per sqft (PSF): SGD 502
Median floor area: 120 sqm
Median remaining lease: 63 years
CPF eligible transactions: 100%
"
hdb_geylang_5_room_2020,hdb,GEYLANG,5 ROOM,2020,70,651500.0,497.5,"HDB Resale — GEYLANG | 5 ROOM | 2020
Transactions: 70
Median resale price: SGD 651,500
Median price per sqft (PSF): SGD 498
Median floor area: 120 sqm
Median remaining lease: 64 years
CPF eligible transactions: 100%
"
hdb_geylang_5_room_2021,hdb,GEYLANG,5 ROOM,2021,100,698000.0,530.0,"HDB Resale — GEYLANG | 5 ROOM | 2021
Transactions: 100
Median resale price: SGD 698,000
Median price per sqft (PSF): SGD 530
Median floor area: 118 sqm
Median remaining lease: 61 years
CPF eligible transactions: 100%
"
hdb_geylang_5_room_2022,hdb,GEYLANG,5 ROOM,2022,79,783000.0,584.0,"HDB Resale — GEYLANG | 5 ROOM | 2022
Transactions: 79
Median resale price: SGD 783,000
Median price per sqft (PSF): SGD 584
Median floor area: 118 sqm
Median remaining lease: 60 years
CPF eligible transactions: 100%
"
hdb_geylang_5_room_2023,hdb,GEYLANG,5 ROOM,2023,69,768000.0,576.0,"HDB Resale — GEYLANG | 5 ROOM | 2023
Transactions: 69
Median resale price: SGD 768,000
Median price per sqft (PSF): SGD 576
Median floor area: 121 sqm
Median remaining lease: 59 years
CPF eligible transactions: 100%
"
hdb_geylang_5_room_2024,hdb,GEYLANG,5 ROOM,2024,61,808000.0,625.0,"HDB Resale — GEYLANG | 5 ROOM | 2024
Transactions: 61
Median resale price: SGD 808,000
Median price per sqft (PSF): SGD 625
Median floor area: 120 sqm
Median remaining lease: 59 years
CPF eligible transactions: 100%
"
hdb_geylang_5_room_2025,hdb,GEYLANG,5 ROOM,2025,70,819000.0,623.0,"HDB Resale — GEYLANG | 5 ROOM | 2025
Transactions: 70
Median resale price: SGD 819,000
Median price per sqft (PSF): SGD 623
Median floor area: 121 sqm
Median remaining lease: 59 years
CPF eligible transactions: 100%
"
hdb_geylang_5_room_2026,hdb,GEYLANG,5 ROOM,2026,27,918000.0,673.0,"HDB Resale — GEYLANG | 5 ROOM | 2026
Transactions: 27
Median resale price: SGD 918,000
Median price per sqft (PSF): SGD 673
Median floor area: 122 sqm
Median remaining lease: 57 years
CPF eligible transactions: 100%
"
hdb_hougang_3_room_2017,hdb,HOUGANG,3 ROOM,2017,194,290000.0,389.0,"HDB Resale — HOUGANG | 3 ROOM | 2017
Transactions: 194
Median resale price: SGD 290,000
Median price per sqft (PSF): SGD 389
Median floor area: 67 sqm
Median remaining lease: 66 years
CPF eligible transactions: 100%
"
hdb_hougang_3_room_2018,hdb,HOUGANG,3 ROOM,2018,186,280000.0,383.0,"HDB Resale — HOUGANG | 3 ROOM | 2018
Transactions: 186
Median resale price: SGD 280,000
Median price per sqft (PSF): SGD 383
Median floor area: 67 sqm
Median remaining lease: 65 years
CPF eligible transactions: 100%
"
hdb_hougang_3_room_2019,hdb,HOUGANG,3 ROOM,2019,207,275000.0,377.0,"HDB Resale — HOUGANG | 3 ROOM | 2019
Transactions: 207
Median resale price: SGD 275,000
Median price per sqft (PSF): SGD 377
Median floor area: 67 sqm
Median remaining lease: 64 years
CPF eligible transactions: 100%
"
hdb_hougang_3_room_2020,hdb,HOUGANG,3 ROOM,2020,242,287250.0,388.0,"HDB Resale — HOUGANG | 3 ROOM | 2020
Transactions: 242
Median resale price: SGD 287,250
Median price per sqft (PSF): SGD 388
Median floor area: 67 sqm
Median remaining lease: 64 years
CPF eligible transactions: 100%
"
hdb_hougang_3_room_2021,hdb,HOUGANG,3 ROOM,2021,260,326500.0,447.0,"HDB Resale — HOUGANG | 3 ROOM | 2021
Transactions: 260
Median resale price: SGD 326,500
Median price per sqft (PSF): SGD 447
Median floor area: 67 sqm
Median remaining lease: 63 years
CPF eligible transactions: 100%
"
hdb_hougang_3_room_2022,hdb,HOUGANG,3 ROOM,2022,294,370000.0,504.5,"HDB Resale — HOUGANG | 3 ROOM | 2022
Transactions: 294
Median resale price: SGD 370,000
Median price per sqft (PSF): SGD 504
Median floor area: 67 sqm
Median remaining lease: 62 years
CPF eligible transactions: 100%
"
hdb_hougang_3_room_2023,hdb,HOUGANG,3 ROOM,2023,299,390000.0,529.0,"HDB Resale — HOUGANG | 3 ROOM | 2023
Transactions: 299
Median resale price: SGD 390,000
Median price per sqft (PSF): SGD 529
Median floor area: 67 sqm
Median remaining lease: 61 years
CPF eligible transactions: 100%
"
hdb_hougang_3_room_2024,hdb,HOUGANG,3 ROOM,2024,298,425000.0,574.0,"HDB Resale — HOUGANG | 3 ROOM | 2024
Transactions: 298
Median resale price: SGD 425,000
Median price per sqft (PSF): SGD 574
Median floor area: 67 sqm
Median remaining lease: 60 years
CPF eligible transactions: 100%
"
hdb_hougang_3_room_2025,hdb,HOUGANG,3 ROOM,2025,319,455000.0,610.0,"HDB Resale — HOUGANG | 3 ROOM | 2025
Transactions: 319
Median resale price: SGD 455,000
Median price per sqft (PSF): SGD 610
Median floor area: 67 sqm
Median remaining lease: 59 years
CPF eligible transactions: 100%
"
hdb_hougang_3_room_2026,hdb,HOUGANG,3 ROOM,2026,84,455500.0,621.5,"HDB Resale — HOUGANG | 3 ROOM | 2026
Transactions: 84
Median resale price: SGD 455,500
Median price per sqft (PSF): SGD 622
Median floor area: 67 sqm
Median remaining lease: 59 years
CPF eligible transactions: 100%
"
hdb_hougang_4_room_2017,hdb,HOUGANG,4 ROOM,2017,396,385000.0,370.0,"HDB Resale — HOUGANG | 4 ROOM | 2017
Transactions: 396
Median resale price: SGD 385,000
Median price per sqft (PSF): SGD 370
Median floor area: 100 sqm
Median remaining lease: 71 years
CPF eligible transactions: 100%
"
hdb_hougang_4_room_2018,hdb,HOUGANG,4 ROOM,2018,436,380000.0,361.0,"HDB Resale — HOUGANG | 4 ROOM | 2018
Transactions: 436
Median resale price: SGD 380,000
Median price per sqft (PSF): SGD 361
Median floor area: 100 sqm
Median remaining lease: 70 years
CPF eligible transactions: 100%
"
hdb_hougang_4_room_2019,hdb,HOUGANG,4 ROOM,2019,431,380000.0,365.0,"HDB Resale — HOUGANG | 4 ROOM | 2019
Transactions: 431
Median resale price: SGD 380,000
Median price per sqft (PSF): SGD 365
Median floor area: 93 sqm
Median remaining lease: 70 years
CPF eligible transactions: 100%
"
hdb_hougang_4_room_2020,hdb,HOUGANG,4 ROOM,2020,519,400000.0,376.0,"HDB Resale — HOUGANG | 4 ROOM | 2020
Transactions: 519
Median resale price: SGD 400,000
Median price per sqft (PSF): SGD 376
Median floor area: 93 sqm
Median remaining lease: 71 years
CPF eligible transactions: 100%
"
hdb_hougang_4_room_2021,hdb,HOUGANG,4 ROOM,2021,634,445000.0,424.0,"HDB Resale — HOUGANG | 4 ROOM | 2021
Transactions: 634
Median resale price: SGD 445,000
Median price per sqft (PSF): SGD 424
Median floor area: 93 sqm
Median remaining lease: 75 years
CPF eligible transactions: 100%
"
hdb_hougang_4_room_2022,hdb,HOUGANG,4 ROOM,2022,615,500000.0,475.0,"HDB Resale — HOUGANG | 4 ROOM | 2022
Transactions: 615
Median resale price: SGD 500,000
Median price per sqft (PSF): SGD 475
Median floor area: 93 sqm
Median remaining lease: 73 years
CPF eligible transactions: 100%
"
hdb_hougang_4_room_2023,hdb,HOUGANG,4 ROOM,2023,656,535000.0,509.0,"HDB Resale — HOUGANG | 4 ROOM | 2023
Transactions: 656
Median resale price: SGD 535,000
Median price per sqft (PSF): SGD 509
Median floor area: 93 sqm
Median remaining lease: 72 years
CPF eligible transactions: 100%
"
hdb_hougang_4_room_2024,hdb,HOUGANG,4 ROOM,2024,645,585000.0,559.0,"HDB Resale — HOUGANG | 4 ROOM | 2024
Transactions: 645
Median resale price: SGD 585,000
Median price per sqft (PSF): SGD 559
Median floor area: 93 sqm
Median remaining lease: 72 years
CPF eligible transactions: 100%
"
hdb_hougang_4_room_2025,hdb,HOUGANG,4 ROOM,2025,581,625000.0,599.0,"HDB Resale — HOUGANG | 4 ROOM | 2025
Transactions: 581
Median resale price: SGD 625,000
Median price per sqft (PSF): SGD 599
Median floor area: 93 sqm
Median remaining lease: 71 years
CPF eligible transactions: 100%
"
hdb_hougang_4_room_2026,hdb,HOUGANG,4 ROOM,2026,177,618000.0,594.0,"HDB Resale — HOUGANG | 4 ROOM | 2026
Transactions: 177
Median resale price: SGD 618,000
Median price per sqft (PSF): SGD 594
Median floor area: 93 sqm
Median remaining lease: 70 years
CPF eligible transactions: 100%
"
hdb_hougang_5_room_2017,hdb,HOUGANG,5 ROOM,2017,236,478444.0,370.0,"HDB Resale — HOUGANG | 5 ROOM | 2017
Transactions: 236
Median resale price: SGD 478,444
Median price per sqft (PSF): SGD 370
Median floor area: 120 sqm
Median remaining lease: 79 years
CPF eligible transactions: 100%
"
hdb_hougang_5_room_2018,hdb,HOUGANG,5 ROOM,2018,232,475500.0,372.0,"HDB Resale — HOUGANG | 5 ROOM | 2018
Transactions: 232
Median resale price: SGD 475,500
Median price per sqft (PSF): SGD 372
Median floor area: 121 sqm
Median remaining lease: 77 years
CPF eligible transactions: 100%
"
hdb_hougang_5_room_2019,hdb,HOUGANG,5 ROOM,2019,202,488000.0,377.0,"HDB Resale — HOUGANG | 5 ROOM | 2019
Transactions: 202
Median resale price: SGD 488,000
Median price per sqft (PSF): SGD 377
Median floor area: 121 sqm
Median remaining lease: 77 years
CPF eligible transactions: 100%
"
hdb_hougang_5_room_2020,hdb,HOUGANG,5 ROOM,2020,292,520000.0,397.5,"HDB Resale — HOUGANG | 5 ROOM | 2020
Transactions: 292
Median resale price: SGD 520,000
Median price per sqft (PSF): SGD 398
Median floor area: 120 sqm
Median remaining lease: 77 years
CPF eligible transactions: 100%
"
hdb_hougang_5_room_2021,hdb,HOUGANG,5 ROOM,2021,362,573500.0,439.5,"HDB Resale — HOUGANG | 5 ROOM | 2021
Transactions: 362
Median resale price: SGD 573,500
Median price per sqft (PSF): SGD 440
Median floor area: 120 sqm
Median remaining lease: 75 years
CPF eligible transactions: 100%
"
hdb_hougang_5_room_2022,hdb,HOUGANG,5 ROOM,2022,250,620000.0,476.0,"HDB Resale — HOUGANG | 5 ROOM | 2022
Transactions: 250
Median resale price: SGD 620,000
Median price per sqft (PSF): SGD 476
Median floor area: 120 sqm
Median remaining lease: 74 years
CPF eligible transactions: 100%
"
hdb_hougang_5_room_2023,hdb,HOUGANG,5 ROOM,2023,277,665000.0,513.0,"HDB Resale — HOUGANG | 5 ROOM | 2023
Transactions: 277
Median resale price: SGD 665,000
Median price per sqft (PSF): SGD 513
Median floor area: 120 sqm
Median remaining lease: 73 years
CPF eligible transactions: 100%
"
hdb_hougang_5_room_2024,hdb,HOUGANG,5 ROOM,2024,283,728000.0,565.0,"HDB Resale — HOUGANG | 5 ROOM | 2024
Transactions: 283
Median resale price: SGD 728,000
Median price per sqft (PSF): SGD 565
Median floor area: 120 sqm
Median remaining lease: 72 years
CPF eligible transactions: 100%
"
hdb_hougang_5_room_2025,hdb,HOUGANG,5 ROOM,2025,228,775000.0,599.0,"HDB Resale — HOUGANG | 5 ROOM | 2025
Transactions: 228
Median resale price: SGD 775,000
Median price per sqft (PSF): SGD 599
Median floor area: 120 sqm
Median remaining lease: 71 years
CPF eligible transactions: 100%
"
hdb_hougang_5_room_2026,hdb,HOUGANG,5 ROOM,2026,74,767500.0,587.0,"HDB Resale — HOUGANG | 5 ROOM | 2026
Transactions: 74
Median resale price: SGD 767,500
Median price per sqft (PSF): SGD 587
Median floor area: 121 sqm
Median remaining lease: 68 years
CPF eligible transactions: 100%
"
hdb_jurong_east_3_room_2017,hdb,JURONG EAST,3 ROOM,2017,174,286000.0,380.0,"HDB Resale — JURONG EAST | 3 ROOM | 2017
Transactions: 174
Median resale price: SGD 286,000
Median price per sqft (PSF): SGD 380
Median floor area: 68 sqm
Median remaining lease: 64 years
CPF eligible transactions: 100%
"
hdb_jurong_east_3_room_2018,hdb,JURONG EAST,3 ROOM,2018,159,282000.0,374.0,"HDB Resale — JURONG EAST | 3 ROOM | 2018
Transactions: 159
Median resale price: SGD 282,000
Median price per sqft (PSF): SGD 374
Median floor area: 68 sqm
Median remaining lease: 63 years
CPF eligible transactions: 100%
"
hdb_jurong_east_3_room_2019,hdb,JURONG EAST,3 ROOM,2019,152,268000.0,355.0,"HDB Resale — JURONG EAST | 3 ROOM | 2019
Transactions: 152
Median resale price: SGD 268,000
Median price per sqft (PSF): SGD 355
Median floor area: 68 sqm
Median remaining lease: 62 years
CPF eligible transactions: 100%
"
hdb_jurong_east_3_room_2020,hdb,JURONG EAST,3 ROOM,2020,151,280000.0,367.0,"HDB Resale — JURONG EAST | 3 ROOM | 2020
Transactions: 151
Median resale price: SGD 280,000
Median price per sqft (PSF): SGD 367
Median floor area: 68 sqm
Median remaining lease: 61 years
CPF eligible transactions: 100%
"
hdb_jurong_east_3_room_2021,hdb,JURONG EAST,3 ROOM,2021,157,330000.0,437.0,"HDB Resale — JURONG EAST | 3 ROOM | 2021
Transactions: 157
Median resale price: SGD 330,000
Median price per sqft (PSF): SGD 437
Median floor area: 68 sqm
Median remaining lease: 61 years
CPF eligible transactions: 100%
"
hdb_jurong_east_3_room_2022,hdb,JURONG EAST,3 ROOM,2022,173,355000.0,474.0,"HDB Resale — JURONG EAST | 3 ROOM | 2022
Transactions: 173
Median resale price: SGD 355,000
Median price per sqft (PSF): SGD 474
Median floor area: 68 sqm
Median remaining lease: 59 years
CPF eligible transactions: 100%
"
hdb_jurong_east_3_room_2023,hdb,JURONG EAST,3 ROOM,2023,158,368000.0,492.0,"HDB Resale — JURONG EAST | 3 ROOM | 2023
Transactions: 158
Median resale price: SGD 368,000
Median price per sqft (PSF): SGD 492
Median floor area: 68 sqm
Median remaining lease: 58 years
CPF eligible transactions: 100%
"
hdb_jurong_east_3_room_2024,hdb,JURONG EAST,3 ROOM,2024,223,390000.0,520.0,"HDB Resale — JURONG EAST | 3 ROOM | 2024
Transactions: 223
Median resale price: SGD 390,000
Median price per sqft (PSF): SGD 520
Median floor area: 68 sqm
Median remaining lease: 58 years
CPF eligible transactions: 100%
"
hdb_jurong_east_3_room_2025,hdb,JURONG EAST,3 ROOM,2025,180,416500.0,550.0,"HDB Resale — JURONG EAST | 3 ROOM | 2025
Transactions: 180
Median resale price: SGD 416,500
Median price per sqft (PSF): SGD 550
Median floor area: 68 sqm
Median remaining lease: 57 years
CPF eligible transactions: 100%
"
hdb_jurong_east_3_room_2026,hdb,JURONG EAST,3 ROOM,2026,59,415000.0,527.0,"HDB Resale — JURONG EAST | 3 ROOM | 2026
Transactions: 59
Median resale price: SGD 415,000
Median price per sqft (PSF): SGD 527
Median floor area: 68 sqm
Median remaining lease: 56 years
CPF eligible transactions: 100%
"
hdb_jurong_east_4_room_2017,hdb,JURONG EAST,4 ROOM,2017,131,420000.0,409.0,"HDB Resale — JURONG EAST | 4 ROOM | 2017
Transactions: 131
Median resale price: SGD 420,000
Median price per sqft (PSF): SGD 409
Median floor area: 97 sqm
Median remaining lease: 68 years
CPF eligible transactions: 100%
"
hdb_jurong_east_4_room_2018,hdb,JURONG EAST,4 ROOM,2018,135,410000.0,398.0,"HDB Resale — JURONG EAST | 4 ROOM | 2018
Transactions: 135
Median resale price: SGD 410,000
Median price per sqft (PSF): SGD 398
Median floor area: 95 sqm
Median remaining lease: 65 years
CPF eligible transactions: 100%
"
hdb_jurong_east_4_room_2019,hdb,JURONG EAST,4 ROOM,2019,147,385000.0,380.0,"HDB Resale — JURONG EAST | 4 ROOM | 2019
Transactions: 147
Median resale price: SGD 385,000
Median price per sqft (PSF): SGD 380
Median floor area: 94 sqm
Median remaining lease: 64 years
CPF eligible transactions: 100%
"
hdb_jurong_east_4_room_2020,hdb,JURONG EAST,4 ROOM,2020,148,395000.0,387.5,"HDB Resale — JURONG EAST | 4 ROOM | 2020
Transactions: 148
Median resale price: SGD 395,000
Median price per sqft (PSF): SGD 388
Median floor area: 94 sqm
Median remaining lease: 64 years
CPF eligible transactions: 100%
"
hdb_jurong_east_4_room_2021,hdb,JURONG EAST,4 ROOM,2021,182,440500.0,415.5,"HDB Resale — JURONG EAST | 4 ROOM | 2021
Transactions: 182
Median resale price: SGD 440,500
Median price per sqft (PSF): SGD 416
Median floor area: 95 sqm
Median remaining lease: 63 years
CPF eligible transactions: 100%
"
hdb_jurong_east_4_room_2022,hdb,JURONG EAST,4 ROOM,2022,138,464000.0,459.0,"HDB Resale — JURONG EAST | 4 ROOM | 2022
Transactions: 138
Median resale price: SGD 464,000
Median price per sqft (PSF): SGD 459
Median floor area: 94 sqm
Median remaining lease: 62 years
CPF eligible transactions: 100%
"
hdb_jurong_east_4_room_2023,hdb,JURONG EAST,4 ROOM,2023,141,475000.0,465.0,"HDB Resale — JURONG EAST | 4 ROOM | 2023
Transactions: 141
Median resale price: SGD 475,000
Median price per sqft (PSF): SGD 465
Median floor area: 95 sqm
Median remaining lease: 60 years
CPF eligible transactions: 100%
"
hdb_jurong_east_4_room_2024,hdb,JURONG EAST,4 ROOM,2024,171,508000.0,500.0,"HDB Resale — JURONG EAST | 4 ROOM | 2024
Transactions: 171
Median resale price: SGD 508,000
Median price per sqft (PSF): SGD 500
Median floor area: 94 sqm
Median remaining lease: 59 years
CPF eligible transactions: 100%
"
hdb_jurong_east_4_room_2025,hdb,JURONG EAST,4 ROOM,2025,143,548888.0,531.0,"HDB Resale — JURONG EAST | 4 ROOM | 2025
Transactions: 143
Median resale price: SGD 548,888
Median price per sqft (PSF): SGD 531
Median floor area: 97 sqm
Median remaining lease: 59 years
CPF eligible transactions: 100%
"
hdb_jurong_east_4_room_2026,hdb,JURONG EAST,4 ROOM,2026,42,546944.0,533.5,"HDB Resale — JURONG EAST | 4 ROOM | 2026
Transactions: 42
Median resale price: SGD 546,944
Median price per sqft (PSF): SGD 534
Median floor area: 94 sqm
Median remaining lease: 58 years
CPF eligible transactions: 100%
"
hdb_jurong_east_5_room_2017,hdb,JURONG EAST,5 ROOM,2017,102,524444.0,399.0,"HDB Resale — JURONG EAST | 5 ROOM | 2017
Transactions: 102
Median resale price: SGD 524,444
Median price per sqft (PSF): SGD 399
Median floor area: 121 sqm
Median remaining lease: 66 years
CPF eligible transactions: 100%
"
hdb_jurong_east_5_room_2018,hdb,JURONG EAST,5 ROOM,2018,129,535000.0,405.0,"HDB Resale — JURONG EAST | 5 ROOM | 2018
Transactions: 129
Median resale price: SGD 535,000
Median price per sqft (PSF): SGD 405
Median floor area: 120 sqm
Median remaining lease: 66 years
CPF eligible transactions: 100%
"
hdb_jurong_east_5_room_2019,hdb,JURONG EAST,5 ROOM,2019,123,521000.0,395.0,"HDB Resale — JURONG EAST | 5 ROOM | 2019
Transactions: 123
Median resale price: SGD 521,000
Median price per sqft (PSF): SGD 395
Median floor area: 121 sqm
Median remaining lease: 64 years
CPF eligible transactions: 100%
"
hdb_jurong_east_5_room_2020,hdb,JURONG EAST,5 ROOM,2020,131,490000.0,378.0,"HDB Resale — JURONG EAST | 5 ROOM | 2020
Transactions: 131
Median resale price: SGD 490,000
Median price per sqft (PSF): SGD 378
Median floor area: 120 sqm
Median remaining lease: 62 years
CPF eligible transactions: 100%
"
hdb_jurong_east_5_room_2021,hdb,JURONG EAST,5 ROOM,2021,129,580000.0,437.0,"HDB Resale — JURONG EAST | 5 ROOM | 2021
Transactions: 129
Median resale price: SGD 580,000
Median price per sqft (PSF): SGD 437
Median floor area: 121 sqm
Median remaining lease: 62 years
CPF eligible transactions: 100%
"
hdb_jurong_east_5_room_2022,hdb,JURONG EAST,5 ROOM,2022,116,620000.0,463.0,"HDB Resale — JURONG EAST | 5 ROOM | 2022
Transactions: 116
Median resale price: SGD 620,000
Median price per sqft (PSF): SGD 463
Median floor area: 120 sqm
Median remaining lease: 61 years
CPF eligible transactions: 100%
"
hdb_jurong_east_5_room_2023,hdb,JURONG EAST,5 ROOM,2023,103,638000.0,486.0,"HDB Resale — JURONG EAST | 5 ROOM | 2023
Transactions: 103
Median resale price: SGD 638,000
Median price per sqft (PSF): SGD 486
Median floor area: 121 sqm
Median remaining lease: 60 years
CPF eligible transactions: 100%
"
hdb_jurong_east_5_room_2024,hdb,JURONG EAST,5 ROOM,2024,116,658000.0,503.0,"HDB Resale — JURONG EAST | 5 ROOM | 2024
Transactions: 116
Median resale price: SGD 658,000
Median price per sqft (PSF): SGD 503
Median floor area: 120 sqm
Median remaining lease: 59 years
CPF eligible transactions: 100%
"
hdb_jurong_east_5_room_2025,hdb,JURONG EAST,5 ROOM,2025,102,695000.0,527.5,"HDB Resale — JURONG EAST | 5 ROOM | 2025
Transactions: 102
Median resale price: SGD 695,000
Median price per sqft (PSF): SGD 528
Median floor area: 121 sqm
Median remaining lease: 58 years
CPF eligible transactions: 100%
"
hdb_jurong_east_5_room_2026,hdb,JURONG EAST,5 ROOM,2026,37,720000.0,554.0,"HDB Resale — JURONG EAST | 5 ROOM | 2026
Transactions: 37
Median resale price: SGD 720,000
Median price per sqft (PSF): SGD 554
Median floor area: 120 sqm
Median remaining lease: 60 years
CPF eligible transactions: 100%
"
hdb_jurong_west_3_room_2017,hdb,JURONG WEST,3 ROOM,2017,300,270000.0,359.5,"HDB Resale — JURONG WEST | 3 ROOM | 2017
Transactions: 300
Median resale price: SGD 270,000
Median price per sqft (PSF): SGD 360
Median floor area: 67 sqm
Median remaining lease: 64 years
CPF eligible transactions: 100%
"
hdb_jurong_west_3_room_2018,hdb,JURONG WEST,3 ROOM,2018,295,250000.0,339.0,"HDB Resale — JURONG WEST | 3 ROOM | 2018
Transactions: 295
Median resale price: SGD 250,000
Median price per sqft (PSF): SGD 339
Median floor area: 67 sqm
Median remaining lease: 63 years
CPF eligible transactions: 100%
"
hdb_jurong_west_3_room_2019,hdb,JURONG WEST,3 ROOM,2019,312,255000.0,335.0,"HDB Resale — JURONG WEST | 3 ROOM | 2019
Transactions: 312
Median resale price: SGD 255,000
Median price per sqft (PSF): SGD 335
Median floor area: 67 sqm
Median remaining lease: 63 years
CPF eligible transactions: 100%
"
hdb_jurong_west_3_room_2020,hdb,JURONG WEST,3 ROOM,2020,211,265000.0,350.0,"HDB Resale — JURONG WEST | 3 ROOM | 2020
Transactions: 211
Median resale price: SGD 265,000
Median price per sqft (PSF): SGD 350
Median floor area: 67 sqm
Median remaining lease: 62 years
CPF eligible transactions: 100%
"
hdb_jurong_west_3_room_2021,hdb,JURONG WEST,3 ROOM,2021,250,299000.0,409.0,"HDB Resale — JURONG WEST | 3 ROOM | 2021
Transactions: 250
Median resale price: SGD 299,000
Median price per sqft (PSF): SGD 409
Median floor area: 67 sqm
Median remaining lease: 61 years
CPF eligible transactions: 100%
"
hdb_jurong_west_3_room_2022,hdb,JURONG WEST,3 ROOM,2022,304,343000.0,457.0,"HDB Resale — JURONG WEST | 3 ROOM | 2022
Transactions: 304
Median resale price: SGD 343,000
Median price per sqft (PSF): SGD 457
Median floor area: 67 sqm
Median remaining lease: 60 years
CPF eligible transactions: 100%
"
hdb_jurong_west_3_room_2023,hdb,JURONG WEST,3 ROOM,2023,324,355000.0,468.5,"HDB Resale — JURONG WEST | 3 ROOM | 2023
Transactions: 324
Median resale price: SGD 355,000
Median price per sqft (PSF): SGD 468
Median floor area: 67 sqm
Median remaining lease: 59 years
CPF eligible transactions: 100%
"
hdb_jurong_west_3_room_2024,hdb,JURONG WEST,3 ROOM,2024,385,378000.0,503.0,"HDB Resale — JURONG WEST | 3 ROOM | 2024
Transactions: 385
Median resale price: SGD 378,000
Median price per sqft (PSF): SGD 503
Median floor area: 67 sqm
Median remaining lease: 58 years
CPF eligible transactions: 100%
"
hdb_jurong_west_3_room_2025,hdb,JURONG WEST,3 ROOM,2025,338,400000.0,523.0,"HDB Resale — JURONG WEST | 3 ROOM | 2025
Transactions: 338
Median resale price: SGD 400,000
Median price per sqft (PSF): SGD 523
Median floor area: 67 sqm
Median remaining lease: 57 years
CPF eligible transactions: 100%
"
hdb_jurong_west_3_room_2026,hdb,JURONG WEST,3 ROOM,2026,102,400000.0,526.5,"HDB Resale — JURONG WEST | 3 ROOM | 2026
Transactions: 102
Median resale price: SGD 400,000
Median price per sqft (PSF): SGD 526
Median floor area: 68 sqm
Median remaining lease: 57 years
CPF eligible transactions: 100%
"
hdb_jurong_west_4_room_2017,hdb,JURONG WEST,4 ROOM,2017,641,362000.0,344.0,"HDB Resale — JURONG WEST | 4 ROOM | 2017
Transactions: 641
Median resale price: SGD 362,000
Median price per sqft (PSF): SGD 344
Median floor area: 102 sqm
Median remaining lease: 77 years
CPF eligible transactions: 100%
"
hdb_jurong_west_4_room_2018,hdb,JURONG WEST,4 ROOM,2018,600,350000.0,337.0,"HDB Resale — JURONG WEST | 4 ROOM | 2018
Transactions: 600
Median resale price: SGD 350,000
Median price per sqft (PSF): SGD 337
Median floor area: 100 sqm
Median remaining lease: 77 years
CPF eligible transactions: 100%
"
hdb_jurong_west_4_room_2019,hdb,JURONG WEST,4 ROOM,2019,596,355000.0,338.0,"HDB Resale — JURONG WEST | 4 ROOM | 2019
Transactions: 596
Median resale price: SGD 355,000
Median price per sqft (PSF): SGD 338
Median floor area: 96 sqm
Median remaining lease: 77 years
CPF eligible transactions: 100%
"
hdb_jurong_west_4_room_2020,hdb,JURONG WEST,4 ROOM,2020,481,360000.0,346.0,"HDB Resale — JURONG WEST | 4 ROOM | 2020
Transactions: 481
Median resale price: SGD 360,000
Median price per sqft (PSF): SGD 346
Median floor area: 95 sqm
Median remaining lease: 76 years
CPF eligible transactions: 100%
"
hdb_jurong_west_4_room_2021,hdb,JURONG WEST,4 ROOM,2021,537,425000.0,410.0,"HDB Resale — JURONG WEST | 4 ROOM | 2021
Transactions: 537
Median resale price: SGD 425,000
Median price per sqft (PSF): SGD 410
Median floor area: 94 sqm
Median remaining lease: 77 years
CPF eligible transactions: 100%
"
hdb_jurong_west_4_room_2022,hdb,JURONG WEST,4 ROOM,2022,581,468000.0,460.0,"HDB Resale — JURONG WEST | 4 ROOM | 2022
Transactions: 581
Median resale price: SGD 468,000
Median price per sqft (PSF): SGD 460
Median floor area: 94 sqm
Median remaining lease: 76 years
CPF eligible transactions: 100%
"
hdb_jurong_west_4_room_2023,hdb,JURONG WEST,4 ROOM,2023,590,485000.0,475.0,"HDB Resale — JURONG WEST | 4 ROOM | 2023
Transactions: 590
Median resale price: SGD 485,000
Median price per sqft (PSF): SGD 475
Median floor area: 94 sqm
Median remaining lease: 73 years
CPF eligible transactions: 100%
"
hdb_jurong_west_4_room_2024,hdb,JURONG WEST,4 ROOM,2024,748,505000.0,489.0,"HDB Resale — JURONG WEST | 4 ROOM | 2024
Transactions: 748
Median resale price: SGD 505,000
Median price per sqft (PSF): SGD 489
Median floor area: 95 sqm
Median remaining lease: 72 years
CPF eligible transactions: 100%
"
hdb_jurong_west_4_room_2025,hdb,JURONG WEST,4 ROOM,2025,602,545000.0,523.0,"HDB Resale — JURONG WEST | 4 ROOM | 2025
Transactions: 602
Median resale price: SGD 545,000
Median price per sqft (PSF): SGD 523
Median floor area: 96 sqm
Median remaining lease: 71 years
CPF eligible transactions: 100%
"
hdb_jurong_west_4_room_2026,hdb,JURONG WEST,4 ROOM,2026,198,535000.0,516.5,"HDB Resale — JURONG WEST | 4 ROOM | 2026
Transactions: 198
Median resale price: SGD 535,000
Median price per sqft (PSF): SGD 516
Median floor area: 95 sqm
Median remaining lease: 71 years
CPF eligible transactions: 100%
"
hdb_jurong_west_5_room_2017,hdb,JURONG WEST,5 ROOM,2017,474,459444.0,372.0,"HDB Resale — JURONG WEST | 5 ROOM | 2017
Transactions: 474
Median resale price: SGD 459,444
Median price per sqft (PSF): SGD 372
Median floor area: 112 sqm
Median remaining lease: 82 years
CPF eligible transactions: 100%
"
hdb_jurong_west_5_room_2018,hdb,JURONG WEST,5 ROOM,2018,510,433500.0,349.5,"HDB Resale — JURONG WEST | 5 ROOM | 2018
Transactions: 510
Median resale price: SGD 433,500
Median price per sqft (PSF): SGD 350
Median floor area: 112 sqm
Median remaining lease: 81 years
CPF eligible transactions: 100%
"
hdb_jurong_west_5_room_2019,hdb,JURONG WEST,5 ROOM,2019,536,437694.0,355.0,"HDB Resale — JURONG WEST | 5 ROOM | 2019
Transactions: 536
Median resale price: SGD 437,694
Median price per sqft (PSF): SGD 355
Median floor area: 112 sqm
Median remaining lease: 80 years
CPF eligible transactions: 100%
"
hdb_jurong_west_5_room_2020,hdb,JURONG WEST,5 ROOM,2020,517,450000.0,364.0,"HDB Resale — JURONG WEST | 5 ROOM | 2020
Transactions: 517
Median resale price: SGD 450,000
Median price per sqft (PSF): SGD 364
Median floor area: 113 sqm
Median remaining lease: 79 years
CPF eligible transactions: 100%
"
hdb_jurong_west_5_room_2021,hdb,JURONG WEST,5 ROOM,2021,495,505000.0,405.0,"HDB Resale — JURONG WEST | 5 ROOM | 2021
Transactions: 495
Median resale price: SGD 505,000
Median price per sqft (PSF): SGD 405
Median floor area: 112 sqm
Median remaining lease: 78 years
CPF eligible transactions: 100%
"
hdb_jurong_west_5_room_2022,hdb,JURONG WEST,5 ROOM,2022,522,550000.0,446.0,"HDB Resale — JURONG WEST | 5 ROOM | 2022
Transactions: 522
Median resale price: SGD 550,000
Median price per sqft (PSF): SGD 446
Median floor area: 113 sqm
Median remaining lease: 77 years
CPF eligible transactions: 100%
"
hdb_jurong_west_5_room_2023,hdb,JURONG WEST,5 ROOM,2023,442,584000.0,468.0,"HDB Resale — JURONG WEST | 5 ROOM | 2023
Transactions: 442
Median resale price: SGD 584,000
Median price per sqft (PSF): SGD 468
Median floor area: 113 sqm
Median remaining lease: 76 years
CPF eligible transactions: 100%
"
hdb_jurong_west_5_room_2024,hdb,JURONG WEST,5 ROOM,2024,560,600000.0,480.0,"HDB Resale — JURONG WEST | 5 ROOM | 2024
Transactions: 560
Median resale price: SGD 600,000
Median price per sqft (PSF): SGD 480
Median floor area: 114 sqm
Median remaining lease: 75 years
CPF eligible transactions: 100%
"
hdb_jurong_west_5_room_2025,hdb,JURONG WEST,5 ROOM,2025,459,640000.0,507.0,"HDB Resale — JURONG WEST | 5 ROOM | 2025
Transactions: 459
Median resale price: SGD 640,000
Median price per sqft (PSF): SGD 507
Median floor area: 114 sqm
Median remaining lease: 74 years
CPF eligible transactions: 100%
"
hdb_jurong_west_5_room_2026,hdb,JURONG WEST,5 ROOM,2026,149,640000.0,512.0,"HDB Resale — JURONG WEST | 5 ROOM | 2026
Transactions: 149
Median resale price: SGD 640,000
Median price per sqft (PSF): SGD 512
Median floor area: 114 sqm
Median remaining lease: 73 years
CPF eligible transactions: 100%
"
hdb_kallang/whampoa_3_room_2017,hdb,KALLANG/WHAMPOA,3 ROOM,2017,286,320000.0,451.0,"HDB Resale — KALLANG/WHAMPOA | 3 ROOM | 2017
Transactions: 286
Median resale price: SGD 320,000
Median price per sqft (PSF): SGD 451
Median floor area: 65 sqm
Median remaining lease: 56 years
CPF eligible transactions: 100%
"
hdb_kallang/whampoa_3_room_2018,hdb,KALLANG/WHAMPOA,3 ROOM,2018,278,307500.0,432.5,"HDB Resale — KALLANG/WHAMPOA | 3 ROOM | 2018
Transactions: 278
Median resale price: SGD 307,500
Median price per sqft (PSF): SGD 432
Median floor area: 65 sqm
Median remaining lease: 55 years
CPF eligible transactions: 100%
"
hdb_kallang/whampoa_3_room_2019,hdb,KALLANG/WHAMPOA,3 ROOM,2019,239,320000.0,450.0,"HDB Resale — KALLANG/WHAMPOA | 3 ROOM | 2019
Transactions: 239
Median resale price: SGD 320,000
Median price per sqft (PSF): SGD 450
Median floor area: 65 sqm
Median remaining lease: 55 years
CPF eligible transactions: 100%
"
hdb_kallang/whampoa_3_room_2020,hdb,KALLANG/WHAMPOA,3 ROOM,2020,247,292000.0,420.0,"HDB Resale — KALLANG/WHAMPOA | 3 ROOM | 2020
Transactions: 247
Median resale price: SGD 292,000
Median price per sqft (PSF): SGD 420
Median floor area: 65 sqm
Median remaining lease: 53 years
CPF eligible transactions: 100%
"
hdb_kallang/whampoa_3_room_2021,hdb,KALLANG/WHAMPOA,3 ROOM,2021,365,326000.0,458.0,"HDB Resale — KALLANG/WHAMPOA | 3 ROOM | 2021
Transactions: 365
Median resale price: SGD 326,000
Median price per sqft (PSF): SGD 458
Median floor area: 66 sqm
Median remaining lease: 54 years
CPF eligible transactions: 100%
"
hdb_kallang/whampoa_3_room_2022,hdb,KALLANG/WHAMPOA,3 ROOM,2022,331,380000.0,534.0,"HDB Resale — KALLANG/WHAMPOA | 3 ROOM | 2022
Transactions: 331
Median resale price: SGD 380,000
Median price per sqft (PSF): SGD 534
Median floor area: 66 sqm
Median remaining lease: 56 years
CPF eligible transactions: 100%
"
hdb_kallang/whampoa_3_room_2023,hdb,KALLANG/WHAMPOA,3 ROOM,2023,347,385000.0,540.0,"HDB Resale — KALLANG/WHAMPOA | 3 ROOM | 2023
Transactions: 347
Median resale price: SGD 385,000
Median price per sqft (PSF): SGD 540
Median floor area: 66 sqm
Median remaining lease: 54 years
CPF eligible transactions: 100%
"
hdb_kallang/whampoa_3_room_2024,hdb,KALLANG/WHAMPOA,3 ROOM,2024,401,418000.0,584.0,"HDB Resale — KALLANG/WHAMPOA | 3 ROOM | 2024
Transactions: 401
Median resale price: SGD 418,000
Median price per sqft (PSF): SGD 584
Median floor area: 66 sqm
Median remaining lease: 53 years
CPF eligible transactions: 100%
"
hdb_kallang/whampoa_3_room_2025,hdb,KALLANG/WHAMPOA,3 ROOM,2025,319,450888.0,631.0,"HDB Resale — KALLANG/WHAMPOA | 3 ROOM | 2025
Transactions: 319
Median resale price: SGD 450,888
Median price per sqft (PSF): SGD 631
Median floor area: 66 sqm
Median remaining lease: 52 years
CPF eligible transactions: 100%
"
hdb_kallang/whampoa_3_room_2026,hdb,KALLANG/WHAMPOA,3 ROOM,2026,81,459000.0,633.0,"HDB Resale — KALLANG/WHAMPOA | 3 ROOM | 2026
Transactions: 81
Median resale price: SGD 459,000
Median price per sqft (PSF): SGD 633
Median floor area: 66 sqm
Median remaining lease: 52 years
CPF eligible transactions: 100%
"
hdb_kallang/whampoa_4_room_2017,hdb,KALLANG/WHAMPOA,4 ROOM,2017,214,531694.0,530.0,"HDB Resale — KALLANG/WHAMPOA | 4 ROOM | 2017
Transactions: 214
Median resale price: SGD 531,694
Median price per sqft (PSF): SGD 530
Median floor area: 91 sqm
Median remaining lease: 78 years
CPF eligible transactions: 100%
"
hdb_kallang/whampoa_4_room_2018,hdb,KALLANG/WHAMPOA,4 ROOM,2018,198,536500.0,532.5,"HDB Resale — KALLANG/WHAMPOA | 4 ROOM | 2018
Transactions: 198
Median resale price: SGD 536,500
Median price per sqft (PSF): SGD 532
Median floor area: 91 sqm
Median remaining lease: 78 years
CPF eligible transactions: 100%
"
hdb_kallang/whampoa_4_room_2019,hdb,KALLANG/WHAMPOA,4 ROOM,2019,203,540000.0,541.0,"HDB Resale — KALLANG/WHAMPOA | 4 ROOM | 2019
Transactions: 203
Median resale price: SGD 540,000
Median price per sqft (PSF): SGD 541
Median floor area: 91 sqm
Median remaining lease: 75 years
CPF eligible transactions: 100%
"
hdb_kallang/whampoa_4_room_2020,hdb,KALLANG/WHAMPOA,4 ROOM,2020,168,518000.0,504.5,"HDB Resale — KALLANG/WHAMPOA | 4 ROOM | 2020
Transactions: 168
Median resale price: SGD 518,000
Median price per sqft (PSF): SGD 504
Median floor area: 91 sqm
Median remaining lease: 66 years
CPF eligible transactions: 100%
"
hdb_kallang/whampoa_4_room_2021,hdb,KALLANG/WHAMPOA,4 ROOM,2021,286,640944.0,608.0,"HDB Resale — KALLANG/WHAMPOA | 4 ROOM | 2021
Transactions: 286
Median resale price: SGD 640,944
Median price per sqft (PSF): SGD 608
Median floor area: 92 sqm
Median remaining lease: 80 years
CPF eligible transactions: 100%
"
hdb_kallang/whampoa_4_room_2022,hdb,KALLANG/WHAMPOA,4 ROOM,2022,409,770000.0,785.0,"HDB Resale — KALLANG/WHAMPOA | 4 ROOM | 2022
Transactions: 409
Median resale price: SGD 770,000
Median price per sqft (PSF): SGD 785
Median floor area: 93 sqm
Median remaining lease: 89 years
CPF eligible transactions: 100%
"
hdb_kallang/whampoa_4_room_2023,hdb,KALLANG/WHAMPOA,4 ROOM,2023,286,780000.0,776.0,"HDB Resale — KALLANG/WHAMPOA | 4 ROOM | 2023
Transactions: 286
Median resale price: SGD 780,000
Median price per sqft (PSF): SGD 776
Median floor area: 93 sqm
Median remaining lease: 82 years
CPF eligible transactions: 100%
"
hdb_kallang/whampoa_4_room_2024,hdb,KALLANG/WHAMPOA,4 ROOM,2024,359,865000.0,867.0,"HDB Resale — KALLANG/WHAMPOA | 4 ROOM | 2024
Transactions: 359
Median resale price: SGD 865,000
Median price per sqft (PSF): SGD 867
Median floor area: 92 sqm
Median remaining lease: 85 years
CPF eligible transactions: 100%
"
hdb_kallang/whampoa_4_room_2025,hdb,KALLANG/WHAMPOA,4 ROOM,2025,311,880000.0,889.0,"HDB Resale — KALLANG/WHAMPOA | 4 ROOM | 2025
Transactions: 311
Median resale price: SGD 880,000
Median price per sqft (PSF): SGD 889
Median floor area: 92 sqm
Median remaining lease: 80 years
CPF eligible transactions: 100%
"
hdb_kallang/whampoa_4_room_2026,hdb,KALLANG/WHAMPOA,4 ROOM,2026,93,938000.0,945.0,"HDB Resale — KALLANG/WHAMPOA | 4 ROOM | 2026
Transactions: 93
Median resale price: SGD 938,000
Median price per sqft (PSF): SGD 945
Median floor area: 93 sqm
Median remaining lease: 83 years
CPF eligible transactions: 100%
"
hdb_kallang/whampoa_5_room_2017,hdb,KALLANG/WHAMPOA,5 ROOM,2017,143,705000.0,542.0,"HDB Resale — KALLANG/WHAMPOA | 5 ROOM | 2017
Transactions: 143
Median resale price: SGD 705,000
Median price per sqft (PSF): SGD 542
Median floor area: 118 sqm
Median remaining lease: 79 years
CPF eligible transactions: 100%
"
hdb_kallang/whampoa_5_room_2018,hdb,KALLANG/WHAMPOA,5 ROOM,2018,109,705000.0,551.0,"HDB Resale — KALLANG/WHAMPOA | 5 ROOM | 2018
Transactions: 109
Median resale price: SGD 705,000
Median price per sqft (PSF): SGD 551
Median floor area: 117 sqm
Median remaining lease: 79 years
CPF eligible transactions: 100%
"
hdb_kallang/whampoa_5_room_2019,hdb,KALLANG/WHAMPOA,5 ROOM,2019,116,695000.0,540.5,"HDB Resale — KALLANG/WHAMPOA | 5 ROOM | 2019
Transactions: 116
Median resale price: SGD 695,000
Median price per sqft (PSF): SGD 540
Median floor area: 118 sqm
Median remaining lease: 70 years
CPF eligible transactions: 100%
"
hdb_kallang/whampoa_5_room_2020,hdb,KALLANG/WHAMPOA,5 ROOM,2020,118,670000.0,520.0,"HDB Resale — KALLANG/WHAMPOA | 5 ROOM | 2020
Transactions: 118
Median resale price: SGD 670,000
Median price per sqft (PSF): SGD 520
Median floor area: 118 sqm
Median remaining lease: 73 years
CPF eligible transactions: 100%
"
hdb_kallang/whampoa_5_room_2021,hdb,KALLANG/WHAMPOA,5 ROOM,2021,164,739000.0,572.5,"HDB Resale — KALLANG/WHAMPOA | 5 ROOM | 2021
Transactions: 164
Median resale price: SGD 739,000
Median price per sqft (PSF): SGD 572
Median floor area: 118 sqm
Median remaining lease: 73 years
CPF eligible transactions: 100%
"
hdb_kallang/whampoa_5_room_2022,hdb,KALLANG/WHAMPOA,5 ROOM,2022,127,810000.0,638.0,"HDB Resale — KALLANG/WHAMPOA | 5 ROOM | 2022
Transactions: 127
Median resale price: SGD 810,000
Median price per sqft (PSF): SGD 638
Median floor area: 117 sqm
Median remaining lease: 75 years
CPF eligible transactions: 100%
"
hdb_kallang/whampoa_5_room_2023,hdb,KALLANG/WHAMPOA,5 ROOM,2023,108,865000.0,670.5,"HDB Resale — KALLANG/WHAMPOA | 5 ROOM | 2023
Transactions: 108
Median resale price: SGD 865,000
Median price per sqft (PSF): SGD 670
Median floor area: 118 sqm
Median remaining lease: 73 years
CPF eligible transactions: 100%
"
hdb_kallang/whampoa_5_room_2024,hdb,KALLANG/WHAMPOA,5 ROOM,2024,111,920000.0,693.0,"HDB Resale — KALLANG/WHAMPOA | 5 ROOM | 2024
Transactions: 111
Median resale price: SGD 920,000
Median price per sqft (PSF): SGD 693
Median floor area: 118 sqm
Median remaining lease: 69 years
CPF eligible transactions: 100%
"
hdb_kallang/whampoa_5_room_2025,hdb,KALLANG/WHAMPOA,5 ROOM,2025,116,945000.0,732.0,"HDB Resale — KALLANG/WHAMPOA | 5 ROOM | 2025
Transactions: 116
Median resale price: SGD 945,000
Median price per sqft (PSF): SGD 732
Median floor area: 118 sqm
Median remaining lease: 70 years
CPF eligible transactions: 100%
"
hdb_kallang/whampoa_5_room_2026,hdb,KALLANG/WHAMPOA,5 ROOM,2026,33,947000.0,743.0,"HDB Resale — KALLANG/WHAMPOA | 5 ROOM | 2026
Transactions: 33
Median resale price: SGD 947,000
Median price per sqft (PSF): SGD 743
Median floor area: 119 sqm
Median remaining lease: 70 years
CPF eligible transactions: 100%
"
hdb_marine_parade_3_room_2017,hdb,MARINE PARADE,3 ROOM,2017,55,400000.0,550.0,"HDB Resale — MARINE PARADE | 3 ROOM | 2017
Transactions: 55
Median resale price: SGD 400,000
Median price per sqft (PSF): SGD 550
Median floor area: 65 sqm
Median remaining lease: 56 years
CPF eligible transactions: 100%
"
hdb_marine_parade_3_room_2018,hdb,MARINE PARADE,3 ROOM,2018,61,390000.0,532.0,"HDB Resale — MARINE PARADE | 3 ROOM | 2018
Transactions: 61
Median resale price: SGD 390,000
Median price per sqft (PSF): SGD 532
Median floor area: 65 sqm
Median remaining lease: 56 years
CPF eligible transactions: 100%
"
hdb_marine_parade_3_room_2019,hdb,MARINE PARADE,3 ROOM,2019,67,350000.0,493.0,"HDB Resale — MARINE PARADE | 3 ROOM | 2019
Transactions: 67
Median resale price: SGD 350,000
Median price per sqft (PSF): SGD 493
Median floor area: 65 sqm
Median remaining lease: 54 years
CPF eligible transactions: 100%
"
hdb_marine_parade_3_room_2020,hdb,MARINE PARADE,3 ROOM,2020,65,350000.0,483.0,"HDB Resale — MARINE PARADE | 3 ROOM | 2020
Transactions: 65
Median resale price: SGD 350,000
Median price per sqft (PSF): SGD 483
Median floor area: 65 sqm
Median remaining lease: 54 years
CPF eligible transactions: 100%
"
hdb_marine_parade_3_room_2021,hdb,MARINE PARADE,3 ROOM,2021,80,380000.0,532.5,"HDB Resale — MARINE PARADE | 3 ROOM | 2021
Transactions: 80
Median resale price: SGD 380,000
Median price per sqft (PSF): SGD 532
Median floor area: 65 sqm
Median remaining lease: 52 years
CPF eligible transactions: 100%
"
hdb_marine_parade_3_room_2022,hdb,MARINE PARADE,3 ROOM,2022,87,415000.0,565.0,"HDB Resale — MARINE PARADE | 3 ROOM | 2022
Transactions: 87
Median resale price: SGD 415,000
Median price per sqft (PSF): SGD 565
Median floor area: 65 sqm
Median remaining lease: 51 years
CPF eligible transactions: 100%
"
hdb_marine_parade_3_room_2023,hdb,MARINE PARADE,3 ROOM,2023,70,430000.0,587.0,"HDB Resale — MARINE PARADE | 3 ROOM | 2023
Transactions: 70
Median resale price: SGD 430,000
Median price per sqft (PSF): SGD 587
Median floor area: 65 sqm
Median remaining lease: 51 years
CPF eligible transactions: 100%
"
hdb_marine_parade_3_room_2024,hdb,MARINE PARADE,3 ROOM,2024,76,449000.0,622.5,"HDB Resale — MARINE PARADE | 3 ROOM | 2024
Transactions: 76
Median resale price: SGD 449,000
Median price per sqft (PSF): SGD 622
Median floor area: 65 sqm
Median remaining lease: 49 years
CPF eligible transactions: 100%
"
hdb_marine_parade_3_room_2025,hdb,MARINE PARADE,3 ROOM,2025,84,482500.0,664.0,"HDB Resale — MARINE PARADE | 3 ROOM | 2025
Transactions: 84
Median resale price: SGD 482,500
Median price per sqft (PSF): SGD 664
Median floor area: 65 sqm
Median remaining lease: 49 years
CPF eligible transactions: 100%
"
hdb_marine_parade_3_room_2026,hdb,MARINE PARADE,3 ROOM,2026,17,450000.0,626.0,"HDB Resale — MARINE PARADE | 3 ROOM | 2026
Transactions: 17
Median resale price: SGD 450,000
Median price per sqft (PSF): SGD 626
Median floor area: 65 sqm
Median remaining lease: 48 years
CPF eligible transactions: 100%
"
hdb_marine_parade_4_room_2017,hdb,MARINE PARADE,4 ROOM,2017,36,531000.0,566.5,"HDB Resale — MARINE PARADE | 4 ROOM | 2017
Transactions: 36
Median resale price: SGD 531,000
Median price per sqft (PSF): SGD 566
Median floor area: 87 sqm
Median remaining lease: 57 years
CPF eligible transactions: 100%
"
hdb_marine_parade_4_room_2018,hdb,MARINE PARADE,4 ROOM,2018,37,525000.0,560.0,"HDB Resale — MARINE PARADE | 4 ROOM | 2018
Transactions: 37
Median resale price: SGD 525,000
Median price per sqft (PSF): SGD 560
Median floor area: 87 sqm
Median remaining lease: 55 years
CPF eligible transactions: 100%
"
hdb_marine_parade_4_room_2019,hdb,MARINE PARADE,4 ROOM,2019,26,489000.0,539.5,"HDB Resale — MARINE PARADE | 4 ROOM | 2019
Transactions: 26
Median resale price: SGD 489,000
Median price per sqft (PSF): SGD 540
Median floor area: 87 sqm
Median remaining lease: 55 years
CPF eligible transactions: 100%
"
hdb_marine_parade_4_room_2020,hdb,MARINE PARADE,4 ROOM,2020,33,478000.0,513.0,"HDB Resale — MARINE PARADE | 4 ROOM | 2020
Transactions: 33
Median resale price: SGD 478,000
Median price per sqft (PSF): SGD 513
Median floor area: 87 sqm
Median remaining lease: 54 years
CPF eligible transactions: 100%
"
hdb_marine_parade_4_room_2021,hdb,MARINE PARADE,4 ROOM,2021,41,490000.0,529.0,"HDB Resale — MARINE PARADE | 4 ROOM | 2021
Transactions: 41
Median resale price: SGD 490,000
Median price per sqft (PSF): SGD 529
Median floor area: 87 sqm
Median remaining lease: 53 years
CPF eligible transactions: 100%
"
hdb_marine_parade_4_room_2022,hdb,MARINE PARADE,4 ROOM,2022,44,545000.0,589.0,"HDB Resale — MARINE PARADE | 4 ROOM | 2022
Transactions: 44
Median resale price: SGD 545,000
Median price per sqft (PSF): SGD 589
Median floor area: 87 sqm
Median remaining lease: 52 years
CPF eligible transactions: 100%
"
hdb_marine_parade_4_room_2023,hdb,MARINE PARADE,4 ROOM,2023,34,562500.0,605.5,"HDB Resale — MARINE PARADE | 4 ROOM | 2023
Transactions: 34
Median resale price: SGD 562,500
Median price per sqft (PSF): SGD 606
Median floor area: 87 sqm
Median remaining lease: 51 years
CPF eligible transactions: 100%
"
hdb_marine_parade_4_room_2024,hdb,MARINE PARADE,4 ROOM,2024,33,568000.0,612.0,"HDB Resale — MARINE PARADE | 4 ROOM | 2024
Transactions: 33
Median resale price: SGD 568,000
Median price per sqft (PSF): SGD 612
Median floor area: 87 sqm
Median remaining lease: 50 years
CPF eligible transactions: 100%
"
hdb_marine_parade_4_room_2025,hdb,MARINE PARADE,4 ROOM,2025,33,660000.0,718.0,"HDB Resale — MARINE PARADE | 4 ROOM | 2025
Transactions: 33
Median resale price: SGD 660,000
Median price per sqft (PSF): SGD 718
Median floor area: 87 sqm
Median remaining lease: 49 years
CPF eligible transactions: 100%
"
hdb_marine_parade_4_room_2026,hdb,MARINE PARADE,4 ROOM,2026,12,612500.0,646.5,"HDB Resale — MARINE PARADE | 4 ROOM | 2026
Transactions: 12
Median resale price: SGD 612,500
Median price per sqft (PSF): SGD 646
Median floor area: 88 sqm
Median remaining lease: 48 years
CPF eligible transactions: 100%
"
hdb_marine_parade_5_room_2017,hdb,MARINE PARADE,5 ROOM,2017,24,842500.0,623.5,"HDB Resale — MARINE PARADE | 5 ROOM | 2017
Transactions: 24
Median resale price: SGD 842,500
Median price per sqft (PSF): SGD 624
Median floor area: 120 sqm
Median remaining lease: 56 years
CPF eligible transactions: 100%
"
hdb_marine_parade_5_room_2018,hdb,MARINE PARADE,5 ROOM,2018,36,830000.0,635.0,"HDB Resale — MARINE PARADE | 5 ROOM | 2018
Transactions: 36
Median resale price: SGD 830,000
Median price per sqft (PSF): SGD 635
Median floor area: 120 sqm
Median remaining lease: 56 years
CPF eligible transactions: 100%
"
hdb_marine_parade_5_room_2019,hdb,MARINE PARADE,5 ROOM,2019,29,800000.0,615.0,"HDB Resale — MARINE PARADE | 5 ROOM | 2019
Transactions: 29
Median resale price: SGD 800,000
Median price per sqft (PSF): SGD 615
Median floor area: 120 sqm
Median remaining lease: 54 years
CPF eligible transactions: 100%
"
hdb_marine_parade_5_room_2020,hdb,MARINE PARADE,5 ROOM,2020,29,768000.0,581.0,"HDB Resale — MARINE PARADE | 5 ROOM | 2020
Transactions: 29
Median resale price: SGD 768,000
Median price per sqft (PSF): SGD 581
Median floor area: 120 sqm
Median remaining lease: 53 years
CPF eligible transactions: 100%
"
hdb_marine_parade_5_room_2021,hdb,MARINE PARADE,5 ROOM,2021,72,800000.0,618.5,"HDB Resale — MARINE PARADE | 5 ROOM | 2021
Transactions: 72
Median resale price: SGD 800,000
Median price per sqft (PSF): SGD 618
Median floor area: 120 sqm
Median remaining lease: 52 years
CPF eligible transactions: 100%
"
hdb_marine_parade_5_room_2022,hdb,MARINE PARADE,5 ROOM,2022,59,850000.0,657.0,"HDB Resale — MARINE PARADE | 5 ROOM | 2022
Transactions: 59
Median resale price: SGD 850,000
Median price per sqft (PSF): SGD 657
Median floor area: 120 sqm
Median remaining lease: 52 years
CPF eligible transactions: 100%
"
hdb_marine_parade_5_room_2023,hdb,MARINE PARADE,5 ROOM,2023,36,855500.0,656.5,"HDB Resale — MARINE PARADE | 5 ROOM | 2023
Transactions: 36
Median resale price: SGD 855,500
Median price per sqft (PSF): SGD 656
Median floor area: 122 sqm
Median remaining lease: 51 years
CPF eligible transactions: 100%
"
hdb_marine_parade_5_room_2024,hdb,MARINE PARADE,5 ROOM,2024,28,914000.0,705.0,"HDB Resale — MARINE PARADE | 5 ROOM | 2024
Transactions: 28
Median resale price: SGD 914,000
Median price per sqft (PSF): SGD 705
Median floor area: 122 sqm
Median remaining lease: 49 years
CPF eligible transactions: 100%
"
hdb_marine_parade_5_room_2025,hdb,MARINE PARADE,5 ROOM,2025,41,955000.0,732.0,"HDB Resale — MARINE PARADE | 5 ROOM | 2025
Transactions: 41
Median resale price: SGD 955,000
Median price per sqft (PSF): SGD 732
Median floor area: 120 sqm
Median remaining lease: 49 years
CPF eligible transactions: 100%
"
hdb_marine_parade_5_room_2026,hdb,MARINE PARADE,5 ROOM,2026,5,970000.0,751.0,"HDB Resale — MARINE PARADE | 5 ROOM | 2026
Transactions: 5
Median resale price: SGD 970,000
Median price per sqft (PSF): SGD 751
Median floor area: 120 sqm
Median remaining lease: 48 years
CPF eligible transactions: 100%
"
hdb_pasir_ris_3_room_2017,hdb,PASIR RIS,3 ROOM,2017,6,300000.0,409.0,"HDB Resale — PASIR RIS | 3 ROOM | 2017
Transactions: 6
Median resale price: SGD 300,000
Median price per sqft (PSF): SGD 409
Median floor area: 66 sqm
Median remaining lease: 62 years
CPF eligible transactions: 100%
"
hdb_pasir_ris_3_room_2018,hdb,PASIR RIS,3 ROOM,2018,7,295000.0,414.0,"HDB Resale — PASIR RIS | 3 ROOM | 2018
Transactions: 7
Median resale price: SGD 295,000
Median price per sqft (PSF): SGD 414
Median floor area: 66 sqm
Median remaining lease: 62 years
CPF eligible transactions: 100%
"
hdb_pasir_ris_3_room_2019,hdb,PASIR RIS,3 ROOM,2019,14,370000.0,506.0,"HDB Resale — PASIR RIS | 3 ROOM | 2019
Transactions: 14
Median resale price: SGD 370,000
Median price per sqft (PSF): SGD 506
Median floor area: 68 sqm
Median remaining lease: 94 years
CPF eligible transactions: 100%
"
hdb_pasir_ris_3_room_2020,hdb,PASIR RIS,3 ROOM,2020,35,380000.0,519.0,"HDB Resale — PASIR RIS | 3 ROOM | 2020
Transactions: 35
Median resale price: SGD 380,000
Median price per sqft (PSF): SGD 519
Median floor area: 68 sqm
Median remaining lease: 94 years
CPF eligible transactions: 100%
"
hdb_pasir_ris_3_room_2021,hdb,PASIR RIS,3 ROOM,2021,25,445000.0,608.0,"HDB Resale — PASIR RIS | 3 ROOM | 2021
Transactions: 25
Median resale price: SGD 445,000
Median price per sqft (PSF): SGD 608
Median floor area: 66 sqm
Median remaining lease: 93 years
CPF eligible transactions: 100%
"
hdb_pasir_ris_3_room_2022,hdb,PASIR RIS,3 ROOM,2022,19,480000.0,656.0,"HDB Resale — PASIR RIS | 3 ROOM | 2022
Transactions: 19
Median resale price: SGD 480,000
Median price per sqft (PSF): SGD 656
Median floor area: 67 sqm
Median remaining lease: 92 years
CPF eligible transactions: 100%
"
hdb_pasir_ris_3_room_2023,hdb,PASIR RIS,3 ROOM,2023,15,520000.0,710.0,"HDB Resale — PASIR RIS | 3 ROOM | 2023
Transactions: 15
Median resale price: SGD 520,000
Median price per sqft (PSF): SGD 710
Median floor area: 66 sqm
Median remaining lease: 90 years
CPF eligible transactions: 100%
"
hdb_pasir_ris_3_room_2024,hdb,PASIR RIS,3 ROOM,2024,17,534000.0,730.0,"HDB Resale — PASIR RIS | 3 ROOM | 2024
Transactions: 17
Median resale price: SGD 534,000
Median price per sqft (PSF): SGD 730
Median floor area: 68 sqm
Median remaining lease: 90 years
CPF eligible transactions: 100%
"
hdb_pasir_ris_3_room_2025,hdb,PASIR RIS,3 ROOM,2025,22,590000.0,806.0,"HDB Resale — PASIR RIS | 3 ROOM | 2025
Transactions: 22
Median resale price: SGD 590,000
Median price per sqft (PSF): SGD 806
Median floor area: 68 sqm
Median remaining lease: 88 years
CPF eligible transactions: 100%
"
hdb_pasir_ris_3_room_2026,hdb,PASIR RIS,3 ROOM,2026,8,615000.0,840.5,"HDB Resale — PASIR RIS | 3 ROOM | 2026
Transactions: 8
Median resale price: SGD 615,000
Median price per sqft (PSF): SGD 840
Median floor area: 68 sqm
Median remaining lease: 88 years
CPF eligible transactions: 100%
"
hdb_pasir_ris_4_room_2017,hdb,PASIR RIS,4 ROOM,2017,236,400000.0,354.0,"HDB Resale — PASIR RIS | 4 ROOM | 2017
Transactions: 236
Median resale price: SGD 400,000
Median price per sqft (PSF): SGD 354
Median floor area: 105 sqm
Median remaining lease: 75 years
CPF eligible transactions: 100%
"
hdb_pasir_ris_4_room_2018,hdb,PASIR RIS,4 ROOM,2018,225,405000.0,358.0,"HDB Resale — PASIR RIS | 4 ROOM | 2018
Transactions: 225
Median resale price: SGD 405,000
Median price per sqft (PSF): SGD 358
Median floor area: 105 sqm
Median remaining lease: 73 years
CPF eligible transactions: 100%
"
hdb_pasir_ris_4_room_2019,hdb,PASIR RIS,4 ROOM,2019,226,410000.0,360.0,"HDB Resale — PASIR RIS | 4 ROOM | 2019
Transactions: 226
Median resale price: SGD 410,000
Median price per sqft (PSF): SGD 360
Median floor area: 105 sqm
Median remaining lease: 73 years
CPF eligible transactions: 100%
"
hdb_pasir_ris_4_room_2020,hdb,PASIR RIS,4 ROOM,2020,340,430000.0,379.0,"HDB Resale — PASIR RIS | 4 ROOM | 2020
Transactions: 340
Median resale price: SGD 430,000
Median price per sqft (PSF): SGD 379
Median floor area: 104 sqm
Median remaining lease: 74 years
CPF eligible transactions: 100%
"
hdb_pasir_ris_4_room_2021,hdb,PASIR RIS,4 ROOM,2021,350,470000.0,415.0,"HDB Resale — PASIR RIS | 4 ROOM | 2021
Transactions: 350
Median resale price: SGD 470,000
Median price per sqft (PSF): SGD 415
Median floor area: 104 sqm
Median remaining lease: 72 years
CPF eligible transactions: 100%
"
hdb_pasir_ris_4_room_2022,hdb,PASIR RIS,4 ROOM,2022,302,510000.0,447.0,"HDB Resale — PASIR RIS | 4 ROOM | 2022
Transactions: 302
Median resale price: SGD 510,000
Median price per sqft (PSF): SGD 447
Median floor area: 104 sqm
Median remaining lease: 71 years
CPF eligible transactions: 100%
"
hdb_pasir_ris_4_room_2023,hdb,PASIR RIS,4 ROOM,2023,267,548000.0,485.0,"HDB Resale — PASIR RIS | 4 ROOM | 2023
Transactions: 267
Median resale price: SGD 548,000
Median price per sqft (PSF): SGD 485
Median floor area: 104 sqm
Median remaining lease: 69 years
CPF eligible transactions: 100%
"
hdb_pasir_ris_4_room_2024,hdb,PASIR RIS,4 ROOM,2024,278,592500.0,522.5,"HDB Resale — PASIR RIS | 4 ROOM | 2024
Transactions: 278
Median resale price: SGD 592,500
Median price per sqft (PSF): SGD 522
Median floor area: 105 sqm
Median remaining lease: 68 years
CPF eligible transactions: 100%
"
hdb_pasir_ris_4_room_2025,hdb,PASIR RIS,4 ROOM,2025,244,635000.0,556.5,"HDB Resale — PASIR RIS | 4 ROOM | 2025
Transactions: 244
Median resale price: SGD 635,000
Median price per sqft (PSF): SGD 556
Median floor area: 104 sqm
Median remaining lease: 68 years
CPF eligible transactions: 100%
"
hdb_pasir_ris_4_room_2026,hdb,PASIR RIS,4 ROOM,2026,99,640000.0,561.0,"HDB Resale — PASIR RIS | 4 ROOM | 2026
Transactions: 99
Median resale price: SGD 640,000
Median price per sqft (PSF): SGD 561
Median floor area: 105 sqm
Median remaining lease: 68 years
CPF eligible transactions: 100%
"
hdb_pasir_ris_5_room_2017,hdb,PASIR RIS,5 ROOM,2017,208,475000.0,353.0,"HDB Resale — PASIR RIS | 5 ROOM | 2017
Transactions: 208
Median resale price: SGD 475,000
Median price per sqft (PSF): SGD 353
Median floor area: 125 sqm
Median remaining lease: 75 years
CPF eligible transactions: 100%
"
hdb_pasir_ris_5_room_2018,hdb,PASIR RIS,5 ROOM,2018,193,478000.0,352.0,"HDB Resale — PASIR RIS | 5 ROOM | 2018
Transactions: 193
Median resale price: SGD 478,000
Median price per sqft (PSF): SGD 352
Median floor area: 126 sqm
Median remaining lease: 74 years
CPF eligible transactions: 100%
"
hdb_pasir_ris_5_room_2019,hdb,PASIR RIS,5 ROOM,2019,191,483000.0,358.0,"HDB Resale — PASIR RIS | 5 ROOM | 2019
Transactions: 191
Median resale price: SGD 483,000
Median price per sqft (PSF): SGD 358
Median floor area: 125 sqm
Median remaining lease: 73 years
CPF eligible transactions: 100%
"
hdb_pasir_ris_5_room_2020,hdb,PASIR RIS,5 ROOM,2020,250,500000.0,372.0,"HDB Resale — PASIR RIS | 5 ROOM | 2020
Transactions: 250
Median resale price: SGD 500,000
Median price per sqft (PSF): SGD 372
Median floor area: 124 sqm
Median remaining lease: 72 years
CPF eligible transactions: 100%
"
hdb_pasir_ris_5_room_2021,hdb,PASIR RIS,5 ROOM,2021,302,555000.0,409.5,"HDB Resale — PASIR RIS | 5 ROOM | 2021
Transactions: 302
Median resale price: SGD 555,000
Median price per sqft (PSF): SGD 410
Median floor area: 125 sqm
Median remaining lease: 72 years
CPF eligible transactions: 100%
"
hdb_pasir_ris_5_room_2022,hdb,PASIR RIS,5 ROOM,2022,261,615000.0,457.0,"HDB Resale — PASIR RIS | 5 ROOM | 2022
Transactions: 261
Median resale price: SGD 615,000
Median price per sqft (PSF): SGD 457
Median floor area: 126 sqm
Median remaining lease: 70 years
CPF eligible transactions: 100%
"
hdb_pasir_ris_5_room_2023,hdb,PASIR RIS,5 ROOM,2023,196,650000.0,484.0,"HDB Resale — PASIR RIS | 5 ROOM | 2023
Transactions: 196
Median resale price: SGD 650,000
Median price per sqft (PSF): SGD 484
Median floor area: 125 sqm
Median remaining lease: 69 years
CPF eligible transactions: 100%
"
hdb_pasir_ris_5_room_2024,hdb,PASIR RIS,5 ROOM,2024,195,700000.0,516.0,"HDB Resale — PASIR RIS | 5 ROOM | 2024
Transactions: 195
Median resale price: SGD 700,000
Median price per sqft (PSF): SGD 516
Median floor area: 125 sqm
Median remaining lease: 68 years
CPF eligible transactions: 100%
"
hdb_pasir_ris_5_room_2025,hdb,PASIR RIS,5 ROOM,2025,201,725000.0,540.0,"HDB Resale — PASIR RIS | 5 ROOM | 2025
Transactions: 201
Median resale price: SGD 725,000
Median price per sqft (PSF): SGD 540
Median floor area: 126 sqm
Median remaining lease: 67 years
CPF eligible transactions: 100%
"
hdb_pasir_ris_5_room_2026,hdb,PASIR RIS,5 ROOM,2026,73,735000.0,543.0,"HDB Resale — PASIR RIS | 5 ROOM | 2026
Transactions: 73
Median resale price: SGD 735,000
Median price per sqft (PSF): SGD 543
Median floor area: 125 sqm
Median remaining lease: 66 years
CPF eligible transactions: 100%
"
hdb_punggol_3_room_2017,hdb,PUNGGOL,3 ROOM,2017,57,358000.0,479.0,"HDB Resale — PUNGGOL | 3 ROOM | 2017
Transactions: 57
Median resale price: SGD 358,000
Median price per sqft (PSF): SGD 479
Median floor area: 69 sqm
Median remaining lease: 94 years
CPF eligible transactions: 100%
"
hdb_punggol_3_room_2018,hdb,PUNGGOL,3 ROOM,2018,121,348000.0,474.0,"HDB Resale — PUNGGOL | 3 ROOM | 2018
Transactions: 121
Median resale price: SGD 348,000
Median price per sqft (PSF): SGD 474
Median floor area: 67 sqm
Median remaining lease: 94 years
CPF eligible transactions: 100%
"
hdb_punggol_3_room_2019,hdb,PUNGGOL,3 ROOM,2019,106,358000.0,487.5,"HDB Resale — PUNGGOL | 3 ROOM | 2019
Transactions: 106
Median resale price: SGD 358,000
Median price per sqft (PSF): SGD 488
Median floor area: 67 sqm
Median remaining lease: 94 years
CPF eligible transactions: 100%
"
hdb_punggol_3_room_2020,hdb,PUNGGOL,3 ROOM,2020,202,362500.0,506.0,"HDB Resale — PUNGGOL | 3 ROOM | 2020
Transactions: 202
Median resale price: SGD 362,500
Median price per sqft (PSF): SGD 506
Median floor area: 67 sqm
Median remaining lease: 94 years
CPF eligible transactions: 100%
"
hdb_punggol_3_room_2021,hdb,PUNGGOL,3 ROOM,2021,241,390000.0,540.0,"HDB Resale — PUNGGOL | 3 ROOM | 2021
Transactions: 241
Median resale price: SGD 390,000
Median price per sqft (PSF): SGD 540
Median floor area: 67 sqm
Median remaining lease: 93 years
CPF eligible transactions: 100%
"
hdb_punggol_3_room_2022,hdb,PUNGGOL,3 ROOM,2022,204,430000.0,596.0,"HDB Resale — PUNGGOL | 3 ROOM | 2022
Transactions: 204
Median resale price: SGD 430,000
Median price per sqft (PSF): SGD 596
Median floor area: 68 sqm
Median remaining lease: 93 years
CPF eligible transactions: 100%
"
hdb_punggol_3_room_2023,hdb,PUNGGOL,3 ROOM,2023,292,460000.0,631.0,"HDB Resale — PUNGGOL | 3 ROOM | 2023
Transactions: 292
Median resale price: SGD 460,000
Median price per sqft (PSF): SGD 631
Median floor area: 68 sqm
Median remaining lease: 92 years
CPF eligible transactions: 100%
"
hdb_punggol_3_room_2024,hdb,PUNGGOL,3 ROOM,2024,254,503444.0,690.5,"HDB Resale — PUNGGOL | 3 ROOM | 2024
Transactions: 254
Median resale price: SGD 503,444
Median price per sqft (PSF): SGD 690
Median floor area: 68 sqm
Median remaining lease: 91 years
CPF eligible transactions: 100%
"
hdb_punggol_3_room_2025,hdb,PUNGGOL,3 ROOM,2025,198,541444.0,742.5,"HDB Resale — PUNGGOL | 3 ROOM | 2025
Transactions: 198
Median resale price: SGD 541,444
Median price per sqft (PSF): SGD 742
Median floor area: 68 sqm
Median remaining lease: 90 years
CPF eligible transactions: 100%
"
hdb_punggol_3_room_2026,hdb,PUNGGOL,3 ROOM,2026,62,540500.0,742.5,"HDB Resale — PUNGGOL | 3 ROOM | 2026
Transactions: 62
Median resale price: SGD 540,500
Median price per sqft (PSF): SGD 742
Median floor area: 68 sqm
Median remaining lease: 89 years
CPF eligible transactions: 100%
"
hdb_punggol_4_room_2017,hdb,PUNGGOL,4 ROOM,2017,724,440000.0,438.5,"HDB Resale — PUNGGOL | 4 ROOM | 2017
Transactions: 724
Median resale price: SGD 440,000
Median price per sqft (PSF): SGD 438
Median floor area: 93 sqm
Median remaining lease: 94 years
CPF eligible transactions: 100%
"
hdb_punggol_4_room_2018,hdb,PUNGGOL,4 ROOM,2018,819,448000.0,445.0,"HDB Resale — PUNGGOL | 4 ROOM | 2018
Transactions: 819
Median resale price: SGD 448,000
Median price per sqft (PSF): SGD 445
Median floor area: 93 sqm
Median remaining lease: 93 years
CPF eligible transactions: 100%
"
hdb_punggol_4_room_2019,hdb,PUNGGOL,4 ROOM,2019,630,458000.0,458.0,"HDB Resale — PUNGGOL | 4 ROOM | 2019
Transactions: 630
Median resale price: SGD 458,000
Median price per sqft (PSF): SGD 458
Median floor area: 93 sqm
Median remaining lease: 93 years
CPF eligible transactions: 100%
"
hdb_punggol_4_room_2020,hdb,PUNGGOL,4 ROOM,2020,896,468000.0,470.0,"HDB Resale — PUNGGOL | 4 ROOM | 2020
Transactions: 896
Median resale price: SGD 468,000
Median price per sqft (PSF): SGD 470
Median floor area: 93 sqm
Median remaining lease: 93 years
CPF eligible transactions: 100%
"
hdb_punggol_4_room_2021,hdb,PUNGGOL,4 ROOM,2021,1338,491944.0,495.0,"HDB Resale — PUNGGOL | 4 ROOM | 2021
Transactions: 1338
Median resale price: SGD 491,944
Median price per sqft (PSF): SGD 495
Median floor area: 93 sqm
Median remaining lease: 93 years
CPF eligible transactions: 100%
"
hdb_punggol_4_room_2022,hdb,PUNGGOL,4 ROOM,2022,1005,550000.0,550.0,"HDB Resale — PUNGGOL | 4 ROOM | 2022
Transactions: 1005
Median resale price: SGD 550,000
Median price per sqft (PSF): SGD 550
Median floor area: 93 sqm
Median remaining lease: 91 years
CPF eligible transactions: 100%
"
hdb_punggol_4_room_2023,hdb,PUNGGOL,4 ROOM,2023,1027,595000.0,596.0,"HDB Resale — PUNGGOL | 4 ROOM | 2023
Transactions: 1027
Median resale price: SGD 595,000
Median price per sqft (PSF): SGD 596
Median floor area: 93 sqm
Median remaining lease: 91 years
CPF eligible transactions: 100%
"
hdb_punggol_4_room_2024,hdb,PUNGGOL,4 ROOM,2024,979,640000.0,642.0,"HDB Resale — PUNGGOL | 4 ROOM | 2024
Transactions: 979
Median resale price: SGD 640,000
Median price per sqft (PSF): SGD 642
Median floor area: 93 sqm
Median remaining lease: 89 years
CPF eligible transactions: 100%
"
hdb_punggol_4_room_2025,hdb,PUNGGOL,4 ROOM,2025,760,680000.0,682.0,"HDB Resale — PUNGGOL | 4 ROOM | 2025
Transactions: 760
Median resale price: SGD 680,000
Median price per sqft (PSF): SGD 682
Median floor area: 93 sqm
Median remaining lease: 88 years
CPF eligible transactions: 100%
"
hdb_punggol_4_room_2026,hdb,PUNGGOL,4 ROOM,2026,272,680000.0,680.0,"HDB Resale — PUNGGOL | 4 ROOM | 2026
Transactions: 272
Median resale price: SGD 680,000
Median price per sqft (PSF): SGD 680
Median floor area: 93 sqm
Median remaining lease: 88 years
CPF eligible transactions: 100%
"
hdb_punggol_5_room_2017,hdb,PUNGGOL,5 ROOM,2017,429,440000.0,370.0,"HDB Resale — PUNGGOL | 5 ROOM | 2017
Transactions: 429
Median resale price: SGD 440,000
Median price per sqft (PSF): SGD 370
Median floor area: 110 sqm
Median remaining lease: 85 years
CPF eligible transactions: 100%
"
hdb_punggol_5_room_2018,hdb,PUNGGOL,5 ROOM,2018,465,435000.0,365.0,"HDB Resale — PUNGGOL | 5 ROOM | 2018
Transactions: 465
Median resale price: SGD 435,000
Median price per sqft (PSF): SGD 365
Median floor area: 110 sqm
Median remaining lease: 84 years
CPF eligible transactions: 100%
"
hdb_punggol_5_room_2019,hdb,PUNGGOL,5 ROOM,2019,329,465000.0,391.0,"HDB Resale — PUNGGOL | 5 ROOM | 2019
Transactions: 329
Median resale price: SGD 465,000
Median price per sqft (PSF): SGD 391
Median floor area: 111 sqm
Median remaining lease: 84 years
CPF eligible transactions: 100%
"
hdb_punggol_5_room_2020,hdb,PUNGGOL,5 ROOM,2020,489,510000.0,422.0,"HDB Resale — PUNGGOL | 5 ROOM | 2020
Transactions: 489
Median resale price: SGD 510,000
Median price per sqft (PSF): SGD 422
Median floor area: 112 sqm
Median remaining lease: 91 years
CPF eligible transactions: 100%
"
hdb_punggol_5_room_2021,hdb,PUNGGOL,5 ROOM,2021,913,590000.0,488.0,"HDB Resale — PUNGGOL | 5 ROOM | 2021
Transactions: 913
Median resale price: SGD 590,000
Median price per sqft (PSF): SGD 488
Median floor area: 112 sqm
Median remaining lease: 92 years
CPF eligible transactions: 100%
"
hdb_punggol_5_room_2022,hdb,PUNGGOL,5 ROOM,2022,651,613000.0,507.0,"HDB Resale — PUNGGOL | 5 ROOM | 2022
Transactions: 651
Median resale price: SGD 613,000
Median price per sqft (PSF): SGD 507
Median floor area: 112 sqm
Median remaining lease: 89 years
CPF eligible transactions: 100%
"
hdb_punggol_5_room_2023,hdb,PUNGGOL,5 ROOM,2023,591,675000.0,555.0,"HDB Resale — PUNGGOL | 5 ROOM | 2023
Transactions: 591
Median resale price: SGD 675,000
Median price per sqft (PSF): SGD 555
Median floor area: 112 sqm
Median remaining lease: 89 years
CPF eligible transactions: 100%
"
hdb_punggol_5_room_2024,hdb,PUNGGOL,5 ROOM,2024,631,716000.0,597.0,"HDB Resale — PUNGGOL | 5 ROOM | 2024
Transactions: 631
Median resale price: SGD 716,000
Median price per sqft (PSF): SGD 597
Median floor area: 112 sqm
Median remaining lease: 88 years
CPF eligible transactions: 100%
"
hdb_punggol_5_room_2025,hdb,PUNGGOL,5 ROOM,2025,447,745000.0,617.0,"HDB Resale — PUNGGOL | 5 ROOM | 2025
Transactions: 447
Median resale price: SGD 745,000
Median price per sqft (PSF): SGD 617
Median floor area: 112 sqm
Median remaining lease: 87 years
CPF eligible transactions: 100%
"
hdb_punggol_5_room_2026,hdb,PUNGGOL,5 ROOM,2026,124,795000.0,654.5,"HDB Resale — PUNGGOL | 5 ROOM | 2026
Transactions: 124
Median resale price: SGD 795,000
Median price per sqft (PSF): SGD 654
Median floor area: 112 sqm
Median remaining lease: 87 years
CPF eligible transactions: 100%
"
hdb_queenstown_3_room_2017,hdb,QUEENSTOWN,3 ROOM,2017,233,352000.0,503.0,"HDB Resale — QUEENSTOWN | 3 ROOM | 2017
Transactions: 233
Median resale price: SGD 352,000
Median price per sqft (PSF): SGD 503
Median floor area: 65 sqm
Median remaining lease: 55 years
CPF eligible transactions: 100%
"
hdb_queenstown_3_room_2018,hdb,QUEENSTOWN,3 ROOM,2018,278,342750.0,486.0,"HDB Resale — QUEENSTOWN | 3 ROOM | 2018
Transactions: 278
Median resale price: SGD 342,750
Median price per sqft (PSF): SGD 486
Median floor area: 65 sqm
Median remaining lease: 55 years
CPF eligible transactions: 100%
"
hdb_queenstown_3_room_2019,hdb,QUEENSTOWN,3 ROOM,2019,256,316500.0,462.5,"HDB Resale — QUEENSTOWN | 3 ROOM | 2019
Transactions: 256
Median resale price: SGD 316,500
Median price per sqft (PSF): SGD 462
Median floor area: 65 sqm
Median remaining lease: 54 years
CPF eligible transactions: 100%
"
hdb_queenstown_3_room_2020,hdb,QUEENSTOWN,3 ROOM,2020,266,319000.0,445.5,"HDB Resale — QUEENSTOWN | 3 ROOM | 2020
Transactions: 266
Median resale price: SGD 319,000
Median price per sqft (PSF): SGD 446
Median floor area: 65 sqm
Median remaining lease: 52 years
CPF eligible transactions: 100%
"
hdb_queenstown_3_room_2021,hdb,QUEENSTOWN,3 ROOM,2021,349,355000.0,503.0,"HDB Resale — QUEENSTOWN | 3 ROOM | 2021
Transactions: 349
Median resale price: SGD 355,000
Median price per sqft (PSF): SGD 503
Median floor area: 65 sqm
Median remaining lease: 52 years
CPF eligible transactions: 100%
"
hdb_queenstown_3_room_2022,hdb,QUEENSTOWN,3 ROOM,2022,317,380000.0,543.0,"HDB Resale — QUEENSTOWN | 3 ROOM | 2022
Transactions: 317
Median resale price: SGD 380,000
Median price per sqft (PSF): SGD 543
Median floor area: 65 sqm
Median remaining lease: 51 years
CPF eligible transactions: 100%
"
hdb_queenstown_3_room_2023,hdb,QUEENSTOWN,3 ROOM,2023,251,399000.0,555.0,"HDB Resale — QUEENSTOWN | 3 ROOM | 2023
Transactions: 251
Median resale price: SGD 399,000
Median price per sqft (PSF): SGD 555
Median floor area: 65 sqm
Median remaining lease: 50 years
CPF eligible transactions: 100%
"
hdb_queenstown_3_room_2024,hdb,QUEENSTOWN,3 ROOM,2024,327,408000.0,575.0,"HDB Resale — QUEENSTOWN | 3 ROOM | 2024
Transactions: 327
Median resale price: SGD 408,000
Median price per sqft (PSF): SGD 575
Median floor area: 65 sqm
Median remaining lease: 49 years
CPF eligible transactions: 100%
"
hdb_queenstown_3_room_2025,hdb,QUEENSTOWN,3 ROOM,2025,260,445000.0,617.0,"HDB Resale — QUEENSTOWN | 3 ROOM | 2025
Transactions: 260
Median resale price: SGD 445,000
Median price per sqft (PSF): SGD 617
Median floor area: 65 sqm
Median remaining lease: 49 years
CPF eligible transactions: 100%
"
hdb_queenstown_3_room_2026,hdb,QUEENSTOWN,3 ROOM,2026,113,460000.0,667.0,"HDB Resale — QUEENSTOWN | 3 ROOM | 2026
Transactions: 113
Median resale price: SGD 460,000
Median price per sqft (PSF): SGD 667
Median floor area: 65 sqm
Median remaining lease: 49 years
CPF eligible transactions: 100%
"
hdb_queenstown_4_room_2017,hdb,QUEENSTOWN,4 ROOM,2017,179,705000.0,700.0,"HDB Resale — QUEENSTOWN | 4 ROOM | 2017
Transactions: 179
Median resale price: SGD 705,000
Median price per sqft (PSF): SGD 700
Median floor area: 92 sqm
Median remaining lease: 89 years
CPF eligible transactions: 100%
"
hdb_queenstown_4_room_2018,hdb,QUEENSTOWN,4 ROOM,2018,215,720000.0,722.0,"HDB Resale — QUEENSTOWN | 4 ROOM | 2018
Transactions: 215
Median resale price: SGD 720,000
Median price per sqft (PSF): SGD 722
Median floor area: 92 sqm
Median remaining lease: 88 years
CPF eligible transactions: 100%
"
hdb_queenstown_4_room_2019,hdb,QUEENSTOWN,4 ROOM,2019,192,727500.0,725.0,"HDB Resale — QUEENSTOWN | 4 ROOM | 2019
Transactions: 192
Median resale price: SGD 727,500
Median price per sqft (PSF): SGD 725
Median floor area: 92 sqm
Median remaining lease: 86 years
CPF eligible transactions: 100%
"
hdb_queenstown_4_room_2020,hdb,QUEENSTOWN,4 ROOM,2020,260,772888.5,806.0,"HDB Resale — QUEENSTOWN | 4 ROOM | 2020
Transactions: 260
Median resale price: SGD 772,888
Median price per sqft (PSF): SGD 806
Median floor area: 88 sqm
Median remaining lease: 91 years
CPF eligible transactions: 100%
"
hdb_queenstown_4_room_2021,hdb,QUEENSTOWN,4 ROOM,2021,429,783000.0,815.0,"HDB Resale — QUEENSTOWN | 4 ROOM | 2021
Transactions: 429
Median resale price: SGD 783,000
Median price per sqft (PSF): SGD 815
Median floor area: 88 sqm
Median remaining lease: 90 years
CPF eligible transactions: 100%
"
hdb_queenstown_4_room_2022,hdb,QUEENSTOWN,4 ROOM,2022,286,832500.0,852.5,"HDB Resale — QUEENSTOWN | 4 ROOM | 2022
Transactions: 286
Median resale price: SGD 832,500
Median price per sqft (PSF): SGD 852
Median floor area: 90 sqm
Median remaining lease: 89 years
CPF eligible transactions: 100%
"
hdb_queenstown_4_room_2023,hdb,QUEENSTOWN,4 ROOM,2023,253,875000.0,899.0,"HDB Resale — QUEENSTOWN | 4 ROOM | 2023
Transactions: 253
Median resale price: SGD 875,000
Median price per sqft (PSF): SGD 899
Median floor area: 92 sqm
Median remaining lease: 88 years
CPF eligible transactions: 100%
"
hdb_queenstown_4_room_2024,hdb,QUEENSTOWN,4 ROOM,2024,271,928000.0,935.0,"HDB Resale — QUEENSTOWN | 4 ROOM | 2024
Transactions: 271
Median resale price: SGD 928,000
Median price per sqft (PSF): SGD 935
Median floor area: 92 sqm
Median remaining lease: 85 years
CPF eligible transactions: 100%
"
hdb_queenstown_4_room_2025,hdb,QUEENSTOWN,4 ROOM,2025,246,988000.0,997.5,"HDB Resale — QUEENSTOWN | 4 ROOM | 2025
Transactions: 246
Median resale price: SGD 988,000
Median price per sqft (PSF): SGD 998
Median floor area: 90 sqm
Median remaining lease: 85 years
CPF eligible transactions: 100%
"
hdb_queenstown_4_room_2026,hdb,QUEENSTOWN,4 ROOM,2026,88,1018444.0,1058.5,"HDB Resale — QUEENSTOWN | 4 ROOM | 2026
Transactions: 88
Median resale price: SGD 1,018,444
Median price per sqft (PSF): SGD 1,058
Median floor area: 90 sqm
Median remaining lease: 88 years
CPF eligible transactions: 100%
"
hdb_queenstown_5_room_2017,hdb,QUEENSTOWN,5 ROOM,2017,79,824000.0,640.0,"HDB Resale — QUEENSTOWN | 5 ROOM | 2017
Transactions: 79
Median resale price: SGD 824,000
Median price per sqft (PSF): SGD 640
Median floor area: 117 sqm
Median remaining lease: 78 years
CPF eligible transactions: 100%
"
hdb_queenstown_5_room_2018,hdb,QUEENSTOWN,5 ROOM,2018,86,838000.0,674.0,"HDB Resale — QUEENSTOWN | 5 ROOM | 2018
Transactions: 86
Median resale price: SGD 838,000
Median price per sqft (PSF): SGD 674
Median floor area: 117 sqm
Median remaining lease: 82 years
CPF eligible transactions: 100%
"
hdb_queenstown_5_room_2019,hdb,QUEENSTOWN,5 ROOM,2019,86,825000.0,651.5,"HDB Resale — QUEENSTOWN | 5 ROOM | 2019
Transactions: 86
Median resale price: SGD 825,000
Median price per sqft (PSF): SGD 652
Median floor area: 117 sqm
Median remaining lease: 78 years
CPF eligible transactions: 100%
"
hdb_queenstown_5_room_2020,hdb,QUEENSTOWN,5 ROOM,2020,80,860000.0,686.5,"HDB Resale — QUEENSTOWN | 5 ROOM | 2020
Transactions: 80
Median resale price: SGD 860,000
Median price per sqft (PSF): SGD 686
Median floor area: 115 sqm
Median remaining lease: 80 years
CPF eligible transactions: 100%
"
hdb_queenstown_5_room_2021,hdb,QUEENSTOWN,5 ROOM,2021,152,902500.0,724.0,"HDB Resale — QUEENSTOWN | 5 ROOM | 2021
Transactions: 152
Median resale price: SGD 902,500
Median price per sqft (PSF): SGD 724
Median floor area: 114 sqm
Median remaining lease: 84 years
CPF eligible transactions: 100%
"
hdb_queenstown_5_room_2022,hdb,QUEENSTOWN,5 ROOM,2022,106,900000.0,728.5,"HDB Resale — QUEENSTOWN | 5 ROOM | 2022
Transactions: 106
Median resale price: SGD 900,000
Median price per sqft (PSF): SGD 728
Median floor area: 117 sqm
Median remaining lease: 78 years
CPF eligible transactions: 100%
"
hdb_queenstown_5_room_2023,hdb,QUEENSTOWN,5 ROOM,2023,52,934000.0,723.5,"HDB Resale — QUEENSTOWN | 5 ROOM | 2023
Transactions: 52
Median resale price: SGD 934,000
Median price per sqft (PSF): SGD 724
Median floor area: 117 sqm
Median remaining lease: 70 years
CPF eligible transactions: 100%
"
hdb_queenstown_5_room_2024,hdb,QUEENSTOWN,5 ROOM,2024,69,1023000.0,826.0,"HDB Resale — QUEENSTOWN | 5 ROOM | 2024
Transactions: 69
Median resale price: SGD 1,023,000
Median price per sqft (PSF): SGD 826
Median floor area: 117 sqm
Median remaining lease: 75 years
CPF eligible transactions: 100%
"
hdb_queenstown_5_room_2025,hdb,QUEENSTOWN,5 ROOM,2025,65,1200000.0,971.0,"HDB Resale — QUEENSTOWN | 5 ROOM | 2025
Transactions: 65
Median resale price: SGD 1,200,000
Median price per sqft (PSF): SGD 971
Median floor area: 115 sqm
Median remaining lease: 80 years
CPF eligible transactions: 100%
"
hdb_queenstown_5_room_2026,hdb,QUEENSTOWN,5 ROOM,2026,24,1268000.0,956.5,"HDB Resale — QUEENSTOWN | 5 ROOM | 2026
Transactions: 24
Median resale price: SGD 1,268,000
Median price per sqft (PSF): SGD 956
Median floor area: 117 sqm
Median remaining lease: 76 years
CPF eligible transactions: 100%
"
hdb_sembawang_3_room_2018,hdb,SEMBAWANG,3 ROOM,2018,5,283000.0,392.0,"HDB Resale — SEMBAWANG | 3 ROOM | 2018
Transactions: 5
Median resale price: SGD 283,000
Median price per sqft (PSF): SGD 392
Median floor area: 67 sqm
Median remaining lease: 95 years
CPF eligible transactions: 100%
"
hdb_sembawang_3_room_2019,hdb,SEMBAWANG,3 ROOM,2019,53,292000.0,399.0,"HDB Resale — SEMBAWANG | 3 ROOM | 2019
Transactions: 53
Median resale price: SGD 292,000
Median price per sqft (PSF): SGD 399
Median floor area: 68 sqm
Median remaining lease: 94 years
CPF eligible transactions: 100%
"
hdb_sembawang_3_room_2020,hdb,SEMBAWANG,3 ROOM,2020,23,300000.0,416.0,"HDB Resale — SEMBAWANG | 3 ROOM | 2020
Transactions: 23
Median resale price: SGD 300,000
Median price per sqft (PSF): SGD 416
Median floor area: 68 sqm
Median remaining lease: 94 years
CPF eligible transactions: 100%
"
hdb_sembawang_3_room_2021,hdb,SEMBAWANG,3 ROOM,2021,18,323500.0,445.0,"HDB Resale — SEMBAWANG | 3 ROOM | 2021
Transactions: 18
Median resale price: SGD 323,500
Median price per sqft (PSF): SGD 445
Median floor area: 68 sqm
Median remaining lease: 93 years
CPF eligible transactions: 100%
"
hdb_sembawang_3_room_2022,hdb,SEMBAWANG,3 ROOM,2022,61,425000.0,587.0,"HDB Resale — SEMBAWANG | 3 ROOM | 2022
Transactions: 61
Median resale price: SGD 425,000
Median price per sqft (PSF): SGD 587
Median floor area: 68 sqm
Median remaining lease: 94 years
CPF eligible transactions: 100%
"
hdb_sembawang_3_room_2023,hdb,SEMBAWANG,3 ROOM,2023,92,440000.0,604.5,"HDB Resale — SEMBAWANG | 3 ROOM | 2023
Transactions: 92
Median resale price: SGD 440,000
Median price per sqft (PSF): SGD 604
Median floor area: 68 sqm
Median remaining lease: 94 years
CPF eligible transactions: 100%
"
hdb_sembawang_3_room_2024,hdb,SEMBAWANG,3 ROOM,2024,107,485000.0,663.0,"HDB Resale — SEMBAWANG | 3 ROOM | 2024
Transactions: 107
Median resale price: SGD 485,000
Median price per sqft (PSF): SGD 663
Median floor area: 68 sqm
Median remaining lease: 93 years
CPF eligible transactions: 100%
"
hdb_sembawang_3_room_2025,hdb,SEMBAWANG,3 ROOM,2025,112,520000.0,710.0,"HDB Resale — SEMBAWANG | 3 ROOM | 2025
Transactions: 112
Median resale price: SGD 520,000
Median price per sqft (PSF): SGD 710
Median floor area: 68 sqm
Median remaining lease: 92 years
CPF eligible transactions: 100%
"
hdb_sembawang_3_room_2026,hdb,SEMBAWANG,3 ROOM,2026,39,520000.0,710.0,"HDB Resale — SEMBAWANG | 3 ROOM | 2026
Transactions: 39
Median resale price: SGD 520,000
Median price per sqft (PSF): SGD 710
Median floor area: 68 sqm
Median remaining lease: 91 years
CPF eligible transactions: 100%
"
hdb_sembawang_4_room_2017,hdb,SEMBAWANG,4 ROOM,2017,242,348000.0,346.0,"HDB Resale — SEMBAWANG | 4 ROOM | 2017
Transactions: 242
Median resale price: SGD 348,000
Median price per sqft (PSF): SGD 346
Median floor area: 91 sqm
Median remaining lease: 83 years
CPF eligible transactions: 100%
"
hdb_sembawang_4_room_2018,hdb,SEMBAWANG,4 ROOM,2018,259,335000.0,331.0,"HDB Resale — SEMBAWANG | 4 ROOM | 2018
Transactions: 259
Median resale price: SGD 335,000
Median price per sqft (PSF): SGD 331
Median floor area: 92 sqm
Median remaining lease: 82 years
CPF eligible transactions: 100%
"
hdb_sembawang_4_room_2019,hdb,SEMBAWANG,4 ROOM,2019,279,342000.0,340.0,"HDB Resale — SEMBAWANG | 4 ROOM | 2019
Transactions: 279
Median resale price: SGD 342,000
Median price per sqft (PSF): SGD 340
Median floor area: 93 sqm
Median remaining lease: 82 years
CPF eligible transactions: 100%
"
hdb_sembawang_4_room_2020,hdb,SEMBAWANG,4 ROOM,2020,164,355000.0,352.0,"HDB Resale — SEMBAWANG | 4 ROOM | 2020
Transactions: 164
Median resale price: SGD 355,000
Median price per sqft (PSF): SGD 352
Median floor area: 93 sqm
Median remaining lease: 81 years
CPF eligible transactions: 100%
"
hdb_sembawang_4_room_2021,hdb,SEMBAWANG,4 ROOM,2021,208,412500.0,416.0,"HDB Resale — SEMBAWANG | 4 ROOM | 2021
Transactions: 208
Median resale price: SGD 412,500
Median price per sqft (PSF): SGD 416
Median floor area: 92 sqm
Median remaining lease: 80 years
CPF eligible transactions: 100%
"
hdb_sembawang_4_room_2022,hdb,SEMBAWANG,4 ROOM,2022,339,490000.0,495.0,"HDB Resale — SEMBAWANG | 4 ROOM | 2022
Transactions: 339
Median resale price: SGD 490,000
Median price per sqft (PSF): SGD 495
Median floor area: 93 sqm
Median remaining lease: 86 years
CPF eligible transactions: 100%
"
hdb_sembawang_4_room_2023,hdb,SEMBAWANG,4 ROOM,2023,499,550000.0,549.0,"HDB Resale — SEMBAWANG | 4 ROOM | 2023
Transactions: 499
Median resale price: SGD 550,000
Median price per sqft (PSF): SGD 549
Median floor area: 93 sqm
Median remaining lease: 93 years
CPF eligible transactions: 100%
"
hdb_sembawang_4_room_2024,hdb,SEMBAWANG,4 ROOM,2024,456,573444.0,569.5,"HDB Resale — SEMBAWANG | 4 ROOM | 2024
Transactions: 456
Median resale price: SGD 573,444
Median price per sqft (PSF): SGD 570
Median floor area: 93 sqm
Median remaining lease: 92 years
CPF eligible transactions: 100%
"
hdb_sembawang_4_room_2025,hdb,SEMBAWANG,4 ROOM,2025,496,620000.0,619.5,"HDB Resale — SEMBAWANG | 4 ROOM | 2025
Transactions: 496
Median resale price: SGD 620,000
Median price per sqft (PSF): SGD 620
Median floor area: 93 sqm
Median remaining lease: 92 years
CPF eligible transactions: 100%
"
hdb_sembawang_4_room_2026,hdb,SEMBAWANG,4 ROOM,2026,125,600000.0,604.0,"HDB Resale — SEMBAWANG | 4 ROOM | 2026
Transactions: 125
Median resale price: SGD 600,000
Median price per sqft (PSF): SGD 604
Median floor area: 93 sqm
Median remaining lease: 90 years
CPF eligible transactions: 100%
"
hdb_sembawang_5_room_2017,hdb,SEMBAWANG,5 ROOM,2017,183,408000.0,337.0,"HDB Resale — SEMBAWANG | 5 ROOM | 2017
Transactions: 183
Median resale price: SGD 408,000
Median price per sqft (PSF): SGD 337
Median floor area: 110 sqm
Median remaining lease: 83 years
CPF eligible transactions: 100%
"
hdb_sembawang_5_room_2018,hdb,SEMBAWANG,5 ROOM,2018,219,387000.0,321.0,"HDB Resale — SEMBAWANG | 5 ROOM | 2018
Transactions: 219
Median resale price: SGD 387,000
Median price per sqft (PSF): SGD 321
Median floor area: 110 sqm
Median remaining lease: 82 years
CPF eligible transactions: 100%
"
hdb_sembawang_5_room_2019,hdb,SEMBAWANG,5 ROOM,2019,181,395000.0,329.0,"HDB Resale — SEMBAWANG | 5 ROOM | 2019
Transactions: 181
Median resale price: SGD 395,000
Median price per sqft (PSF): SGD 329
Median floor area: 110 sqm
Median remaining lease: 81 years
CPF eligible transactions: 100%
"
hdb_sembawang_5_room_2020,hdb,SEMBAWANG,5 ROOM,2020,153,412000.0,339.0,"HDB Resale — SEMBAWANG | 5 ROOM | 2020
Transactions: 153
Median resale price: SGD 412,000
Median price per sqft (PSF): SGD 339
Median floor area: 110 sqm
Median remaining lease: 79 years
CPF eligible transactions: 100%
"
hdb_sembawang_5_room_2021,hdb,SEMBAWANG,5 ROOM,2021,173,480000.0,398.0,"HDB Resale — SEMBAWANG | 5 ROOM | 2021
Transactions: 173
Median resale price: SGD 480,000
Median price per sqft (PSF): SGD 398
Median floor area: 110 sqm
Median remaining lease: 79 years
CPF eligible transactions: 100%
"
hdb_sembawang_5_room_2022,hdb,SEMBAWANG,5 ROOM,2022,248,555000.0,456.0,"HDB Resale — SEMBAWANG | 5 ROOM | 2022
Transactions: 248
Median resale price: SGD 555,000
Median price per sqft (PSF): SGD 456
Median floor area: 113 sqm
Median remaining lease: 78 years
CPF eligible transactions: 100%
"
hdb_sembawang_5_room_2023,hdb,SEMBAWANG,5 ROOM,2023,254,590000.0,484.5,"HDB Resale — SEMBAWANG | 5 ROOM | 2023
Transactions: 254
Median resale price: SGD 590,000
Median price per sqft (PSF): SGD 484
Median floor area: 112 sqm
Median remaining lease: 77 years
CPF eligible transactions: 100%
"
hdb_sembawang_5_room_2024,hdb,SEMBAWANG,5 ROOM,2024,251,613000.0,507.0,"HDB Resale — SEMBAWANG | 5 ROOM | 2024
Transactions: 251
Median resale price: SGD 613,000
Median price per sqft (PSF): SGD 507
Median floor area: 111 sqm
Median remaining lease: 76 years
CPF eligible transactions: 100%
"
hdb_sembawang_5_room_2025,hdb,SEMBAWANG,5 ROOM,2025,308,663444.0,542.5,"HDB Resale — SEMBAWANG | 5 ROOM | 2025
Transactions: 308
Median resale price: SGD 663,444
Median price per sqft (PSF): SGD 542
Median floor area: 113 sqm
Median remaining lease: 75 years
CPF eligible transactions: 100%
"
hdb_sembawang_5_room_2026,hdb,SEMBAWANG,5 ROOM,2026,79,655000.0,532.0,"HDB Resale — SEMBAWANG | 5 ROOM | 2026
Transactions: 79
Median resale price: SGD 655,000
Median price per sqft (PSF): SGD 532
Median floor area: 113 sqm
Median remaining lease: 74 years
CPF eligible transactions: 100%
"
hdb_sengkang_3_room_2017,hdb,SENGKANG,3 ROOM,2017,61,350000.0,482.0,"HDB Resale — SENGKANG | 3 ROOM | 2017
Transactions: 61
Median resale price: SGD 350,000
Median price per sqft (PSF): SGD 482
Median floor area: 68 sqm
Median remaining lease: 94 years
CPF eligible transactions: 100%
"
hdb_sengkang_3_room_2018,hdb,SENGKANG,3 ROOM,2018,107,334000.0,458.0,"HDB Resale — SENGKANG | 3 ROOM | 2018
Transactions: 107
Median resale price: SGD 334,000
Median price per sqft (PSF): SGD 458
Median floor area: 67 sqm
Median remaining lease: 95 years
CPF eligible transactions: 100%
"
hdb_sengkang_3_room_2019,hdb,SENGKANG,3 ROOM,2019,151,340000.0,469.0,"HDB Resale — SENGKANG | 3 ROOM | 2019
Transactions: 151
Median resale price: SGD 340,000
Median price per sqft (PSF): SGD 469
Median floor area: 67 sqm
Median remaining lease: 94 years
CPF eligible transactions: 100%
"
hdb_sengkang_3_room_2020,hdb,SENGKANG,3 ROOM,2020,164,347000.0,474.0,"HDB Resale — SENGKANG | 3 ROOM | 2020
Transactions: 164
Median resale price: SGD 347,000
Median price per sqft (PSF): SGD 474
Median floor area: 67 sqm
Median remaining lease: 94 years
CPF eligible transactions: 100%
"
hdb_sengkang_3_room_2021,hdb,SENGKANG,3 ROOM,2021,162,381100.0,523.5,"HDB Resale — SENGKANG | 3 ROOM | 2021
Transactions: 162
Median resale price: SGD 381,100
Median price per sqft (PSF): SGD 524
Median floor area: 68 sqm
Median remaining lease: 93 years
CPF eligible transactions: 100%
"
hdb_sengkang_3_room_2022,hdb,SENGKANG,3 ROOM,2022,173,430000.0,587.0,"HDB Resale — SENGKANG | 3 ROOM | 2022
Transactions: 173
Median resale price: SGD 430,000
Median price per sqft (PSF): SGD 587
Median floor area: 68 sqm
Median remaining lease: 92 years
CPF eligible transactions: 100%
"
hdb_sengkang_3_room_2023,hdb,SENGKANG,3 ROOM,2023,132,460000.0,628.0,"HDB Resale — SENGKANG | 3 ROOM | 2023
Transactions: 132
Median resale price: SGD 460,000
Median price per sqft (PSF): SGD 628
Median floor area: 68 sqm
Median remaining lease: 91 years
CPF eligible transactions: 100%
"
hdb_sengkang_3_room_2024,hdb,SENGKANG,3 ROOM,2024,168,497444.0,679.0,"HDB Resale — SENGKANG | 3 ROOM | 2024
Transactions: 168
Median resale price: SGD 497,444
Median price per sqft (PSF): SGD 679
Median floor area: 68 sqm
Median remaining lease: 90 years
CPF eligible transactions: 100%
"
hdb_sengkang_3_room_2025,hdb,SENGKANG,3 ROOM,2025,150,541000.0,742.0,"HDB Resale — SENGKANG | 3 ROOM | 2025
Transactions: 150
Median resale price: SGD 541,000
Median price per sqft (PSF): SGD 742
Median floor area: 68 sqm
Median remaining lease: 89 years
CPF eligible transactions: 100%
"
hdb_sengkang_3_room_2026,hdb,SENGKANG,3 ROOM,2026,52,542500.0,745.0,"HDB Resale — SENGKANG | 3 ROOM | 2026
Transactions: 52
Median resale price: SGD 542,500
Median price per sqft (PSF): SGD 745
Median floor area: 68 sqm
Median remaining lease: 88 years
CPF eligible transactions: 100%
"
hdb_sengkang_4_room_2017,hdb,SENGKANG,4 ROOM,2017,756,415000.0,409.5,"HDB Resale — SENGKANG | 4 ROOM | 2017
Transactions: 756
Median resale price: SGD 415,000
Median price per sqft (PSF): SGD 410
Median floor area: 93 sqm
Median remaining lease: 90 years
CPF eligible transactions: 100%
"
hdb_sengkang_4_room_2018,hdb,SENGKANG,4 ROOM,2018,746,405000.0,400.5,"HDB Resale — SENGKANG | 4 ROOM | 2018
Transactions: 746
Median resale price: SGD 405,000
Median price per sqft (PSF): SGD 400
Median floor area: 93 sqm
Median remaining lease: 90 years
CPF eligible transactions: 100%
"
hdb_sengkang_4_room_2019,hdb,SENGKANG,4 ROOM,2019,893,418000.0,419.0,"HDB Resale — SENGKANG | 4 ROOM | 2019
Transactions: 893
Median resale price: SGD 418,000
Median price per sqft (PSF): SGD 419
Median floor area: 92 sqm
Median remaining lease: 92 years
CPF eligible transactions: 100%
"
hdb_sengkang_4_room_2020,hdb,SENGKANG,4 ROOM,2020,1004,430000.0,431.5,"HDB Resale — SENGKANG | 4 ROOM | 2020
Transactions: 1004
Median resale price: SGD 430,000
Median price per sqft (PSF): SGD 432
Median floor area: 93 sqm
Median remaining lease: 93 years
CPF eligible transactions: 100%
"
hdb_sengkang_4_room_2021,hdb,SENGKANG,4 ROOM,2021,1349,465000.0,465.0,"HDB Resale — SENGKANG | 4 ROOM | 2021
Transactions: 1349
Median resale price: SGD 465,000
Median price per sqft (PSF): SGD 465
Median floor area: 93 sqm
Median remaining lease: 92 years
CPF eligible transactions: 100%
"
hdb_sengkang_4_room_2022,hdb,SENGKANG,4 ROOM,2022,1099,525000.0,524.0,"HDB Resale — SENGKANG | 4 ROOM | 2022
Transactions: 1099
Median resale price: SGD 525,000
Median price per sqft (PSF): SGD 524
Median floor area: 93 sqm
Median remaining lease: 89 years
CPF eligible transactions: 100%
"
hdb_sengkang_4_room_2023,hdb,SENGKANG,4 ROOM,2023,1000,560444.0,563.0,"HDB Resale — SENGKANG | 4 ROOM | 2023
Transactions: 1000
Median resale price: SGD 560,444
Median price per sqft (PSF): SGD 563
Median floor area: 93 sqm
Median remaining lease: 87 years
CPF eligible transactions: 100%
"
hdb_sengkang_4_room_2024,hdb,SENGKANG,4 ROOM,2024,1025,615888.0,615.0,"HDB Resale — SENGKANG | 4 ROOM | 2024
Transactions: 1025
Median resale price: SGD 615,888
Median price per sqft (PSF): SGD 615
Median floor area: 92 sqm
Median remaining lease: 87 years
CPF eligible transactions: 100%
"
hdb_sengkang_4_room_2025,hdb,SENGKANG,4 ROOM,2025,920,648944.0,649.0,"HDB Resale — SENGKANG | 4 ROOM | 2025
Transactions: 920
Median resale price: SGD 648,944
Median price per sqft (PSF): SGD 649
Median floor area: 93 sqm
Median remaining lease: 86 years
CPF eligible transactions: 100%
"
hdb_sengkang_4_room_2026,hdb,SENGKANG,4 ROOM,2026,264,640000.0,641.5,"HDB Resale — SENGKANG | 4 ROOM | 2026
Transactions: 264
Median resale price: SGD 640,000
Median price per sqft (PSF): SGD 642
Median floor area: 93 sqm
Median remaining lease: 85 years
CPF eligible transactions: 100%
"
hdb_sengkang_5_room_2017,hdb,SENGKANG,5 ROOM,2017,496,440000.0,362.5,"HDB Resale — SENGKANG | 5 ROOM | 2017
Transactions: 496
Median resale price: SGD 440,000
Median price per sqft (PSF): SGD 362
Median floor area: 110 sqm
Median remaining lease: 83 years
CPF eligible transactions: 100%
"
hdb_sengkang_5_room_2018,hdb,SENGKANG,5 ROOM,2018,548,437444.0,361.0,"HDB Resale — SENGKANG | 5 ROOM | 2018
Transactions: 548
Median resale price: SGD 437,444
Median price per sqft (PSF): SGD 361
Median floor area: 110 sqm
Median remaining lease: 82 years
CPF eligible transactions: 100%
"
hdb_sengkang_5_room_2019,hdb,SENGKANG,5 ROOM,2019,541,460000.0,376.0,"HDB Resale — SENGKANG | 5 ROOM | 2019
Transactions: 541
Median resale price: SGD 460,000
Median price per sqft (PSF): SGD 376
Median floor area: 112 sqm
Median remaining lease: 82 years
CPF eligible transactions: 100%
"
hdb_sengkang_5_room_2020,hdb,SENGKANG,5 ROOM,2020,759,485000.0,400.0,"HDB Resale — SENGKANG | 5 ROOM | 2020
Transactions: 759
Median resale price: SGD 485,000
Median price per sqft (PSF): SGD 400
Median floor area: 112 sqm
Median remaining lease: 82 years
CPF eligible transactions: 100%
"
hdb_sengkang_5_room_2021,hdb,SENGKANG,5 ROOM,2021,964,522000.0,432.0,"HDB Resale — SENGKANG | 5 ROOM | 2021
Transactions: 964
Median resale price: SGD 522,000
Median price per sqft (PSF): SGD 432
Median floor area: 112 sqm
Median remaining lease: 81 years
CPF eligible transactions: 100%
"
hdb_sengkang_5_room_2022,hdb,SENGKANG,5 ROOM,2022,791,580000.0,478.0,"HDB Resale — SENGKANG | 5 ROOM | 2022
Transactions: 791
Median resale price: SGD 580,000
Median price per sqft (PSF): SGD 478
Median floor area: 112 sqm
Median remaining lease: 79 years
CPF eligible transactions: 100%
"
hdb_sengkang_5_room_2023,hdb,SENGKANG,5 ROOM,2023,627,618000.0,503.0,"HDB Resale — SENGKANG | 5 ROOM | 2023
Transactions: 627
Median resale price: SGD 618,000
Median price per sqft (PSF): SGD 503
Median floor area: 112 sqm
Median remaining lease: 78 years
CPF eligible transactions: 100%
"
hdb_sengkang_5_room_2024,hdb,SENGKANG,5 ROOM,2024,703,660000.0,541.0,"HDB Resale — SENGKANG | 5 ROOM | 2024
Transactions: 703
Median resale price: SGD 660,000
Median price per sqft (PSF): SGD 541
Median floor area: 112 sqm
Median remaining lease: 77 years
CPF eligible transactions: 100%
"
hdb_sengkang_5_room_2025,hdb,SENGKANG,5 ROOM,2025,627,705000.0,574.0,"HDB Resale — SENGKANG | 5 ROOM | 2025
Transactions: 627
Median resale price: SGD 705,000
Median price per sqft (PSF): SGD 574
Median floor area: 112 sqm
Median remaining lease: 77 years
CPF eligible transactions: 100%
"
hdb_sengkang_5_room_2026,hdb,SENGKANG,5 ROOM,2026,171,710000.0,580.0,"HDB Resale — SENGKANG | 5 ROOM | 2026
Transactions: 171
Median resale price: SGD 710,000
Median price per sqft (PSF): SGD 580
Median floor area: 112 sqm
Median remaining lease: 76 years
CPF eligible transactions: 100%
"
hdb_serangoon_3_room_2017,hdb,SERANGOON,3 ROOM,2017,98,320000.0,444.0,"HDB Resale — SERANGOON | 3 ROOM | 2017
Transactions: 98
Median resale price: SGD 320,000
Median price per sqft (PSF): SGD 444
Median floor area: 64 sqm
Median remaining lease: 66 years
CPF eligible transactions: 100%
"
hdb_serangoon_3_room_2018,hdb,SERANGOON,3 ROOM,2018,88,307500.0,432.0,"HDB Resale — SERANGOON | 3 ROOM | 2018
Transactions: 88
Median resale price: SGD 307,500
Median price per sqft (PSF): SGD 432
Median floor area: 64 sqm
Median remaining lease: 65 years
CPF eligible transactions: 100%
"
hdb_serangoon_3_room_2019,hdb,SERANGOON,3 ROOM,2019,94,303000.0,423.0,"HDB Resale — SERANGOON | 3 ROOM | 2019
Transactions: 94
Median resale price: SGD 303,000
Median price per sqft (PSF): SGD 423
Median floor area: 64 sqm
Median remaining lease: 64 years
CPF eligible transactions: 100%
"
hdb_serangoon_3_room_2020,hdb,SERANGOON,3 ROOM,2020,91,310000.0,437.0,"HDB Resale — SERANGOON | 3 ROOM | 2020
Transactions: 91
Median resale price: SGD 310,000
Median price per sqft (PSF): SGD 437
Median floor area: 64 sqm
Median remaining lease: 63 years
CPF eligible transactions: 100%
"
hdb_serangoon_3_room_2021,hdb,SERANGOON,3 ROOM,2021,101,345000.0,492.0,"HDB Resale — SERANGOON | 3 ROOM | 2021
Transactions: 101
Median resale price: SGD 345,000
Median price per sqft (PSF): SGD 492
Median floor area: 64 sqm
Median remaining lease: 62 years
CPF eligible transactions: 100%
"
hdb_serangoon_3_room_2022,hdb,SERANGOON,3 ROOM,2022,91,380000.0,530.0,"HDB Resale — SERANGOON | 3 ROOM | 2022
Transactions: 91
Median resale price: SGD 380,000
Median price per sqft (PSF): SGD 530
Median floor area: 64 sqm
Median remaining lease: 61 years
CPF eligible transactions: 100%
"
hdb_serangoon_3_room_2023,hdb,SERANGOON,3 ROOM,2023,107,395000.0,552.0,"HDB Resale — SERANGOON | 3 ROOM | 2023
Transactions: 107
Median resale price: SGD 395,000
Median price per sqft (PSF): SGD 552
Median floor area: 64 sqm
Median remaining lease: 60 years
CPF eligible transactions: 100%
"
hdb_serangoon_3_room_2024,hdb,SERANGOON,3 ROOM,2024,94,437500.0,607.0,"HDB Resale — SERANGOON | 3 ROOM | 2024
Transactions: 94
Median resale price: SGD 437,500
Median price per sqft (PSF): SGD 607
Median floor area: 67 sqm
Median remaining lease: 59 years
CPF eligible transactions: 100%
"
hdb_serangoon_3_room_2025,hdb,SERANGOON,3 ROOM,2025,92,466500.0,666.0,"HDB Resale — SERANGOON | 3 ROOM | 2025
Transactions: 92
Median resale price: SGD 466,500
Median price per sqft (PSF): SGD 666
Median floor area: 64 sqm
Median remaining lease: 58 years
CPF eligible transactions: 100%
"
hdb_serangoon_3_room_2026,hdb,SERANGOON,3 ROOM,2026,28,457500.0,653.0,"HDB Resale — SERANGOON | 3 ROOM | 2026
Transactions: 28
Median resale price: SGD 457,500
Median price per sqft (PSF): SGD 653
Median floor area: 64 sqm
Median remaining lease: 58 years
CPF eligible transactions: 100%
"
hdb_serangoon_4_room_2017,hdb,SERANGOON,4 ROOM,2017,186,441900.0,448.5,"HDB Resale — SERANGOON | 4 ROOM | 2017
Transactions: 186
Median resale price: SGD 441,900
Median price per sqft (PSF): SGD 448
Median floor area: 96 sqm
Median remaining lease: 67 years
CPF eligible transactions: 100%
"
hdb_serangoon_4_room_2018,hdb,SERANGOON,4 ROOM,2018,187,450000.0,453.0,"HDB Resale — SERANGOON | 4 ROOM | 2018
Transactions: 187
Median resale price: SGD 450,000
Median price per sqft (PSF): SGD 453
Median floor area: 93 sqm
Median remaining lease: 66 years
CPF eligible transactions: 100%
"
hdb_serangoon_4_room_2019,hdb,SERANGOON,4 ROOM,2019,192,436500.0,430.0,"HDB Resale — SERANGOON | 4 ROOM | 2019
Transactions: 192
Median resale price: SGD 436,500
Median price per sqft (PSF): SGD 430
Median floor area: 99 sqm
Median remaining lease: 66 years
CPF eligible transactions: 100%
"
hdb_serangoon_4_room_2020,hdb,SERANGOON,4 ROOM,2020,175,438000.0,431.0,"HDB Resale — SERANGOON | 4 ROOM | 2020
Transactions: 175
Median resale price: SGD 438,000
Median price per sqft (PSF): SGD 431
Median floor area: 98 sqm
Median remaining lease: 65 years
CPF eligible transactions: 100%
"
hdb_serangoon_4_room_2021,hdb,SERANGOON,4 ROOM,2021,217,475888.0,460.0,"HDB Resale — SERANGOON | 4 ROOM | 2021
Transactions: 217
Median resale price: SGD 475,888
Median price per sqft (PSF): SGD 460
Median floor area: 95 sqm
Median remaining lease: 64 years
CPF eligible transactions: 100%
"
hdb_serangoon_4_room_2022,hdb,SERANGOON,4 ROOM,2022,196,520000.0,529.0,"HDB Resale — SERANGOON | 4 ROOM | 2022
Transactions: 196
Median resale price: SGD 520,000
Median price per sqft (PSF): SGD 529
Median floor area: 94 sqm
Median remaining lease: 62 years
CPF eligible transactions: 100%
"
hdb_serangoon_4_room_2023,hdb,SERANGOON,4 ROOM,2023,186,580000.0,580.5,"HDB Resale — SERANGOON | 4 ROOM | 2023
Transactions: 186
Median resale price: SGD 580,000
Median price per sqft (PSF): SGD 580
Median floor area: 95 sqm
Median remaining lease: 61 years
CPF eligible transactions: 100%
"
hdb_serangoon_4_room_2024,hdb,SERANGOON,4 ROOM,2024,191,618000.0,623.0,"HDB Resale — SERANGOON | 4 ROOM | 2024
Transactions: 191
Median resale price: SGD 618,000
Median price per sqft (PSF): SGD 623
Median floor area: 94 sqm
Median remaining lease: 60 years
CPF eligible transactions: 100%
"
hdb_serangoon_4_room_2025,hdb,SERANGOON,4 ROOM,2025,186,660000.0,658.0,"HDB Resale — SERANGOON | 4 ROOM | 2025
Transactions: 186
Median resale price: SGD 660,000
Median price per sqft (PSF): SGD 658
Median floor area: 96 sqm
Median remaining lease: 59 years
CPF eligible transactions: 100%
"
hdb_serangoon_4_room_2026,hdb,SERANGOON,4 ROOM,2026,41,658000.0,633.0,"HDB Resale — SERANGOON | 4 ROOM | 2026
Transactions: 41
Median resale price: SGD 658,000
Median price per sqft (PSF): SGD 633
Median floor area: 95 sqm
Median remaining lease: 59 years
CPF eligible transactions: 100%
"
hdb_serangoon_5_room_2017,hdb,SERANGOON,5 ROOM,2017,67,520000.0,399.0,"HDB Resale — SERANGOON | 5 ROOM | 2017
Transactions: 67
Median resale price: SGD 520,000
Median price per sqft (PSF): SGD 399
Median floor area: 121 sqm
Median remaining lease: 74 years
CPF eligible transactions: 100%
"
hdb_serangoon_5_room_2018,hdb,SERANGOON,5 ROOM,2018,92,509000.0,387.5,"HDB Resale — SERANGOON | 5 ROOM | 2018
Transactions: 92
Median resale price: SGD 509,000
Median price per sqft (PSF): SGD 388
Median floor area: 121 sqm
Median remaining lease: 73 years
CPF eligible transactions: 100%
"
hdb_serangoon_5_room_2019,hdb,SERANGOON,5 ROOM,2019,84,547500.0,417.5,"HDB Resale — SERANGOON | 5 ROOM | 2019
Transactions: 84
Median resale price: SGD 547,500
Median price per sqft (PSF): SGD 418
Median floor area: 121 sqm
Median remaining lease: 69 years
CPF eligible transactions: 100%
"
hdb_serangoon_5_room_2020,hdb,SERANGOON,5 ROOM,2020,73,543000.0,413.0,"HDB Resale — SERANGOON | 5 ROOM | 2020
Transactions: 73
Median resale price: SGD 543,000
Median price per sqft (PSF): SGD 413
Median floor area: 122 sqm
Median remaining lease: 68 years
CPF eligible transactions: 100%
"
hdb_serangoon_5_room_2021,hdb,SERANGOON,5 ROOM,2021,101,615000.0,469.0,"HDB Resale — SERANGOON | 5 ROOM | 2021
Transactions: 101
Median resale price: SGD 615,000
Median price per sqft (PSF): SGD 469
Median floor area: 121 sqm
Median remaining lease: 70 years
CPF eligible transactions: 100%
"
hdb_serangoon_5_room_2022,hdb,SERANGOON,5 ROOM,2022,75,688000.0,520.0,"HDB Resale — SERANGOON | 5 ROOM | 2022
Transactions: 75
Median resale price: SGD 688,000
Median price per sqft (PSF): SGD 520
Median floor area: 121 sqm
Median remaining lease: 69 years
CPF eligible transactions: 100%
"
hdb_serangoon_5_room_2023,hdb,SERANGOON,5 ROOM,2023,66,682794.0,519.5,"HDB Resale — SERANGOON | 5 ROOM | 2023
Transactions: 66
Median resale price: SGD 682,794
Median price per sqft (PSF): SGD 520
Median floor area: 122 sqm
Median remaining lease: 68 years
CPF eligible transactions: 100%
"
hdb_serangoon_5_room_2024,hdb,SERANGOON,5 ROOM,2024,86,771444.0,585.5,"HDB Resale — SERANGOON | 5 ROOM | 2024
Transactions: 86
Median resale price: SGD 771,444
Median price per sqft (PSF): SGD 586
Median floor area: 121 sqm
Median remaining lease: 64 years
CPF eligible transactions: 100%
"
hdb_serangoon_5_room_2025,hdb,SERANGOON,5 ROOM,2025,64,805000.0,611.5,"HDB Resale — SERANGOON | 5 ROOM | 2025
Transactions: 64
Median resale price: SGD 805,000
Median price per sqft (PSF): SGD 612
Median floor area: 121 sqm
Median remaining lease: 65 years
CPF eligible transactions: 100%
"
hdb_serangoon_5_room_2026,hdb,SERANGOON,5 ROOM,2026,17,925000.0,704.0,"HDB Resale — SERANGOON | 5 ROOM | 2026
Transactions: 17
Median resale price: SGD 925,000
Median price per sqft (PSF): SGD 704
Median floor area: 121 sqm
Median remaining lease: 62 years
CPF eligible transactions: 100%
"
hdb_tampines_3_room_2017,hdb,TAMPINES,3 ROOM,2017,266,325000.0,421.0,"HDB Resale — TAMPINES | 3 ROOM | 2017
Transactions: 266
Median resale price: SGD 325,000
Median price per sqft (PSF): SGD 421
Median floor area: 74 sqm
Median remaining lease: 66 years
CPF eligible transactions: 100%
"
hdb_tampines_3_room_2018,hdb,TAMPINES,3 ROOM,2018,259,330000.0,424.0,"HDB Resale — TAMPINES | 3 ROOM | 2018
Transactions: 259
Median resale price: SGD 330,000
Median price per sqft (PSF): SGD 424
Median floor area: 73 sqm
Median remaining lease: 65 years
CPF eligible transactions: 100%
"
hdb_tampines_3_room_2019,hdb,TAMPINES,3 ROOM,2019,311,325000.0,423.0,"HDB Resale — TAMPINES | 3 ROOM | 2019
Transactions: 311
Median resale price: SGD 325,000
Median price per sqft (PSF): SGD 423
Median floor area: 73 sqm
Median remaining lease: 64 years
CPF eligible transactions: 100%
"
hdb_tampines_3_room_2020,hdb,TAMPINES,3 ROOM,2020,324,325500.0,421.0,"HDB Resale — TAMPINES | 3 ROOM | 2020
Transactions: 324
Median resale price: SGD 325,500
Median price per sqft (PSF): SGD 421
Median floor area: 73 sqm
Median remaining lease: 64 years
CPF eligible transactions: 100%
"
hdb_tampines_3_room_2021,hdb,TAMPINES,3 ROOM,2021,408,360000.0,465.0,"HDB Resale — TAMPINES | 3 ROOM | 2021
Transactions: 408
Median resale price: SGD 360,000
Median price per sqft (PSF): SGD 465
Median floor area: 73 sqm
Median remaining lease: 63 years
CPF eligible transactions: 100%
"
hdb_tampines_3_room_2022,hdb,TAMPINES,3 ROOM,2022,377,395000.0,512.0,"HDB Resale — TAMPINES | 3 ROOM | 2022
Transactions: 377
Median resale price: SGD 395,000
Median price per sqft (PSF): SGD 512
Median floor area: 73 sqm
Median remaining lease: 62 years
CPF eligible transactions: 100%
"
hdb_tampines_3_room_2023,hdb,TAMPINES,3 ROOM,2023,392,423000.0,537.0,"HDB Resale — TAMPINES | 3 ROOM | 2023
Transactions: 392
Median resale price: SGD 423,000
Median price per sqft (PSF): SGD 537
Median floor area: 73 sqm
Median remaining lease: 60 years
CPF eligible transactions: 100%
"
hdb_tampines_3_room_2024,hdb,TAMPINES,3 ROOM,2024,405,455000.0,588.0,"HDB Resale — TAMPINES | 3 ROOM | 2024
Transactions: 405
Median resale price: SGD 455,000
Median price per sqft (PSF): SGD 588
Median floor area: 73 sqm
Median remaining lease: 60 years
CPF eligible transactions: 100%
"
hdb_tampines_3_room_2025,hdb,TAMPINES,3 ROOM,2025,342,490000.0,630.0,"HDB Resale — TAMPINES | 3 ROOM | 2025
Transactions: 342
Median resale price: SGD 490,000
Median price per sqft (PSF): SGD 630
Median floor area: 73 sqm
Median remaining lease: 59 years
CPF eligible transactions: 100%
"
hdb_tampines_3_room_2026,hdb,TAMPINES,3 ROOM,2026,124,490000.0,631.0,"HDB Resale — TAMPINES | 3 ROOM | 2026
Transactions: 124
Median resale price: SGD 490,000
Median price per sqft (PSF): SGD 631
Median floor area: 73 sqm
Median remaining lease: 58 years
CPF eligible transactions: 100%
"
hdb_tampines_4_room_2017,hdb,TAMPINES,4 ROOM,2017,494,430000.0,397.0,"HDB Resale — TAMPINES | 4 ROOM | 2017
Transactions: 494
Median resale price: SGD 430,000
Median price per sqft (PSF): SGD 397
Median floor area: 104 sqm
Median remaining lease: 70 years
CPF eligible transactions: 100%
"
hdb_tampines_4_room_2018,hdb,TAMPINES,4 ROOM,2018,485,428000.0,398.0,"HDB Resale — TAMPINES | 4 ROOM | 2018
Transactions: 485
Median resale price: SGD 428,000
Median price per sqft (PSF): SGD 398
Median floor area: 104 sqm
Median remaining lease: 68 years
CPF eligible transactions: 100%
"
hdb_tampines_4_room_2019,hdb,TAMPINES,4 ROOM,2019,572,427500.0,393.0,"HDB Resale — TAMPINES | 4 ROOM | 2019
Transactions: 572
Median resale price: SGD 427,500
Median price per sqft (PSF): SGD 393
Median floor area: 103 sqm
Median remaining lease: 68 years
CPF eligible transactions: 100%
"
hdb_tampines_4_room_2020,hdb,TAMPINES,4 ROOM,2020,702,430000.0,397.5,"HDB Resale — TAMPINES | 4 ROOM | 2020
Transactions: 702
Median resale price: SGD 430,000
Median price per sqft (PSF): SGD 398
Median floor area: 103 sqm
Median remaining lease: 67 years
CPF eligible transactions: 100%
"
hdb_tampines_4_room_2021,hdb,TAMPINES,4 ROOM,2021,843,470000.0,432.0,"HDB Resale — TAMPINES | 4 ROOM | 2021
Transactions: 843
Median resale price: SGD 470,000
Median price per sqft (PSF): SGD 432
Median floor area: 103 sqm
Median remaining lease: 66 years
CPF eligible transactions: 100%
"
hdb_tampines_4_room_2022,hdb,TAMPINES,4 ROOM,2022,653,520000.0,481.0,"HDB Resale — TAMPINES | 4 ROOM | 2022
Transactions: 653
Median resale price: SGD 520,000
Median price per sqft (PSF): SGD 481
Median floor area: 103 sqm
Median remaining lease: 65 years
CPF eligible transactions: 100%
"
hdb_tampines_4_room_2023,hdb,TAMPINES,4 ROOM,2023,658,565000.0,517.0,"HDB Resale — TAMPINES | 4 ROOM | 2023
Transactions: 658
Median resale price: SGD 565,000
Median price per sqft (PSF): SGD 517
Median floor area: 103 sqm
Median remaining lease: 64 years
CPF eligible transactions: 100%
"
hdb_tampines_4_room_2024,hdb,TAMPINES,4 ROOM,2024,828,620000.0,575.0,"HDB Resale — TAMPINES | 4 ROOM | 2024
Transactions: 828
Median resale price: SGD 620,000
Median price per sqft (PSF): SGD 575
Median floor area: 101 sqm
Median remaining lease: 64 years
CPF eligible transactions: 100%
"
hdb_tampines_4_room_2025,hdb,TAMPINES,4 ROOM,2025,865,665000.0,616.0,"HDB Resale — TAMPINES | 4 ROOM | 2025
Transactions: 865
Median resale price: SGD 665,000
Median price per sqft (PSF): SGD 616
Median floor area: 99 sqm
Median remaining lease: 69 years
CPF eligible transactions: 100%
"
hdb_tampines_4_room_2026,hdb,TAMPINES,4 ROOM,2026,259,668000.0,614.0,"HDB Resale — TAMPINES | 4 ROOM | 2026
Transactions: 259
Median resale price: SGD 668,000
Median price per sqft (PSF): SGD 614
Median floor area: 96 sqm
Median remaining lease: 68 years
CPF eligible transactions: 100%
"
hdb_tampines_5_room_2017,hdb,TAMPINES,5 ROOM,2017,359,533000.0,401.0,"HDB Resale — TAMPINES | 5 ROOM | 2017
Transactions: 359
Median resale price: SGD 533,000
Median price per sqft (PSF): SGD 401
Median floor area: 122 sqm
Median remaining lease: 75 years
CPF eligible transactions: 100%
"
hdb_tampines_5_room_2018,hdb,TAMPINES,5 ROOM,2018,402,535000.0,398.0,"HDB Resale — TAMPINES | 5 ROOM | 2018
Transactions: 402
Median resale price: SGD 535,000
Median price per sqft (PSF): SGD 398
Median floor area: 122 sqm
Median remaining lease: 74 years
CPF eligible transactions: 100%
"
hdb_tampines_5_room_2019,hdb,TAMPINES,5 ROOM,2019,367,525000.0,392.0,"HDB Resale — TAMPINES | 5 ROOM | 2019
Transactions: 367
Median resale price: SGD 525,000
Median price per sqft (PSF): SGD 392
Median floor area: 122 sqm
Median remaining lease: 73 years
CPF eligible transactions: 100%
"
hdb_tampines_5_room_2020,hdb,TAMPINES,5 ROOM,2020,446,530000.0,400.0,"HDB Resale — TAMPINES | 5 ROOM | 2020
Transactions: 446
Median resale price: SGD 530,000
Median price per sqft (PSF): SGD 400
Median floor area: 122 sqm
Median remaining lease: 71 years
CPF eligible transactions: 100%
"
hdb_tampines_5_room_2021,hdb,TAMPINES,5 ROOM,2021,577,580000.0,430.0,"HDB Resale — TAMPINES | 5 ROOM | 2021
Transactions: 577
Median resale price: SGD 580,000
Median price per sqft (PSF): SGD 430
Median floor area: 122 sqm
Median remaining lease: 71 years
CPF eligible transactions: 100%
"
hdb_tampines_5_room_2022,hdb,TAMPINES,5 ROOM,2022,439,635000.0,474.0,"HDB Resale — TAMPINES | 5 ROOM | 2022
Transactions: 439
Median resale price: SGD 635,000
Median price per sqft (PSF): SGD 474
Median floor area: 122 sqm
Median remaining lease: 70 years
CPF eligible transactions: 100%
"
hdb_tampines_5_room_2023,hdb,TAMPINES,5 ROOM,2023,419,678000.0,503.0,"HDB Resale — TAMPINES | 5 ROOM | 2023
Transactions: 419
Median resale price: SGD 678,000
Median price per sqft (PSF): SGD 503
Median floor area: 122 sqm
Median remaining lease: 69 years
CPF eligible transactions: 100%
"
hdb_tampines_5_room_2024,hdb,TAMPINES,5 ROOM,2024,497,730000.0,547.0,"HDB Resale — TAMPINES | 5 ROOM | 2024
Transactions: 497
Median resale price: SGD 730,000
Median price per sqft (PSF): SGD 547
Median floor area: 122 sqm
Median remaining lease: 68 years
CPF eligible transactions: 100%
"
hdb_tampines_5_room_2025,hdb,TAMPINES,5 ROOM,2025,499,810000.0,611.0,"HDB Resale — TAMPINES | 5 ROOM | 2025
Transactions: 499
Median resale price: SGD 810,000
Median price per sqft (PSF): SGD 611
Median floor area: 121 sqm
Median remaining lease: 70 years
CPF eligible transactions: 100%
"
hdb_tampines_5_room_2026,hdb,TAMPINES,5 ROOM,2026,174,820000.0,615.5,"HDB Resale — TAMPINES | 5 ROOM | 2026
Transactions: 174
Median resale price: SGD 820,000
Median price per sqft (PSF): SGD 616
Median floor area: 121 sqm
Median remaining lease: 69 years
CPF eligible transactions: 100%
"
hdb_toa_payoh_3_room_2017,hdb,TOA PAYOH,3 ROOM,2017,308,303944.0,423.0,"HDB Resale — TOA PAYOH | 3 ROOM | 2017
Transactions: 308
Median resale price: SGD 303,944
Median price per sqft (PSF): SGD 423
Median floor area: 67 sqm
Median remaining lease: 53 years
CPF eligible transactions: 100%
"
hdb_toa_payoh_3_room_2018,hdb,TOA PAYOH,3 ROOM,2018,283,275000.0,382.0,"HDB Resale — TOA PAYOH | 3 ROOM | 2018
Transactions: 283
Median resale price: SGD 275,000
Median price per sqft (PSF): SGD 382
Median floor area: 67 sqm
Median remaining lease: 51 years
CPF eligible transactions: 100%
"
hdb_toa_payoh_3_room_2019,hdb,TOA PAYOH,3 ROOM,2019,302,250000.0,357.0,"HDB Resale — TOA PAYOH | 3 ROOM | 2019
Transactions: 302
Median resale price: SGD 250,000
Median price per sqft (PSF): SGD 357
Median floor area: 67 sqm
Median remaining lease: 50 years
CPF eligible transactions: 100%
"
hdb_toa_payoh_3_room_2020,hdb,TOA PAYOH,3 ROOM,2020,308,257000.0,366.5,"HDB Resale — TOA PAYOH | 3 ROOM | 2020
Transactions: 308
Median resale price: SGD 257,000
Median price per sqft (PSF): SGD 366
Median floor area: 66 sqm
Median remaining lease: 50 years
CPF eligible transactions: 100%
"
hdb_toa_payoh_3_room_2021,hdb,TOA PAYOH,3 ROOM,2021,355,290000.0,410.0,"HDB Resale — TOA PAYOH | 3 ROOM | 2021
Transactions: 355
Median resale price: SGD 290,000
Median price per sqft (PSF): SGD 410
Median floor area: 67 sqm
Median remaining lease: 49 years
CPF eligible transactions: 100%
"
hdb_toa_payoh_3_room_2022,hdb,TOA PAYOH,3 ROOM,2022,369,335000.0,470.0,"HDB Resale — TOA PAYOH | 3 ROOM | 2022
Transactions: 369
Median resale price: SGD 335,000
Median price per sqft (PSF): SGD 470
Median floor area: 67 sqm
Median remaining lease: 48 years
CPF eligible transactions: 100%
"
hdb_toa_payoh_3_room_2023,hdb,TOA PAYOH,3 ROOM,2023,343,358000.0,500.0,"HDB Resale — TOA PAYOH | 3 ROOM | 2023
Transactions: 343
Median resale price: SGD 358,000
Median price per sqft (PSF): SGD 500
Median floor area: 67 sqm
Median remaining lease: 47 years
CPF eligible transactions: 100%
"
hdb_toa_payoh_3_room_2024,hdb,TOA PAYOH,3 ROOM,2024,357,380000.0,531.0,"HDB Resale — TOA PAYOH | 3 ROOM | 2024
Transactions: 357
Median resale price: SGD 380,000
Median price per sqft (PSF): SGD 531
Median floor area: 67 sqm
Median remaining lease: 46 years
CPF eligible transactions: 100%
"
hdb_toa_payoh_3_room_2025,hdb,TOA PAYOH,3 ROOM,2025,404,400000.0,556.5,"HDB Resale — TOA PAYOH | 3 ROOM | 2025
Transactions: 404
Median resale price: SGD 400,000
Median price per sqft (PSF): SGD 556
Median floor area: 67 sqm
Median remaining lease: 46 years
CPF eligible transactions: 100%
"
hdb_toa_payoh_3_room_2026,hdb,TOA PAYOH,3 ROOM,2026,125,375000.0,526.0,"HDB Resale — TOA PAYOH | 3 ROOM | 2026
Transactions: 125
Median resale price: SGD 375,000
Median price per sqft (PSF): SGD 526
Median floor area: 67 sqm
Median remaining lease: 45 years
CPF eligible transactions: 100%
"
hdb_toa_payoh_4_room_2017,hdb,TOA PAYOH,4 ROOM,2017,227,600000.0,546.0,"HDB Resale — TOA PAYOH | 4 ROOM | 2017
Transactions: 227
Median resale price: SGD 600,000
Median price per sqft (PSF): SGD 546
Median floor area: 91 sqm
Median remaining lease: 79 years
CPF eligible transactions: 100%
"
hdb_toa_payoh_4_room_2018,hdb,TOA PAYOH,4 ROOM,2018,222,590000.0,573.0,"HDB Resale — TOA PAYOH | 4 ROOM | 2018
Transactions: 222
Median resale price: SGD 590,000
Median price per sqft (PSF): SGD 573
Median floor area: 91 sqm
Median remaining lease: 79 years
CPF eligible transactions: 100%
"
hdb_toa_payoh_4_room_2019,hdb,TOA PAYOH,4 ROOM,2019,209,550000.0,517.0,"HDB Resale — TOA PAYOH | 4 ROOM | 2019
Transactions: 209
Median resale price: SGD 550,000
Median price per sqft (PSF): SGD 517
Median floor area: 91 sqm
Median remaining lease: 69 years
CPF eligible transactions: 100%
"
hdb_toa_payoh_4_room_2020,hdb,TOA PAYOH,4 ROOM,2020,190,550000.0,506.0,"HDB Resale — TOA PAYOH | 4 ROOM | 2020
Transactions: 190
Median resale price: SGD 550,000
Median price per sqft (PSF): SGD 506
Median floor area: 91 sqm
Median remaining lease: 71 years
CPF eligible transactions: 100%
"
hdb_toa_payoh_4_room_2021,hdb,TOA PAYOH,4 ROOM,2021,291,618000.0,578.0,"HDB Resale — TOA PAYOH | 4 ROOM | 2021
Transactions: 291
Median resale price: SGD 618,000
Median price per sqft (PSF): SGD 578
Median floor area: 91 sqm
Median remaining lease: 75 years
CPF eligible transactions: 100%
"
hdb_toa_payoh_4_room_2022,hdb,TOA PAYOH,4 ROOM,2022,277,717000.0,679.0,"HDB Resale — TOA PAYOH | 4 ROOM | 2022
Transactions: 277
Median resale price: SGD 717,000
Median price per sqft (PSF): SGD 679
Median floor area: 93 sqm
Median remaining lease: 76 years
CPF eligible transactions: 100%
"
hdb_toa_payoh_4_room_2023,hdb,TOA PAYOH,4 ROOM,2023,196,760000.0,733.0,"HDB Resale — TOA PAYOH | 4 ROOM | 2023
Transactions: 196
Median resale price: SGD 760,000
Median price per sqft (PSF): SGD 733
Median floor area: 93 sqm
Median remaining lease: 76 years
CPF eligible transactions: 100%
"
hdb_toa_payoh_4_room_2024,hdb,TOA PAYOH,4 ROOM,2024,292,848444.0,878.0,"HDB Resale — TOA PAYOH | 4 ROOM | 2024
Transactions: 292
Median resale price: SGD 848,444
Median price per sqft (PSF): SGD 878
Median floor area: 93 sqm
Median remaining lease: 80 years
CPF eligible transactions: 100%
"
hdb_toa_payoh_4_room_2025,hdb,TOA PAYOH,4 ROOM,2025,397,960000.0,985.0,"HDB Resale — TOA PAYOH | 4 ROOM | 2025
Transactions: 397
Median resale price: SGD 960,000
Median price per sqft (PSF): SGD 985
Median floor area: 93 sqm
Median remaining lease: 83 years
CPF eligible transactions: 100%
"
hdb_toa_payoh_4_room_2026,hdb,TOA PAYOH,4 ROOM,2026,122,974094.0,1006.5,"HDB Resale — TOA PAYOH | 4 ROOM | 2026
Transactions: 122
Median resale price: SGD 974,094
Median price per sqft (PSF): SGD 1,006
Median floor area: 93 sqm
Median remaining lease: 82 years
CPF eligible transactions: 100%
"
hdb_toa_payoh_5_room_2017,hdb,TOA PAYOH,5 ROOM,2017,152,840000.0,664.5,"HDB Resale — TOA PAYOH | 5 ROOM | 2017
Transactions: 152
Median resale price: SGD 840,000
Median price per sqft (PSF): SGD 664
Median floor area: 117 sqm
Median remaining lease: 80 years
CPF eligible transactions: 100%
"
hdb_toa_payoh_5_room_2018,hdb,TOA PAYOH,5 ROOM,2018,168,833944.0,664.5,"HDB Resale — TOA PAYOH | 5 ROOM | 2018
Transactions: 168
Median resale price: SGD 833,944
Median price per sqft (PSF): SGD 664
Median floor area: 117 sqm
Median remaining lease: 82 years
CPF eligible transactions: 100%
"
hdb_toa_payoh_5_room_2019,hdb,TOA PAYOH,5 ROOM,2019,137,793000.0,617.0,"HDB Resale — TOA PAYOH | 5 ROOM | 2019
Transactions: 137
Median resale price: SGD 793,000
Median price per sqft (PSF): SGD 617
Median floor area: 117 sqm
Median remaining lease: 77 years
CPF eligible transactions: 100%
"
hdb_toa_payoh_5_room_2020,hdb,TOA PAYOH,5 ROOM,2020,121,735000.0,540.0,"HDB Resale — TOA PAYOH | 5 ROOM | 2020
Transactions: 121
Median resale price: SGD 735,000
Median price per sqft (PSF): SGD 540
Median floor area: 120 sqm
Median remaining lease: 75 years
CPF eligible transactions: 100%
"
hdb_toa_payoh_5_room_2021,hdb,TOA PAYOH,5 ROOM,2021,185,808000.0,619.0,"HDB Resale — TOA PAYOH | 5 ROOM | 2021
Transactions: 185
Median resale price: SGD 808,000
Median price per sqft (PSF): SGD 619
Median floor area: 119 sqm
Median remaining lease: 75 years
CPF eligible transactions: 100%
"
hdb_toa_payoh_5_room_2022,hdb,TOA PAYOH,5 ROOM,2022,135,845000.0,649.0,"HDB Resale — TOA PAYOH | 5 ROOM | 2022
Transactions: 135
Median resale price: SGD 845,000
Median price per sqft (PSF): SGD 649
Median floor area: 120 sqm
Median remaining lease: 73 years
CPF eligible transactions: 100%
"
hdb_toa_payoh_5_room_2023,hdb,TOA PAYOH,5 ROOM,2023,112,880944.0,654.0,"HDB Resale — TOA PAYOH | 5 ROOM | 2023
Transactions: 112
Median resale price: SGD 880,944
Median price per sqft (PSF): SGD 654
Median floor area: 120 sqm
Median remaining lease: 70 years
CPF eligible transactions: 100%
"
hdb_toa_payoh_5_room_2024,hdb,TOA PAYOH,5 ROOM,2024,107,1008000.0,768.0,"HDB Resale — TOA PAYOH | 5 ROOM | 2024
Transactions: 107
Median resale price: SGD 1,008,000
Median price per sqft (PSF): SGD 768
Median floor area: 117 sqm
Median remaining lease: 73 years
CPF eligible transactions: 100%
"
hdb_toa_payoh_5_room_2025,hdb,TOA PAYOH,5 ROOM,2025,172,1033444.0,763.0,"HDB Resale — TOA PAYOH | 5 ROOM | 2025
Transactions: 172
Median resale price: SGD 1,033,444
Median price per sqft (PSF): SGD 763
Median floor area: 120 sqm
Median remaining lease: 71 years
CPF eligible transactions: 100%
"
hdb_toa_payoh_5_room_2026,hdb,TOA PAYOH,5 ROOM,2026,41,1035000.0,782.0,"HDB Resale — TOA PAYOH | 5 ROOM | 2026
Transactions: 41
Median resale price: SGD 1,035,000
Median price per sqft (PSF): SGD 782
Median floor area: 117 sqm
Median remaining lease: 71 years
CPF eligible transactions: 100%
"
hdb_woodlands_3_room_2017,hdb,WOODLANDS,3 ROOM,2017,150,265000.0,357.0,"HDB Resale — WOODLANDS | 3 ROOM | 2017
Transactions: 150
Median resale price: SGD 265,000
Median price per sqft (PSF): SGD 357
Median floor area: 68 sqm
Median remaining lease: 66 years
CPF eligible transactions: 100%
"
hdb_woodlands_3_room_2018,hdb,WOODLANDS,3 ROOM,2018,196,263500.0,346.0,"HDB Resale — WOODLANDS | 3 ROOM | 2018
Transactions: 196
Median resale price: SGD 263,500
Median price per sqft (PSF): SGD 346
Median floor area: 67 sqm
Median remaining lease: 66 years
CPF eligible transactions: 100%
"
hdb_woodlands_3_room_2019,hdb,WOODLANDS,3 ROOM,2019,222,254000.0,337.0,"HDB Resale — WOODLANDS | 3 ROOM | 2019
Transactions: 222
Median resale price: SGD 254,000
Median price per sqft (PSF): SGD 337
Median floor area: 67 sqm
Median remaining lease: 65 years
CPF eligible transactions: 100%
"
hdb_woodlands_3_room_2020,hdb,WOODLANDS,3 ROOM,2020,158,260000.0,344.5,"HDB Resale — WOODLANDS | 3 ROOM | 2020
Transactions: 158
Median resale price: SGD 260,000
Median price per sqft (PSF): SGD 344
Median floor area: 67 sqm
Median remaining lease: 63 years
CPF eligible transactions: 100%
"
hdb_woodlands_3_room_2021,hdb,WOODLANDS,3 ROOM,2021,187,305000.0,411.0,"HDB Resale — WOODLANDS | 3 ROOM | 2021
Transactions: 187
Median resale price: SGD 305,000
Median price per sqft (PSF): SGD 411
Median floor area: 67 sqm
Median remaining lease: 63 years
CPF eligible transactions: 100%
"
hdb_woodlands_3_room_2022,hdb,WOODLANDS,3 ROOM,2022,233,358000.0,475.0,"HDB Resale — WOODLANDS | 3 ROOM | 2022
Transactions: 233
Median resale price: SGD 358,000
Median price per sqft (PSF): SGD 475
Median floor area: 68 sqm
Median remaining lease: 63 years
CPF eligible transactions: 100%
"
hdb_woodlands_3_room_2023,hdb,WOODLANDS,3 ROOM,2023,264,380000.0,496.0,"HDB Resale — WOODLANDS | 3 ROOM | 2023
Transactions: 264
Median resale price: SGD 380,000
Median price per sqft (PSF): SGD 496
Median floor area: 68 sqm
Median remaining lease: 68 years
CPF eligible transactions: 100%
"
hdb_woodlands_3_room_2024,hdb,WOODLANDS,3 ROOM,2024,265,410000.0,547.0,"HDB Resale — WOODLANDS | 3 ROOM | 2024
Transactions: 265
Median resale price: SGD 410,000
Median price per sqft (PSF): SGD 547
Median floor area: 68 sqm
Median remaining lease: 67 years
CPF eligible transactions: 100%
"
hdb_woodlands_3_room_2025,hdb,WOODLANDS,3 ROOM,2025,199,441000.0,573.0,"HDB Resale — WOODLANDS | 3 ROOM | 2025
Transactions: 199
Median resale price: SGD 441,000
Median price per sqft (PSF): SGD 573
Median floor area: 68 sqm
Median remaining lease: 64 years
CPF eligible transactions: 100%
"
hdb_woodlands_3_room_2026,hdb,WOODLANDS,3 ROOM,2026,72,425000.0,566.5,"HDB Resale — WOODLANDS | 3 ROOM | 2026
Transactions: 72
Median resale price: SGD 425,000
Median price per sqft (PSF): SGD 566
Median floor area: 68 sqm
Median remaining lease: 58 years
CPF eligible transactions: 100%
"
hdb_woodlands_4_room_2017,hdb,WOODLANDS,4 ROOM,2017,711,345000.0,331.0,"HDB Resale — WOODLANDS | 4 ROOM | 2017
Transactions: 711
Median resale price: SGD 345,000
Median price per sqft (PSF): SGD 331
Median floor area: 100 sqm
Median remaining lease: 79 years
CPF eligible transactions: 100%
"
hdb_woodlands_4_room_2018,hdb,WOODLANDS,4 ROOM,2018,787,328000.0,313.0,"HDB Resale — WOODLANDS | 4 ROOM | 2018
Transactions: 787
Median resale price: SGD 328,000
Median price per sqft (PSF): SGD 313
Median floor area: 99 sqm
Median remaining lease: 78 years
CPF eligible transactions: 100%
"
hdb_woodlands_4_room_2019,hdb,WOODLANDS,4 ROOM,2019,768,329500.0,315.0,"HDB Resale — WOODLANDS | 4 ROOM | 2019
Transactions: 768
Median resale price: SGD 329,500
Median price per sqft (PSF): SGD 315
Median floor area: 93 sqm
Median remaining lease: 77 years
CPF eligible transactions: 100%
"
hdb_woodlands_4_room_2020,hdb,WOODLANDS,4 ROOM,2020,556,348000.0,330.5,"HDB Resale — WOODLANDS | 4 ROOM | 2020
Transactions: 556
Median resale price: SGD 348,000
Median price per sqft (PSF): SGD 330
Median floor area: 96 sqm
Median remaining lease: 76 years
CPF eligible transactions: 100%
"
hdb_woodlands_4_room_2021,hdb,WOODLANDS,4 ROOM,2021,691,410000.0,391.0,"HDB Resale — WOODLANDS | 4 ROOM | 2021
Transactions: 691
Median resale price: SGD 410,000
Median price per sqft (PSF): SGD 391
Median floor area: 97 sqm
Median remaining lease: 75 years
CPF eligible transactions: 100%
"
hdb_woodlands_4_room_2022,hdb,WOODLANDS,4 ROOM,2022,802,460000.0,442.0,"HDB Resale — WOODLANDS | 4 ROOM | 2022
Transactions: 802
Median resale price: SGD 460,000
Median price per sqft (PSF): SGD 442
Median floor area: 93 sqm
Median remaining lease: 75 years
CPF eligible transactions: 100%
"
hdb_woodlands_4_room_2023,hdb,WOODLANDS,4 ROOM,2023,926,495000.0,470.0,"HDB Resale — WOODLANDS | 4 ROOM | 2023
Transactions: 926
Median resale price: SGD 495,000
Median price per sqft (PSF): SGD 470
Median floor area: 93 sqm
Median remaining lease: 74 years
CPF eligible transactions: 100%
"
hdb_woodlands_4_room_2024,hdb,WOODLANDS,4 ROOM,2024,857,530000.0,509.0,"HDB Resale — WOODLANDS | 4 ROOM | 2024
Transactions: 857
Median resale price: SGD 530,000
Median price per sqft (PSF): SGD 509
Median floor area: 93 sqm
Median remaining lease: 73 years
CPF eligible transactions: 100%
"
hdb_woodlands_4_room_2025,hdb,WOODLANDS,4 ROOM,2025,826,560000.0,531.0,"HDB Resale — WOODLANDS | 4 ROOM | 2025
Transactions: 826
Median resale price: SGD 560,000
Median price per sqft (PSF): SGD 531
Median floor area: 98 sqm
Median remaining lease: 71 years
CPF eligible transactions: 100%
"
hdb_woodlands_4_room_2026,hdb,WOODLANDS,4 ROOM,2026,289,550000.0,521.0,"HDB Resale — WOODLANDS | 4 ROOM | 2026
Transactions: 289
Median resale price: SGD 550,000
Median price per sqft (PSF): SGD 521
Median floor area: 98 sqm
Median remaining lease: 70 years
CPF eligible transactions: 100%
"
hdb_woodlands_5_room_2017,hdb,WOODLANDS,5 ROOM,2017,486,415000.0,321.0,"HDB Resale — WOODLANDS | 5 ROOM | 2017
Transactions: 486
Median resale price: SGD 415,000
Median price per sqft (PSF): SGD 321
Median floor area: 121 sqm
Median remaining lease: 79 years
CPF eligible transactions: 100%
"
hdb_woodlands_5_room_2018,hdb,WOODLANDS,5 ROOM,2018,466,403400.0,316.0,"HDB Resale — WOODLANDS | 5 ROOM | 2018
Transactions: 466
Median resale price: SGD 403,400
Median price per sqft (PSF): SGD 316
Median floor area: 121 sqm
Median remaining lease: 79 years
CPF eligible transactions: 100%
"
hdb_woodlands_5_room_2019,hdb,WOODLANDS,5 ROOM,2019,543,400000.0,311.0,"HDB Resale — WOODLANDS | 5 ROOM | 2019
Transactions: 543
Median resale price: SGD 400,000
Median price per sqft (PSF): SGD 311
Median floor area: 121 sqm
Median remaining lease: 77 years
CPF eligible transactions: 100%
"
hdb_woodlands_5_room_2020,hdb,WOODLANDS,5 ROOM,2020,448,420000.0,325.0,"HDB Resale — WOODLANDS | 5 ROOM | 2020
Transactions: 448
Median resale price: SGD 420,000
Median price per sqft (PSF): SGD 325
Median floor area: 121 sqm
Median remaining lease: 76 years
CPF eligible transactions: 100%
"
hdb_woodlands_5_room_2021,hdb,WOODLANDS,5 ROOM,2021,499,490000.0,381.0,"HDB Resale — WOODLANDS | 5 ROOM | 2021
Transactions: 499
Median resale price: SGD 490,000
Median price per sqft (PSF): SGD 381
Median floor area: 120 sqm
Median remaining lease: 76 years
CPF eligible transactions: 100%
"
hdb_woodlands_5_room_2022,hdb,WOODLANDS,5 ROOM,2022,552,555000.0,430.0,"HDB Resale — WOODLANDS | 5 ROOM | 2022
Transactions: 552
Median resale price: SGD 555,000
Median price per sqft (PSF): SGD 430
Median floor area: 121 sqm
Median remaining lease: 75 years
CPF eligible transactions: 100%
"
hdb_woodlands_5_room_2023,hdb,WOODLANDS,5 ROOM,2023,576,590000.0,457.0,"HDB Resale — WOODLANDS | 5 ROOM | 2023
Transactions: 576
Median resale price: SGD 590,000
Median price per sqft (PSF): SGD 457
Median floor area: 121 sqm
Median remaining lease: 74 years
CPF eligible transactions: 100%
"
hdb_woodlands_5_room_2024,hdb,WOODLANDS,5 ROOM,2024,615,635100.0,493.0,"HDB Resale — WOODLANDS | 5 ROOM | 2024
Transactions: 615
Median resale price: SGD 635,100
Median price per sqft (PSF): SGD 493
Median floor area: 121 sqm
Median remaining lease: 73 years
CPF eligible transactions: 100%
"
hdb_woodlands_5_room_2025,hdb,WOODLANDS,5 ROOM,2025,511,670000.0,516.0,"HDB Resale — WOODLANDS | 5 ROOM | 2025
Transactions: 511
Median resale price: SGD 670,000
Median price per sqft (PSF): SGD 516
Median floor area: 121 sqm
Median remaining lease: 72 years
CPF eligible transactions: 100%
"
hdb_woodlands_5_room_2026,hdb,WOODLANDS,5 ROOM,2026,176,650000.0,504.0,"HDB Resale — WOODLANDS | 5 ROOM | 2026
Transactions: 176
Median resale price: SGD 650,000
Median price per sqft (PSF): SGD 504
Median floor area: 120 sqm
Median remaining lease: 71 years
CPF eligible transactions: 100%
"
hdb_yishun_3_room_2017,hdb,YISHUN,3 ROOM,2017,391,278000.0,377.0,"HDB Resale — YISHUN | 3 ROOM | 2017
Transactions: 391
Median resale price: SGD 278,000
Median price per sqft (PSF): SGD 377
Median floor area: 67 sqm
Median remaining lease: 67 years
CPF eligible transactions: 100%
"
hdb_yishun_3_room_2018,hdb,YISHUN,3 ROOM,2018,388,263000.0,356.0,"HDB Resale — YISHUN | 3 ROOM | 2018
Transactions: 388
Median resale price: SGD 263,000
Median price per sqft (PSF): SGD 356
Median floor area: 67 sqm
Median remaining lease: 66 years
CPF eligible transactions: 100%
"
hdb_yishun_3_room_2019,hdb,YISHUN,3 ROOM,2019,439,265000.0,356.0,"HDB Resale — YISHUN | 3 ROOM | 2019
Transactions: 439
Median resale price: SGD 265,000
Median price per sqft (PSF): SGD 356
Median floor area: 67 sqm
Median remaining lease: 65 years
CPF eligible transactions: 100%
"
hdb_yishun_3_room_2020,hdb,YISHUN,3 ROOM,2020,417,278000.0,376.0,"HDB Resale — YISHUN | 3 ROOM | 2020
Transactions: 417
Median resale price: SGD 278,000
Median price per sqft (PSF): SGD 376
Median floor area: 67 sqm
Median remaining lease: 65 years
CPF eligible transactions: 100%
"
hdb_yishun_3_room_2021,hdb,YISHUN,3 ROOM,2021,434,325000.0,441.0,"HDB Resale — YISHUN | 3 ROOM | 2021
Transactions: 434
Median resale price: SGD 325,000
Median price per sqft (PSF): SGD 441
Median floor area: 67 sqm
Median remaining lease: 64 years
CPF eligible transactions: 100%
"
hdb_yishun_3_room_2022,hdb,YISHUN,3 ROOM,2022,520,365000.0,492.0,"HDB Resale — YISHUN | 3 ROOM | 2022
Transactions: 520
Median resale price: SGD 365,000
Median price per sqft (PSF): SGD 492
Median floor area: 68 sqm
Median remaining lease: 63 years
CPF eligible transactions: 100%
"
hdb_yishun_3_room_2023,hdb,YISHUN,3 ROOM,2023,487,383000.0,519.0,"HDB Resale — YISHUN | 3 ROOM | 2023
Transactions: 487
Median resale price: SGD 383,000
Median price per sqft (PSF): SGD 519
Median floor area: 68 sqm
Median remaining lease: 63 years
CPF eligible transactions: 100%
"
hdb_yishun_3_room_2024,hdb,YISHUN,3 ROOM,2024,466,415000.0,564.0,"HDB Resale — YISHUN | 3 ROOM | 2024
Transactions: 466
Median resale price: SGD 415,000
Median price per sqft (PSF): SGD 564
Median floor area: 67 sqm
Median remaining lease: 61 years
CPF eligible transactions: 100%
"
hdb_yishun_3_room_2025,hdb,YISHUN,3 ROOM,2025,463,435000.0,595.0,"HDB Resale — YISHUN | 3 ROOM | 2025
Transactions: 463
Median resale price: SGD 435,000
Median price per sqft (PSF): SGD 595
Median floor area: 68 sqm
Median remaining lease: 60 years
CPF eligible transactions: 100%
"
hdb_yishun_3_room_2026,hdb,YISHUN,3 ROOM,2026,134,435000.0,595.5,"HDB Resale — YISHUN | 3 ROOM | 2026
Transactions: 134
Median resale price: SGD 435,000
Median price per sqft (PSF): SGD 596
Median floor area: 68 sqm
Median remaining lease: 59 years
CPF eligible transactions: 100%
"
hdb_yishun_4_room_2017,hdb,YISHUN,4 ROOM,2017,644,350000.0,348.0,"HDB Resale — YISHUN | 4 ROOM | 2017
Transactions: 644
Median resale price: SGD 350,000
Median price per sqft (PSF): SGD 348
Median floor area: 93 sqm
Median remaining lease: 69 years
CPF eligible transactions: 100%
"
hdb_yishun_4_room_2018,hdb,YISHUN,4 ROOM,2018,606,340000.0,335.0,"HDB Resale — YISHUN | 4 ROOM | 2018
Transactions: 606
Median resale price: SGD 340,000
Median price per sqft (PSF): SGD 335
Median floor area: 93 sqm
Median remaining lease: 68 years
CPF eligible transactions: 100%
"
hdb_yishun_4_room_2019,hdb,YISHUN,4 ROOM,2019,858,360000.0,348.0,"HDB Resale — YISHUN | 4 ROOM | 2019
Transactions: 858
Median resale price: SGD 360,000
Median price per sqft (PSF): SGD 348
Median floor area: 92 sqm
Median remaining lease: 68 years
CPF eligible transactions: 100%
"
hdb_yishun_4_room_2020,hdb,YISHUN,4 ROOM,2020,777,370000.0,365.0,"HDB Resale — YISHUN | 4 ROOM | 2020
Transactions: 777
Median resale price: SGD 370,000
Median price per sqft (PSF): SGD 365
Median floor area: 92 sqm
Median remaining lease: 67 years
CPF eligible transactions: 100%
"
hdb_yishun_4_room_2021,hdb,YISHUN,4 ROOM,2021,816,430000.0,424.5,"HDB Resale — YISHUN | 4 ROOM | 2021
Transactions: 816
Median resale price: SGD 430,000
Median price per sqft (PSF): SGD 424
Median floor area: 92 sqm
Median remaining lease: 66 years
CPF eligible transactions: 100%
"
hdb_yishun_4_room_2022,hdb,YISHUN,4 ROOM,2022,911,465000.0,460.0,"HDB Resale — YISHUN | 4 ROOM | 2022
Transactions: 911
Median resale price: SGD 465,000
Median price per sqft (PSF): SGD 460
Median floor area: 92 sqm
Median remaining lease: 65 years
CPF eligible transactions: 100%
"
hdb_yishun_4_room_2023,hdb,YISHUN,4 ROOM,2023,847,497000.0,489.0,"HDB Resale — YISHUN | 4 ROOM | 2023
Transactions: 847
Median resale price: SGD 497,000
Median price per sqft (PSF): SGD 489
Median floor area: 93 sqm
Median remaining lease: 64 years
CPF eligible transactions: 100%
"
hdb_yishun_4_room_2024,hdb,YISHUN,4 ROOM,2024,866,537000.0,534.0,"HDB Resale — YISHUN | 4 ROOM | 2024
Transactions: 866
Median resale price: SGD 537,000
Median price per sqft (PSF): SGD 534
Median floor area: 93 sqm
Median remaining lease: 63 years
CPF eligible transactions: 100%
"
hdb_yishun_4_room_2025,hdb,YISHUN,4 ROOM,2025,810,568944.0,561.0,"HDB Resale — YISHUN | 4 ROOM | 2025
Transactions: 810
Median resale price: SGD 568,944
Median price per sqft (PSF): SGD 561
Median floor area: 93 sqm
Median remaining lease: 62 years
CPF eligible transactions: 100%
"
hdb_yishun_4_room_2026,hdb,YISHUN,4 ROOM,2026,256,555000.0,554.0,"HDB Resale — YISHUN | 4 ROOM | 2026
Transactions: 256
Median resale price: SGD 555,000
Median price per sqft (PSF): SGD 554
Median floor area: 93 sqm
Median remaining lease: 61 years
CPF eligible transactions: 100%
"
hdb_yishun_5_room_2017,hdb,YISHUN,5 ROOM,2017,112,465000.0,356.5,"HDB Resale — YISHUN | 5 ROOM | 2017
Transactions: 112
Median resale price: SGD 465,000
Median price per sqft (PSF): SGD 356
Median floor area: 122 sqm
Median remaining lease: 69 years
CPF eligible transactions: 100%
"
hdb_yishun_5_room_2018,hdb,YISHUN,5 ROOM,2018,178,450000.0,338.0,"HDB Resale — YISHUN | 5 ROOM | 2018
Transactions: 178
Median resale price: SGD 450,000
Median price per sqft (PSF): SGD 338
Median floor area: 121 sqm
Median remaining lease: 68 years
CPF eligible transactions: 100%
"
hdb_yishun_5_room_2019,hdb,YISHUN,5 ROOM,2019,301,473000.0,372.0,"HDB Resale — YISHUN | 5 ROOM | 2019
Transactions: 301
Median resale price: SGD 473,000
Median price per sqft (PSF): SGD 372
Median floor area: 121 sqm
Median remaining lease: 72 years
CPF eligible transactions: 100%
"
hdb_yishun_5_room_2020,hdb,YISHUN,5 ROOM,2020,338,490000.0,390.0,"HDB Resale — YISHUN | 5 ROOM | 2020
Transactions: 338
Median resale price: SGD 490,000
Median price per sqft (PSF): SGD 390
Median floor area: 113 sqm
Median remaining lease: 93 years
CPF eligible transactions: 100%
"
hdb_yishun_5_room_2021,hdb,YISHUN,5 ROOM,2021,321,542888.0,426.0,"HDB Resale — YISHUN | 5 ROOM | 2021
Transactions: 321
Median resale price: SGD 542,888
Median price per sqft (PSF): SGD 426
Median floor area: 121 sqm
Median remaining lease: 70 years
CPF eligible transactions: 100%
"
hdb_yishun_5_room_2022,hdb,YISHUN,5 ROOM,2022,353,608888.0,484.0,"HDB Resale — YISHUN | 5 ROOM | 2022
Transactions: 353
Median resale price: SGD 608,888
Median price per sqft (PSF): SGD 484
Median floor area: 113 sqm
Median remaining lease: 78 years
CPF eligible transactions: 100%
"
hdb_yishun_5_room_2023,hdb,YISHUN,5 ROOM,2023,310,640000.0,510.0,"HDB Resale — YISHUN | 5 ROOM | 2023
Transactions: 310
Median resale price: SGD 640,000
Median price per sqft (PSF): SGD 510
Median floor area: 113 sqm
Median remaining lease: 90 years
CPF eligible transactions: 100%
"
hdb_yishun_5_room_2024,hdb,YISHUN,5 ROOM,2024,306,670000.0,525.0,"HDB Resale — YISHUN | 5 ROOM | 2024
Transactions: 306
Median resale price: SGD 670,000
Median price per sqft (PSF): SGD 525
Median floor area: 121 sqm
Median remaining lease: 66 years
CPF eligible transactions: 100%
"
hdb_yishun_5_room_2025,hdb,YISHUN,5 ROOM,2025,265,718000.0,562.0,"HDB Resale — YISHUN | 5 ROOM | 2025
Transactions: 265
Median resale price: SGD 718,000
Median price per sqft (PSF): SGD 562
Median floor area: 120 sqm
Median remaining lease: 69 years
CPF eligible transactions: 100%
"
hdb_yishun_5_room_2026,hdb,YISHUN,5 ROOM,2026,71,700000.0,554.0,"HDB Resale — YISHUN | 5 ROOM | 2026
Transactions: 71
Median resale price: SGD 700,000
Median price per sqft (PSF): SGD 554
Median floor area: 121 sqm
Median remaining lease: 67 years
CPF eligible transactions: 100%
"
