source,area,flat_type,district,year,median_price,median_psf,min_price,max_price,count
hdb,Ang Mo Kio,3 ROOM,,2017,308444,408,235000,510000,498
hdb,Ang Mo Kio,3 ROOM,,2018,285000,381,205000,519000,533
hdb,Ang Mo Kio,3 ROOM,,2019,275000,363,210000,500000,499
hdb,Ang Mo Kio,3 ROOM,,2020,285000,372,174000,510000,483
hdb,Ang Mo Kio,3 ROOM,,2021,325650,430,248000,543000,550
hdb,Ang Mo Kio,3 ROOM,,2022,365000,480,280000,710000,508
hdb,Ang Mo Kio,3 ROOM,,2023,383000,506,300000,777888,517
hdb,Ang Mo Kio,3 ROOM,,2024,410000,541,333000,780000,556
hdb,Ang Mo Kio,3 ROOM,,2025,440000,574,355000,794500,525
hdb,Ang Mo Kio,3 ROOM,,2026,439000,570,360000,800000,116
hdb,Ang Mo Kio,4 ROOM,,2017,461500,459,323000,780000,238
hdb,Ang Mo Kio,4 ROOM,,2018,444000,436,300000,782000,246
hdb,Ang Mo Kio,4 ROOM,,2019,405000,399,275000,758888,267
hdb,Ang Mo Kio,4 ROOM,,2020,405944,404,295000,758000,296
hdb,Ang Mo Kio,4 ROOM,,2021,448000,445,330000,825000,282
hdb,Ang Mo Kio,4 ROOM,,2022,510000,506,355000,968000,293
hdb,Ang Mo Kio,4 ROOM,,2023,550000,536,402888,1018888,335
hdb,Ang Mo Kio,4 ROOM,,2024,572000,565,455000,1080000,303
hdb,Ang Mo Kio,4 ROOM,,2025,595888,591,465000,1138888,281
hdb,Ang Mo Kio,4 ROOM,,2026,636500,611,443000,1150000,100
hdb,Ang Mo Kio,5 ROOM,,2017,669000,526,500000,945000,138
hdb,Ang Mo Kio,5 ROOM,,2018,699888,523,450000,950000,179
hdb,Ang Mo Kio,5 ROOM,,2019,628000,480,440000,940000,138
hdb,Ang Mo Kio,5 ROOM,,2020,626500,487,420000,1008888,158
hdb,Ang Mo Kio,5 ROOM,,2021,646944,497,472000,1100000,172
hdb,Ang Mo Kio,5 ROOM,,2022,780000,595,530000,1150000,152
hdb,Ang Mo Kio,5 ROOM,,2023,775000,578,585000,1200000,123
hdb,Ang Mo Kio,5 ROOM,,2024,831444,619,605000,1300000,142
hdb,Ang Mo Kio,5 ROOM,,2025,901888,655,630000,1500000,121
hdb,Ang Mo Kio,5 ROOM,,2026,1100000,878,705000,1320000,51
hdb,Bedok,3 ROOM,,2017,300000,414,240000,510000,464
hdb,Bedok,3 ROOM,,2018,290000,397,225000,490000,466
hdb,Bedok,3 ROOM,,2019,278000,379,215000,508000,492
hdb,Bedok,3 ROOM,,2020,280000,382,200000,515000,532
hdb,Bedok,3 ROOM,,2021,317000,434,240000,565000,545
hdb,Bedok,3 ROOM,,2022,350000,478,275000,590000,533
hdb,Bedok,3 ROOM,,2023,370000,506,300000,620000,547
hdb,Bedok,3 ROOM,,2024,395000,543,308000,663000,514
hdb,Bedok,3 ROOM,,2025,430000,587,300000,740888,482
hdb,Bedok,3 ROOM,,2026,425000,575,355000,708000,151
hdb,Bedok,4 ROOM,,2017,415000,419,315000,725000,375
hdb,Bedok,4 ROOM,,2018,405000,409,300000,740000,343
hdb,Bedok,4 ROOM,,2019,390000,396,300000,750000,359
hdb,Bedok,4 ROOM,,2020,395000,399,300000,735000,451
hdb,Bedok,4 ROOM,,2021,445000,445,328000,791000,587
hdb,Bedok,4 ROOM,,2022,470000,475,350000,800888,447
hdb,Bedok,4 ROOM,,2023,505000,515,368000,872000,443
hdb,Bedok,4 ROOM,,2024,540000,553,410000,930000,442
hdb,Bedok,4 ROOM,,2025,590000,592,430000,980000,441
hdb,Bedok,4 ROOM,,2026,580500,586,425000,1120000,160
hdb,Bedok,5 ROOM,,2017,570000,435,420000,880000,201
hdb,Bedok,5 ROOM,,2018,580000,437,405888,875000,206
hdb,Bedok,5 ROOM,,2019,563000,423,390000,868000,205
hdb,Bedok,5 ROOM,,2020,570000,430,380000,870000,209
hdb,Bedok,5 ROOM,,2021,613750,471,438000,908888,360
hdb,Bedok,5 ROOM,,2022,650000,504,500000,968000,249
hdb,Bedok,5 ROOM,,2023,680000,516,508000,1068000,217
hdb,Bedok,5 ROOM,,2024,768000,576,545000,1180000,249
hdb,Bedok,5 ROOM,,2025,770000,590,620000,1130000,173
hdb,Bedok,5 ROOM,,2026,800000,612,615000,1090000,65
hdb,Bishan,3 ROOM,,2017,372500,540,257000,460000,42
hdb,Bishan,3 ROOM,,2018,363000,509,239000,460000,37
hdb,Bishan,3 ROOM,,2019,380000,544,246000,450000,42
hdb,Bishan,3 ROOM,,2020,365000,496,210000,468000,48
hdb,Bishan,3 ROOM,,2021,400000,576,260000,488888,52
hdb,Bishan,3 ROOM,,2022,428444,619,258000,500000,64
hdb,Bishan,3 ROOM,,2023,472500,676,320000,520000,42
hdb,Bishan,3 ROOM,,2024,509000,731,325000,560000,50
hdb,Bishan,3 ROOM,,2025,548000,777,336000,625000,59
hdb,Bishan,3 ROOM,,2026,533000,739,300000,567000,17
hdb,Bishan,4 ROOM,,2017,568000,542,380000,835000,205
hdb,Bishan,4 ROOM,,2018,550000,526,358000,830000,199
hdb,Bishan,4 ROOM,,2019,550000,513,328000,980000,200
hdb,Bishan,4 ROOM,,2020,530000,507,355000,910000,200
hdb,Bishan,4 ROOM,,2021,570000,542,375000,930000,282
hdb,Bishan,4 ROOM,,2022,640000,597,350000,1050000,202
hdb,Bishan,4 ROOM,,2023,700000,657,425000,1090000,191
hdb,Bishan,4 ROOM,,2024,738944,709,425000,1062000,186
hdb,Bishan,4 ROOM,,2025,798000,741,495000,1250000,175
hdb,Bishan,4 ROOM,,2026,808000,730,520000,1250000,63
hdb,Bishan,5 ROOM,,2017,776500,576,532000,1180000,150
hdb,Bishan,5 ROOM,,2018,750000,560,500000,1080000,124
hdb,Bishan,5 ROOM,,2019,728444,550,473000,1080000,128
hdb,Bishan,5 ROOM,,2020,723000,542,590000,1218888,139
hdb,Bishan,5 ROOM,,2021,780000,578,590000,1360000,167
hdb,Bishan,5 ROOM,,2022,845000,632,648000,1338888,136
hdb,Bishan,5 ROOM,,2023,900000,679,635000,1430000,103
hdb,Bishan,5 ROOM,,2024,968000,729,720000,1568000,103
hdb,Bishan,5 ROOM,,2025,1008888,767,810000,1632000,98
hdb,Bishan,5 ROOM,,2026,950000,723,840000,1580000,31
hdb,Bukit Batok,3 ROOM,,2017,272000,370,225000,335000,311
hdb,Bukit Batok,3 ROOM,,2018,262000,354,210000,350000,306
hdb,Bukit Batok,3 ROOM,,2019,252000,341,215000,320000,278
hdb,Bukit Batok,3 ROOM,,2020,262000,356,208000,330000,182
hdb,Bukit Batok,3 ROOM,,2021,315000,430,230000,478000,243
hdb,Bukit Batok,3 ROOM,,2022,350000,472,250000,542000,274
hdb,Bukit Batok,3 ROOM,,2023,378000,517,310000,545000,357
hdb,Bukit Batok,3 ROOM,,2024,398000,538,330000,600000,410
hdb,Bukit Batok,3 ROOM,,2025,420000,566,320000,612000,335
hdb,Bukit Batok,3 ROOM,,2026,415000,562,350000,600000,109
hdb,Bukit Batok,4 ROOM,,2017,399888,374,300000,575000,283
hdb,Bukit Batok,4 ROOM,,2018,380000,363,270888,580000,321
hdb,Bukit Batok,4 ROOM,,2019,361500,341,280000,590000,362
hdb,Bukit Batok,4 ROOM,,2020,360444,350,285000,588000,276
hdb,Bukit Batok,4 ROOM,,2021,430000,408,308888,710000,276
hdb,Bukit Batok,4 ROOM,,2022,495000,465,370000,780000,352
hdb,Bukit Batok,4 ROOM,,2023,590000,589,401888,813800,608
hdb,Bukit Batok,4 ROOM,,2024,598000,594,410000,868000,755
hdb,Bukit Batok,4 ROOM,,2025,622000,617,440000,830000,537
hdb,Bukit Batok,4 ROOM,,2026,650000,654,430000,858000,183
hdb,Bukit Batok,5 ROOM,,2017,543500,414,400000,738888,78
hdb,Bukit Batok,5 ROOM,,2018,520000,388,360000,740000,127
hdb,Bukit Batok,5 ROOM,,2019,516000,392,365000,780000,133
hdb,Bukit Batok,5 ROOM,,2020,530000,396,388000,760000,119
hdb,Bukit Batok,5 ROOM,,2021,581000,445,458000,900000,122
hdb,Bukit Batok,5 ROOM,,2022,689000,506,490000,935000,150
hdb,Bukit Batok,5 ROOM,,2023,760000,624,530000,935000,254
hdb,Bukit Batok,5 ROOM,,2024,758000,610,400000,1000000,299
hdb,Bukit Batok,5 ROOM,,2025,812500,663,595000,1018000,254
hdb,Bukit Batok,5 ROOM,,2026,825000,673,610000,1058888,99
hdb,Bukit Merah,3 ROOM,,2017,360000,499,220000,688000,302
hdb,Bukit Merah,3 ROOM,,2018,340000,479,200000,700000,280
hdb,Bukit Merah,3 ROOM,,2019,315000,446,208000,690000,301
hdb,Bukit Merah,3 ROOM,,2020,320000,457,200000,728000,281
hdb,Bukit Merah,3 ROOM,,2021,350000,496,226000,780000,398
hdb,Bukit Merah,3 ROOM,,2022,380000,532,230000,790000,328
hdb,Bukit Merah,3 ROOM,,2023,425000,579,255000,800888,347
hdb,Bukit Merah,3 ROOM,,2024,415833,580,275000,860000,366
hdb,Bukit Merah,3 ROOM,,2025,438000,611,280000,860000,342
hdb,Bukit Merah,3 ROOM,,2026,430000,593,303000,910000,111
hdb,Bukit Merah,4 ROOM,,2017,685000,674,390000,880000,301
hdb,Bukit Merah,4 ROOM,,2018,660400,673,360000,1018000,340
hdb,Bukit Merah,4 ROOM,,2019,682500,681,320000,1050000,320
hdb,Bukit Merah,4 ROOM,,2020,675000,670,360000,1088000,268
hdb,Bukit Merah,4 ROOM,,2021,741000,754,350000,1030000,429
hdb,Bukit Merah,4 ROOM,,2022,750000,751,383000,1158000,350
hdb,Bukit Merah,4 ROOM,,2023,845750,841,415000,1500000,420
hdb,Bukit Merah,4 ROOM,,2024,900000,899,410000,1320000,423
hdb,Bukit Merah,4 ROOM,,2025,929000,939,420000,1338000,380
hdb,Bukit Merah,4 ROOM,,2026,929000,922,485000,1360000,124
hdb,Bukit Merah,5 ROOM,,2017,748000,581,508000,988000,165
hdb,Bukit Merah,5 ROOM,,2018,788888,617,500000,1150000,199
hdb,Bukit Merah,5 ROOM,,2019,790000,609,500000,1200000,213
hdb,Bukit Merah,5 ROOM,,2020,750000,589,502000,1153000,196
hdb,Bukit Merah,5 ROOM,,2021,820000,633,480000,1256000,275
hdb,Bukit Merah,5 ROOM,,2022,870000,680,518000,1400000,230
hdb,Bukit Merah,5 ROOM,,2023,898000,708,630000,1460000,165
hdb,Bukit Merah,5 ROOM,,2024,970000,764,650000,1588000,183
hdb,Bukit Merah,5 ROOM,,2025,1090000,848,685000,1580000,165
hdb,Bukit Merah,5 ROOM,,2026,1080000,841,690000,1728000,55
hdb,Bukit Panjang,3 ROOM,,2017,281000,363,238000,345000,70
hdb,Bukit Panjang,3 ROOM,,2018,282000,359,238000,343000,68
hdb,Bukit Panjang,3 ROOM,,2019,300000,408,238000,350000,109
hdb,Bukit Panjang,3 ROOM,,2020,310000,425,250000,365000,142
hdb,Bukit Panjang,3 ROOM,,2021,336500,448,270000,400280,118
hdb,Bukit Panjang,3 ROOM,,2022,370000,480,300000,450000,110
hdb,Bukit Panjang,3 ROOM,,2023,390500,519,318000,515000,108
hdb,Bukit Panjang,3 ROOM,,2024,420000,536,341000,530000,115
hdb,Bukit Panjang,3 ROOM,,2025,460000,609,395000,548888,100
hdb,Bukit Panjang,3 ROOM,,2026,465000,608,380000,558888,33
hdb,Bukit Panjang,4 ROOM,,2017,364000,353,285000,580000,314
hdb,Bukit Panjang,4 ROOM,,2018,362500,351,270000,563000,320
hdb,Bukit Panjang,4 ROOM,,2019,385000,382,235000,585000,402
hdb,Bukit Panjang,4 ROOM,,2020,418000,419,260000,600000,537
hdb,Bukit Panjang,4 ROOM,,2021,450000,442,310000,645000,465
hdb,Bukit Panjang,4 ROOM,,2022,470000,465,368000,680000,454
hdb,Bukit Panjang,4 ROOM,,2023,498000,487,393000,730000,365
hdb,Bukit Panjang,4 ROOM,,2024,538000,524,419888,825000,363
hdb,Bukit Panjang,4 ROOM,,2025,575000,569,460000,868000,376
hdb,Bukit Panjang,4 ROOM,,2026,570000,569,428000,880000,123
hdb,Bukit Panjang,5 ROOM,,2017,462944,380,362888,667000,202
hdb,Bukit Panjang,5 ROOM,,2018,465000,372,365000,689000,254
hdb,Bukit Panjang,5 ROOM,,2019,470000,386,340000,675000,286
hdb,Bukit Panjang,5 ROOM,,2020,513000,422,350000,731000,282
hdb,Bukit Panjang,5 ROOM,,2021,550000,444,400000,776000,302
hdb,Bukit Panjang,5 ROOM,,2022,595000,476,450000,818000,277
hdb,Bukit Panjang,5 ROOM,,2023,612500,484,488000,866000,200
hdb,Bukit Panjang,5 ROOM,,2024,655000,530,503000,993888,266
hdb,Bukit Panjang,5 ROOM,,2025,720000,587,530000,998000,209
hdb,Bukit Panjang,5 ROOM,,2026,690000,558,547500,965000,71
hdb,Bukit Timah,3 ROOM,,2017,412500,569,370000,460000,12
hdb,Bukit Timah,3 ROOM,,2018,430000,554,380000,495000,9
hdb,Bukit Timah,3 ROOM,,2019,432500,550,375000,455000,9
hdb,Bukit Timah,3 ROOM,,2020,397500,534,300000,480888,10
hdb,Bukit Timah,3 ROOM,,2021,415000,543,388000,432000,12
hdb,Bukit Timah,3 ROOM,,2022,447500,572,335000,490000,12
hdb,Bukit Timah,3 ROOM,,2023,450000,592,428000,570000,9
hdb,Bukit Timah,3 ROOM,,2024,482500,623,445000,535000,12
hdb,Bukit Timah,3 ROOM,,2025,500000,713,438000,602888,9
hdb,Bukit Timah,3 ROOM,,2026,467500,651,445000,545000,4
hdb,Bukit Timah,4 ROOM,,2017,670000,607,520000,735000,21
hdb,Bukit Timah,4 ROOM,,2018,644000,602,540888,738000,20
hdb,Bukit Timah,4 ROOM,,2019,665000,594,495000,740000,27
hdb,Bukit Timah,4 ROOM,,2020,622500,570,510000,750000,16
hdb,Bukit Timah,4 ROOM,,2021,637500,581,448000,777000,32
hdb,Bukit Timah,4 ROOM,,2022,618444,621,528000,838000,28
hdb,Bukit Timah,4 ROOM,,2023,775000,712,600000,890000,16
hdb,Bukit Timah,4 ROOM,,2024,704000,706,515000,920000,22
hdb,Bukit Timah,4 ROOM,,2025,920171,822,620000,966555,16
hdb,Bukit Timah,4 ROOM,,2026,963000,860,920000,970000,5
hdb,Bukit Timah,5 ROOM,,2017,813000,619,710000,915000,11
hdb,Bukit Timah,5 ROOM,,2018,818000,623,720000,883000,17
hdb,Bukit Timah,5 ROOM,,2019,811500,618,725000,900000,18
hdb,Bukit Timah,5 ROOM,,2020,855000,638,828000,928000,12
hdb,Bukit Timah,5 ROOM,,2021,862888,657,770000,950000,17
hdb,Bukit Timah,5 ROOM,,2022,900000,684,800000,990000,11
hdb,Bukit Timah,5 ROOM,,2023,1050000,762,880000,1210000,11
hdb,Bukit Timah,5 ROOM,,2024,1092500,799,920000,1238000,16
hdb,Bukit Timah,5 ROOM,,2025,1184444,891,900888,1280000,18
hdb,Bukit Timah,5 ROOM,,2026,1115000,849,1020000,1200000,7
hdb,Central Area,3 ROOM,,2017,410000,589,318000,515000,71
hdb,Central Area,3 ROOM,,2018,391944,600,303000,560000,72
hdb,Central Area,3 ROOM,,2019,409000,615,295000,550000,72
hdb,Central Area,3 ROOM,,2020,408888,582,292000,545000,67
hdb,Central Area,3 ROOM,,2021,432000,602,310000,590000,89
hdb,Central Area,3 ROOM,,2022,443000,617,365000,590000,83
hdb,Central Area,3 ROOM,,2023,462000,669,358000,600000,90
hdb,Central Area,3 ROOM,,2024,499444,713,360000,648000,80
hdb,Central Area,3 ROOM,,2025,535000,776,400000,640000,72
hdb,Central Area,3 ROOM,,2026,523444,798,440888,630000,22
hdb,Central Area,4 ROOM,,2017,815000,799,385000,998000,70
hdb,Central Area,4 ROOM,,2018,850000,831,430000,1028000,68
hdb,Central Area,4 ROOM,,2019,670000,753,400000,1110000,83
hdb,Central Area,4 ROOM,,2020,630000,707,423800,1186888,64
hdb,Central Area,4 ROOM,,2021,940000,919,440000,1200000,103
hdb,Central Area,4 ROOM,,2022,876044,877,450000,1370000,84
hdb,Central Area,4 ROOM,,2023,812500,914,500000,1410888,76
hdb,Central Area,4 ROOM,,2024,788888,872,500000,1450000,67
hdb,Central Area,4 ROOM,,2025,1245000,1217,526000,1518000,68
hdb,Central Area,4 ROOM,,2026,843000,927,585000,1500000,27
hdb,Central Area,5 ROOM,,2017,960000,834,580000,1138000,27
hdb,Central Area,5 ROOM,,2018,978000,856,568000,1168000,29
hdb,Central Area,5 ROOM,,2019,1000000,885,645000,1200000,23
hdb,Central Area,5 ROOM,,2020,1009000,876,560000,1258000,28
hdb,Central Area,5 ROOM,,2021,1052000,928,555000,1288000,55
hdb,Central Area,5 ROOM,,2022,1170000,1035,623000,1388888,29
hdb,Central Area,5 ROOM,,2023,1339000,1179,775000,1480000,16
hdb,Central Area,5 ROOM,,2024,1410000,1232,752000,1542880,24
hdb,Central Area,5 ROOM,,2025,1483500,1294,788000,1600000,20
hdb,Central Area,5 ROOM,,2026,1160000,1014,800000,1560000,6
hdb,Choa Chu Kang,3 ROOM,,2017,273000,352,245000,340000,56
hdb,Choa Chu Kang,3 ROOM,,2018,273000,350,225000,326000,55
hdb,Choa Chu Kang,3 ROOM,,2019,282500,366,225000,330000,48
hdb,Choa Chu Kang,3 ROOM,,2020,312500,430,234000,360000,62
hdb,Choa Chu Kang,3 ROOM,,2021,365000,499,265000,439888,111
hdb,Choa Chu Kang,3 ROOM,,2022,392000,538,305000,463000,95
hdb,Choa Chu Kang,3 ROOM,,2023,402500,557,320000,465000,67
hdb,Choa Chu Kang,3 ROOM,,2024,420000,554,350000,490888,84
hdb,Choa Chu Kang,3 ROOM,,2025,480000,659,365000,530000,60
hdb,Choa Chu Kang,3 ROOM,,2026,459000,628,360000,540000,28
hdb,Choa Chu Kang,4 ROOM,,2017,344500,314,290000,480000,382
hdb,Choa Chu Kang,4 ROOM,,2018,335000,308,265000,470000,444
hdb,Choa Chu Kang,4 ROOM,,2019,335000,307,273000,470000,421
hdb,Choa Chu Kang,4 ROOM,,2020,360000,329,280000,525000,413
hdb,Choa Chu Kang,4 ROOM,,2021,455000,444,300000,552000,712
hdb,Choa Chu Kang,4 ROOM,,2022,485000,457,363000,600000,652
hdb,Choa Chu Kang,4 ROOM,,2023,500000,457,370000,638000,591
hdb,Choa Chu Kang,4 ROOM,,2024,525000,481,400000,670000,643
hdb,Choa Chu Kang,4 ROOM,,2025,560000,511,420000,690000,475
hdb,Choa Chu Kang,4 ROOM,,2026,555000,506,430000,700000,162
hdb,Choa Chu Kang,5 ROOM,,2017,409444,318,335000,572000,250
hdb,Choa Chu Kang,5 ROOM,,2018,400000,312,308000,572000,304
hdb,Choa Chu Kang,5 ROOM,,2019,405000,311,307000,580000,315
hdb,Choa Chu Kang,5 ROOM,,2020,435000,330,340000,602000,316
hdb,Choa Chu Kang,5 ROOM,,2021,530000,403,373000,683888,539
hdb,Choa Chu Kang,5 ROOM,,2022,575000,441,420000,722000,487
hdb,Choa Chu Kang,5 ROOM,,2023,590000,450,478000,738000,359
hdb,Choa Chu Kang,5 ROOM,,2024,618000,480,495000,779000,404
hdb,Choa Chu Kang,5 ROOM,,2025,670000,505,528000,815000,370
hdb,Choa Chu Kang,5 ROOM,,2026,673500,512,495000,800000,114
hdb,Clementi,3 ROOM,,2017,338000,458,250000,618000,204
hdb,Clementi,3 ROOM,,2018,317000,427,230000,565000,229
hdb,Clementi,3 ROOM,,2019,300000,399,225000,565000,229
hdb,Clementi,3 ROOM,,2020,310000,424,222000,623888,250
hdb,Clementi,3 ROOM,,2021,341000,459,225000,660000,250
hdb,Clementi,3 ROOM,,2022,380000,506,270000,696000,269
hdb,Clementi,3 ROOM,,2023,400000,530,300000,790000,248
hdb,Clementi,3 ROOM,,2024,400000,541,318000,840000,261
hdb,Clementi,3 ROOM,,2025,425000,569,340000,740188,239
hdb,Clementi,3 ROOM,,2026,434000,587,340888,830000,68
hdb,Clementi,4 ROOM,,2017,545000,546,335000,910000,161
hdb,Clementi,4 ROOM,,2018,570000,554,310000,915000,151
hdb,Clementi,4 ROOM,,2019,484000,490,300000,950000,155
hdb,Clementi,4 ROOM,,2020,508000,495,318000,885000,205
hdb,Clementi,4 ROOM,,2021,700000,706,360000,955000,267
hdb,Clementi,4 ROOM,,2022,660000,656,405000,980000,219
hdb,Clementi,4 ROOM,,2023,600000,613,420000,1050000,213
hdb,Clementi,4 ROOM,,2024,661250,659,420000,1158000,198
hdb,Clementi,4 ROOM,,2025,870000,869,463000,1328000,203
hdb,Clementi,4 ROOM,,2026,750000,715,455000,1350000,63
hdb,Clementi,5 ROOM,,2017,728000,567,545000,1040000,40
hdb,Clementi,5 ROOM,,2018,671444,515,520000,1068000,60
hdb,Clementi,5 ROOM,,2019,666000,507,465000,1038000,61
hdb,Clementi,5 ROOM,,2020,690000,520,480000,1040000,77
hdb,Clementi,5 ROOM,,2021,702500,542,430000,1095000,96
hdb,Clementi,5 ROOM,,2022,840000,654,565000,1188000,85
hdb,Clementi,5 ROOM,,2023,800000,615,598000,1280000,66
hdb,Clementi,5 ROOM,,2024,852500,667,500000,1300000,66
hdb,Clementi,5 ROOM,,2025,1009444,801,600000,1500000,82
hdb,Clementi,5 ROOM,,2026,1208000,993,738000,1510000,19
hdb,Geylang,3 ROOM,,2017,275000,419,200000,502000,268
hdb,Geylang,3 ROOM,,2018,283000,418,200000,482500,185
hdb,Geylang,3 ROOM,,2019,260000,395,172000,468000,238
hdb,Geylang,3 ROOM,,2020,256000,375,173000,548000,252
hdb,Geylang,3 ROOM,,2021,290500,444,203000,580000,284
hdb,Geylang,3 ROOM,,2022,323500,486,230000,600000,306
hdb,Geylang,3 ROOM,,2023,339944,515,250000,695000,276
hdb,Geylang,3 ROOM,,2024,375000,557,270000,790000,296
hdb,Geylang,3 ROOM,,2025,379500,572,285000,838000,290
hdb,Geylang,3 ROOM,,2026,388000,557,292000,850000,103
hdb,Geylang,4 ROOM,,2017,486500,478,323000,760000,160
hdb,Geylang,4 ROOM,,2018,480000,480,322000,778000,155
hdb,Geylang,4 ROOM,,2019,475500,473,310000,795000,182
hdb,Geylang,4 ROOM,,2020,525444,497,320000,800000,198
hdb,Geylang,4 ROOM,,2021,595000,552,330000,815000,295
hdb,Geylang,4 ROOM,,2022,562500,548,380000,840000,236
hdb,Geylang,4 ROOM,,2023,600000,576,320000,950000,237
hdb,Geylang,4 ROOM,,2024,785000,759,395888,1080000,226
hdb,Geylang,4 ROOM,,2025,700000,669,451888,1088000,220
hdb,Geylang,4 ROOM,,2026,842944,743,458000,1085000,86
hdb,Geylang,5 ROOM,,2017,636944,489,442000,970000,78
hdb,Geylang,5 ROOM,,2018,653500,509,435000,998000,66
hdb,Geylang,5 ROOM,,2019,652000,502,440000,970000,59
hdb,Geylang,5 ROOM,,2020,651500,497,420000,1008888,70
hdb,Geylang,5 ROOM,,2021,698000,530,488000,990000,100
hdb,Geylang,5 ROOM,,2022,783000,584,500000,1100000,79
hdb,Geylang,5 ROOM,,2023,768000,576,560888,1105000,69
hdb,Geylang,5 ROOM,,2024,808000,625,610000,1150000,61
hdb,Geylang,5 ROOM,,2025,819000,623,590000,1375000,70
hdb,Geylang,5 ROOM,,2026,918000,673,705000,1360000,27
hdb,Hougang,3 ROOM,,2017,290000,389,230000,362000,194
hdb,Hougang,3 ROOM,,2018,280000,383,208000,346000,186
hdb,Hougang,3 ROOM,,2019,275000,377,195000,392888,207
hdb,Hougang,3 ROOM,,2020,287250,388,208000,483000,242
hdb,Hougang,3 ROOM,,2021,326500,447,213000,535000,260
hdb,Hougang,3 ROOM,,2022,370000,504,280000,568000,294
hdb,Hougang,3 ROOM,,2023,390000,529,285000,540888,299
hdb,Hougang,3 ROOM,,2024,425000,574,290000,590000,298
hdb,Hougang,3 ROOM,,2025,455000,610,310000,640000,319
hdb,Hougang,3 ROOM,,2026,455500,621,375000,660000,84
hdb,Hougang,4 ROOM,,2017,385000,370,300000,568000,396
hdb,Hougang,4 ROOM,,2018,380000,361,298800,600000,436
hdb,Hougang,4 ROOM,,2019,380000,365,288000,578000,431
hdb,Hougang,4 ROOM,,2020,400000,376,280000,700000,519
hdb,Hougang,4 ROOM,,2021,445000,424,315000,755000,634
hdb,Hougang,4 ROOM,,2022,500000,475,368000,750000,615
hdb,Hougang,4 ROOM,,2023,535000,509,393000,800000,656
hdb,Hougang,4 ROOM,,2024,585000,559,445000,838888,645
hdb,Hougang,4 ROOM,,2025,625000,599,460000,860000,581
hdb,Hougang,4 ROOM,,2026,618000,594,440000,868888,177
hdb,Hougang,5 ROOM,,2017,478444,370,375000,720000,236
hdb,Hougang,5 ROOM,,2018,475500,372,380000,816800,232
hdb,Hougang,5 ROOM,,2019,488000,377,365000,752000,202
hdb,Hougang,5 ROOM,,2020,520000,397,385000,888888,292
hdb,Hougang,5 ROOM,,2021,573500,439,425000,900000,362
hdb,Hougang,5 ROOM,,2022,620000,476,490000,928000,250
hdb,Hougang,5 ROOM,,2023,665000,513,500000,960000,277
hdb,Hougang,5 ROOM,,2024,728000,565,552888,1150000,283
hdb,Hougang,5 ROOM,,2025,775000,599,585000,1080000,228
hdb,Hougang,5 ROOM,,2026,767500,587,585000,1038888,74
hdb,Jurong East,3 ROOM,,2017,286000,380,200000,410000,174
hdb,Jurong East,3 ROOM,,2018,282000,374,206000,450000,159
hdb,Jurong East,3 ROOM,,2019,268000,355,210000,410000,152
hdb,Jurong East,3 ROOM,,2020,280000,367,205000,428000,151
hdb,Jurong East,3 ROOM,,2021,330000,437,220000,450000,157
hdb,Jurong East,3 ROOM,,2022,355000,474,275000,445000,173
hdb,Jurong East,3 ROOM,,2023,368000,492,283000,495000,158
hdb,Jurong East,3 ROOM,,2024,390000,520,290000,565000,223
hdb,Jurong East,3 ROOM,,2025,416500,550,310000,558000,180
hdb,Jurong East,3 ROOM,,2026,415000,527,300000,535000,59
hdb,Jurong East,4 ROOM,,2017,420000,409,315000,550000,131
hdb,Jurong East,4 ROOM,,2018,410000,398,290000,526000,135
hdb,Jurong East,4 ROOM,,2019,385000,380,285000,550000,147
hdb,Jurong East,4 ROOM,,2020,395000,387,260000,540000,148
hdb,Jurong East,4 ROOM,,2021,440500,415,310000,600000,182
hdb,Jurong East,4 ROOM,,2022,464000,459,350000,610000,138
hdb,Jurong East,4 ROOM,,2023,475000,465,390000,650000,141
hdb,Jurong East,4 ROOM,,2024,508000,500,392000,690000,171
hdb,Jurong East,4 ROOM,,2025,548888,531,445000,750000,143
hdb,Jurong East,4 ROOM,,2026,546944,533,443000,700000,42
hdb,Jurong East,5 ROOM,,2017,524444,399,335000,755000,102
hdb,Jurong East,5 ROOM,,2018,535000,405,322000,698000,129
hdb,Jurong East,5 ROOM,,2019,521000,395,302000,673000,123
hdb,Jurong East,5 ROOM,,2020,490000,378,300000,650000,131
hdb,Jurong East,5 ROOM,,2021,580000,437,350000,720000,129
hdb,Jurong East,5 ROOM,,2022,620000,463,415000,805000,116
hdb,Jurong East,5 ROOM,,2023,638000,486,450000,830000,103
hdb,Jurong East,5 ROOM,,2024,658000,503,432000,891008,116
hdb,Jurong East,5 ROOM,,2025,695000,527,445000,927777,102
hdb,Jurong East,5 ROOM,,2026,720000,554,460000,890000,37
hdb,Jurong West,3 ROOM,,2017,270000,359,200000,368000,300
hdb,Jurong West,3 ROOM,,2018,250000,339,175000,367000,295
hdb,Jurong West,3 ROOM,,2019,255000,335,175000,455000,312
hdb,Jurong West,3 ROOM,,2020,265000,350,178000,475000,211
hdb,Jurong West,3 ROOM,,2021,299000,409,210000,490000,250
hdb,Jurong West,3 ROOM,,2022,343000,457,200000,510000,304
hdb,Jurong West,3 ROOM,,2023,355000,468,255000,525000,324
hdb,Jurong West,3 ROOM,,2024,378000,503,275000,585000,385
hdb,Jurong West,3 ROOM,,2025,400000,523,290000,608888,338
hdb,Jurong West,3 ROOM,,2026,400000,526,300000,628000,102
hdb,Jurong West,4 ROOM,,2017,362000,344,290000,565000,641
hdb,Jurong West,4 ROOM,,2018,350000,337,275000,565000,600
hdb,Jurong West,4 ROOM,,2019,355000,338,275000,673000,596
hdb,Jurong West,4 ROOM,,2020,360000,346,282000,670000,481
hdb,Jurong West,4 ROOM,,2021,425000,410,320000,670000,537
hdb,Jurong West,4 ROOM,,2022,468000,460,355000,688888,581
hdb,Jurong West,4 ROOM,,2023,485000,475,388000,702000,590
hdb,Jurong West,4 ROOM,,2024,505000,489,400000,742000,748
hdb,Jurong West,4 ROOM,,2025,545000,523,408000,780000,602
hdb,Jurong West,4 ROOM,,2026,535000,516,430000,820000,198
hdb,Jurong West,5 ROOM,,2017,459444,372,330000,635000,474
hdb,Jurong West,5 ROOM,,2018,433500,349,318888,642000,510
hdb,Jurong West,5 ROOM,,2019,437694,355,308000,678000,536
hdb,Jurong West,5 ROOM,,2020,450000,364,308000,739000,517
hdb,Jurong West,5 ROOM,,2021,505000,405,370000,798000,495
hdb,Jurong West,5 ROOM,,2022,550000,446,373888,858000,522
hdb,Jurong West,5 ROOM,,2023,584000,468,450000,820000,442
hdb,Jurong West,5 ROOM,,2024,600000,480,465000,952888,560
hdb,Jurong West,5 ROOM,,2025,640000,507,503888,950000,459
hdb,Jurong West,5 ROOM,,2026,640000,512,525000,915000,149
hdb,Kallang/Whampoa,3 ROOM,,2017,320000,451,197000,1053888,286
hdb,Kallang/Whampoa,3 ROOM,,2018,307500,432,195000,1185000,278
hdb,Kallang/Whampoa,3 ROOM,,2019,320000,450,185000,975000,239
hdb,Kallang/Whampoa,3 ROOM,,2020,292000,420,190000,880000,247
hdb,Kallang/Whampoa,3 ROOM,,2021,326000,458,218000,1268000,365
hdb,Kallang/Whampoa,3 ROOM,,2022,380000,534,228888,958000,331
hdb,Kallang/Whampoa,3 ROOM,,2023,385000,540,250000,1200000,347
hdb,Kallang/Whampoa,3 ROOM,,2024,418000,584,250000,1568000,401
hdb,Kallang/Whampoa,3 ROOM,,2025,450888,631,290000,1398888,319
hdb,Kallang/Whampoa,3 ROOM,,2026,459000,633,338000,1028000,81
hdb,Kallang/Whampoa,4 ROOM,,2017,531694,530,330000,850000,214
hdb,Kallang/Whampoa,4 ROOM,,2018,536500,532,322888,860000,198
hdb,Kallang/Whampoa,4 ROOM,,2019,540000,541,308000,900000,203
hdb,Kallang/Whampoa,4 ROOM,,2020,518000,504,290000,902000,168
hdb,Kallang/Whampoa,4 ROOM,,2021,640944,608,368000,960000,286
hdb,Kallang/Whampoa,4 ROOM,,2022,770000,785,392000,1000000,409
hdb,Kallang/Whampoa,4 ROOM,,2023,780000,776,425000,1300888,286
hdb,Kallang/Whampoa,4 ROOM,,2024,865000,867,463888,1250000,359
hdb,Kallang/Whampoa,4 ROOM,,2025,880000,889,460000,1263000,311
hdb,Kallang/Whampoa,4 ROOM,,2026,938000,945,484800,1260000,93
hdb,Kallang/Whampoa,5 ROOM,,2017,705000,542,490000,1005000,143
hdb,Kallang/Whampoa,5 ROOM,,2018,705000,551,505000,1150000,109
hdb,Kallang/Whampoa,5 ROOM,,2019,695000,540,510000,1205000,116
hdb,Kallang/Whampoa,5 ROOM,,2020,670000,520,480000,1200000,118
hdb,Kallang/Whampoa,5 ROOM,,2021,739000,572,500000,1268000,164
hdb,Kallang/Whampoa,5 ROOM,,2022,810000,638,529000,1288888,127
hdb,Kallang/Whampoa,5 ROOM,,2023,865000,670,570000,1262000,108
hdb,Kallang/Whampoa,5 ROOM,,2024,920000,693,610000,1450000,111
hdb,Kallang/Whampoa,5 ROOM,,2025,945000,732,610000,1550000,116
hdb,Kallang/Whampoa,5 ROOM,,2026,947000,743,700000,1480000,33
hdb,Marine Parade,3 ROOM,,2017,400000,550,315000,530000,55
hdb,Marine Parade,3 ROOM,,2018,390000,532,309000,502000,61
hdb,Marine Parade,3 ROOM,,2019,350000,493,270000,502888,67
hdb,Marine Parade,3 ROOM,,2020,350000,483,280000,488000,65
hdb,Marine Parade,3 ROOM,,2021,380000,532,305000,588000,80
hdb,Marine Parade,3 ROOM,,2022,415000,565,312000,533893,87
hdb,Marine Parade,3 ROOM,,2023,430000,587,340000,590000,70
hdb,Marine Parade,3 ROOM,,2024,449000,622,350000,615000,76
hdb,Marine Parade,3 ROOM,,2025,482500,664,360000,582000,84
hdb,Marine Parade,3 ROOM,,2026,450000,626,363000,605000,17
hdb,Marine Parade,4 ROOM,,2017,531000,566,419000,650000,36
hdb,Marine Parade,4 ROOM,,2018,525000,560,455000,670000,37
hdb,Marine Parade,4 ROOM,,2019,489000,539,415000,545000,26
hdb,Marine Parade,4 ROOM,,2020,478000,513,388000,540000,33
hdb,Marine Parade,4 ROOM,,2021,490000,529,418000,610000,41
hdb,Marine Parade,4 ROOM,,2022,545000,589,410000,628000,44
hdb,Marine Parade,4 ROOM,,2023,562500,605,488000,680000,34
hdb,Marine Parade,4 ROOM,,2024,568000,612,470000,701000,33
hdb,Marine Parade,4 ROOM,,2025,660000,718,550000,738000,33
hdb,Marine Parade,4 ROOM,,2026,612500,646,505000,770000,12
hdb,Marine Parade,5 ROOM,,2017,842500,623,720000,925000,24
hdb,Marine Parade,5 ROOM,,2018,830000,635,600000,950000,36
hdb,Marine Parade,5 ROOM,,2019,800000,615,680000,918000,29
hdb,Marine Parade,5 ROOM,,2020,768000,581,650000,938000,29
hdb,Marine Parade,5 ROOM,,2021,800000,618,640000,960000,72
hdb,Marine Parade,5 ROOM,,2022,850000,657,699999,1080000,59
hdb,Marine Parade,5 ROOM,,2023,855500,656,645888,1038888,36
hdb,Marine Parade,5 ROOM,,2024,914000,705,800000,1380000,28
hdb,Marine Parade,5 ROOM,,2025,955000,732,775000,1238888,41
hdb,Marine Parade,5 ROOM,,2026,970000,751,872000,1130000,5
hdb,Pasir Ris,3 ROOM,,2017,300000,409,255000,320000,6
hdb,Pasir Ris,3 ROOM,,2018,295000,414,220000,330000,7
hdb,Pasir Ris,3 ROOM,,2019,370000,506,180000,400000,14
hdb,Pasir Ris,3 ROOM,,2020,380000,519,270800,520000,35
hdb,Pasir Ris,3 ROOM,,2021,445000,608,285000,560000,25
hdb,Pasir Ris,3 ROOM,,2022,480000,656,325183,570000,19
hdb,Pasir Ris,3 ROOM,,2023,520000,710,315000,610000,15
hdb,Pasir Ris,3 ROOM,,2024,534000,730,353000,643500,17
hdb,Pasir Ris,3 ROOM,,2025,590000,806,310000,650000,22
hdb,Pasir Ris,3 ROOM,,2026,615000,840,339000,638000,8
hdb,Pasir Ris,4 ROOM,,2017,400000,354,311000,537000,236
hdb,Pasir Ris,4 ROOM,,2018,405000,358,340000,485888,225
hdb,Pasir Ris,4 ROOM,,2019,410000,360,338000,580000,226
hdb,Pasir Ris,4 ROOM,,2020,430000,379,342000,660000,340
hdb,Pasir Ris,4 ROOM,,2021,470000,415,365000,680000,350
hdb,Pasir Ris,4 ROOM,,2022,510000,447,420000,739888,302
hdb,Pasir Ris,4 ROOM,,2023,548000,485,440000,810000,267
hdb,Pasir Ris,4 ROOM,,2024,592500,522,480000,845000,278
hdb,Pasir Ris,4 ROOM,,2025,635000,556,440000,870000,244
hdb,Pasir Ris,4 ROOM,,2026,640000,561,538888,833800,99
hdb,Pasir Ris,5 ROOM,,2017,475000,353,400000,560000,208
hdb,Pasir Ris,5 ROOM,,2018,478000,352,405000,638000,193
hdb,Pasir Ris,5 ROOM,,2019,483000,358,390000,660000,191
hdb,Pasir Ris,5 ROOM,,2020,500000,372,420000,790000,250
hdb,Pasir Ris,5 ROOM,,2021,555000,409,467000,858000,302
hdb,Pasir Ris,5 ROOM,,2022,615000,457,512888,930800,261
hdb,Pasir Ris,5 ROOM,,2023,650000,484,550000,980000,196
hdb,Pasir Ris,5 ROOM,,2024,700000,516,600000,982800,195
hdb,Pasir Ris,5 ROOM,,2025,725000,540,635000,965000,201
hdb,Pasir Ris,5 ROOM,,2026,735000,543,645000,981888,73
hdb,Punggol,3 ROOM,,2017,358000,479,300000,420000,57
hdb,Punggol,3 ROOM,,2018,348000,474,295000,403000,121
hdb,Punggol,3 ROOM,,2019,358000,487,315000,415000,106
hdb,Punggol,3 ROOM,,2020,362500,506,300000,440000,202
hdb,Punggol,3 ROOM,,2021,390000,540,336000,450000,241
hdb,Punggol,3 ROOM,,2022,430000,596,377000,528000,204
hdb,Punggol,3 ROOM,,2023,460000,631,400000,530000,292
hdb,Punggol,3 ROOM,,2024,503444,690,435000,588888,254
hdb,Punggol,3 ROOM,,2025,541444,742,480000,638000,198
hdb,Punggol,3 ROOM,,2026,540500,742,450000,610000,62
hdb,Punggol,4 ROOM,,2017,440000,438,320000,580000,724
hdb,Punggol,4 ROOM,,2018,448000,445,320000,590000,819
hdb,Punggol,4 ROOM,,2019,458000,458,330000,589000,630
hdb,Punggol,4 ROOM,,2020,468000,470,335000,605000,896
hdb,Punggol,4 ROOM,,2021,491944,495,352000,635000,1338
hdb,Punggol,4 ROOM,,2022,550000,550,405000,700000,1005
hdb,Punggol,4 ROOM,,2023,595000,596,456000,778888,1027
hdb,Punggol,4 ROOM,,2024,640000,642,490000,800000,979
hdb,Punggol,4 ROOM,,2025,680000,682,520000,848000,760
hdb,Punggol,4 ROOM,,2026,680000,680,500000,848000,272
hdb,Punggol,5 ROOM,,2017,440000,370,355000,860000,429
hdb,Punggol,5 ROOM,,2018,435000,365,348000,870000,465
hdb,Punggol,5 ROOM,,2019,465000,391,350000,910888,329
hdb,Punggol,5 ROOM,,2020,510000,422,370000,900000,489
hdb,Punggol,5 ROOM,,2021,590000,488,400000,970000,913
hdb,Punggol,5 ROOM,,2022,613000,507,435000,1198000,651
hdb,Punggol,5 ROOM,,2023,675000,555,495000,1220000,591
hdb,Punggol,5 ROOM,,2024,716000,597,528000,1228000,631
hdb,Punggol,5 ROOM,,2025,745000,617,560000,1230000,447
hdb,Punggol,5 ROOM,,2026,795000,654,560000,1470000,124
hdb,Queenstown,3 ROOM,,2017,352000,503,240000,888888,233
hdb,Queenstown,3 ROOM,,2018,342750,486,230000,888000,278
hdb,Queenstown,3 ROOM,,2019,316500,462,198888,850000,256
hdb,Queenstown,3 ROOM,,2020,319000,445,198000,855000,266
hdb,Queenstown,3 ROOM,,2021,355000,503,232000,920000,349
hdb,Queenstown,3 ROOM,,2022,380000,543,265000,930000,317
hdb,Queenstown,3 ROOM,,2023,399000,555,250000,833000,251
hdb,Queenstown,3 ROOM,,2024,408000,575,300000,838000,327
hdb,Queenstown,3 ROOM,,2025,445000,617,300000,888000,260
hdb,Queenstown,3 ROOM,,2026,460000,667,290000,890000,113
hdb,Queenstown,4 ROOM,,2017,705000,700,420000,865000,179
hdb,Queenstown,4 ROOM,,2018,720000,722,385000,940000,215
hdb,Queenstown,4 ROOM,,2019,727500,725,363000,933000,192
hdb,Queenstown,4 ROOM,,2020,772888,806,362000,938000,260
hdb,Queenstown,4 ROOM,,2021,783000,815,350000,1032888,429
hdb,Queenstown,4 ROOM,,2022,832500,852,415000,1160000,286
hdb,Queenstown,4 ROOM,,2023,875000,899,428888,1188888,253
hdb,Queenstown,4 ROOM,,2024,928000,935,415000,1380000,271
hdb,Queenstown,4 ROOM,,2025,988000,997,400000,1370000,246
hdb,Queenstown,4 ROOM,,2026,1018444,1058,545000,1330888,88
hdb,Queenstown,5 ROOM,,2017,824000,640,590000,1038000,79
hdb,Queenstown,5 ROOM,,2018,838000,674,630000,1100000,86
hdb,Queenstown,5 ROOM,,2019,825000,651,600000,1170000,86
hdb,Queenstown,5 ROOM,,2020,860000,686,590000,1158000,80
hdb,Queenstown,5 ROOM,,2021,902500,724,611888,1328000,152
hdb,Queenstown,5 ROOM,,2022,900000,728,640000,1418000,106
hdb,Queenstown,5 ROOM,,2023,934000,723,685000,1270000,52
hdb,Queenstown,5 ROOM,,2024,1023000,826,720000,1550000,69
hdb,Queenstown,5 ROOM,,2025,1200000,971,720000,1658888,65
hdb,Queenstown,5 ROOM,,2026,1268000,956,960000,1700000,24
hdb,Sembawang,3 ROOM,,2018,283000,392,280000,305000,5
hdb,Sembawang,3 ROOM,,2019,292000,399,260000,315000,53
hdb,Sembawang,3 ROOM,,2020,300000,416,270000,340000,23
hdb,Sembawang,3 ROOM,,2021,323500,445,305000,375000,18
hdb,Sembawang,3 ROOM,,2022,425000,587,370000,470000,61
hdb,Sembawang,3 ROOM,,2023,440000,604,378000,492000,92
hdb,Sembawang,3 ROOM,,2024,485000,663,418000,589000,107
hdb,Sembawang,3 ROOM,,2025,520000,710,460000,673000,112
hdb,Sembawang,3 ROOM,,2026,520000,710,440000,620000,39
hdb,Sembawang,4 ROOM,,2017,348000,346,290000,425000,242
hdb,Sembawang,4 ROOM,,2018,335000,331,280000,438000,259
hdb,Sembawang,4 ROOM,,2019,342000,340,283000,425000,279
hdb,Sembawang,4 ROOM,,2020,355000,352,280000,450000,164
hdb,Sembawang,4 ROOM,,2021,412500,416,335000,550000,208
hdb,Sembawang,4 ROOM,,2022,490000,495,393000,638000,339
hdb,Sembawang,4 ROOM,,2023,550000,549,402000,695000,499
hdb,Sembawang,4 ROOM,,2024,573444,569,444000,855000,456
hdb,Sembawang,4 ROOM,,2025,620000,619,485000,889000,496
hdb,Sembawang,4 ROOM,,2026,600000,604,495000,860000,125
hdb,Sembawang,5 ROOM,,2017,408000,337,333000,494000,183
hdb,Sembawang,5 ROOM,,2018,387000,321,320000,508000,219
hdb,Sembawang,5 ROOM,,2019,395000,329,325000,495000,181
hdb,Sembawang,5 ROOM,,2020,412000,339,335000,518000,153
hdb,Sembawang,5 ROOM,,2021,480000,398,380000,660000,173
hdb,Sembawang,5 ROOM,,2022,555000,456,425000,748000,248
hdb,Sembawang,5 ROOM,,2023,590000,484,458000,760000,254
hdb,Sembawang,5 ROOM,,2024,613000,507,500000,810000,251
hdb,Sembawang,5 ROOM,,2025,663444,542,525000,885000,308
hdb,Sembawang,5 ROOM,,2026,655000,532,550000,845000,79
hdb,Sengkang,3 ROOM,,2017,350000,482,300000,378000,61
hdb,Sengkang,3 ROOM,,2018,334000,458,276000,368000,107
hdb,Sengkang,3 ROOM,,2019,340000,469,280000,433000,151
hdb,Sengkang,3 ROOM,,2020,347000,474,275000,428000,164
hdb,Sengkang,3 ROOM,,2021,381100,523,310000,471888,162
hdb,Sengkang,3 ROOM,,2022,430000,587,350000,509888,173
hdb,Sengkang,3 ROOM,,2023,460000,628,380000,565000,132
hdb,Sengkang,3 ROOM,,2024,497444,679,418000,600000,168
hdb,Sengkang,3 ROOM,,2025,541000,742,465000,668000,150
hdb,Sengkang,3 ROOM,,2026,542500,745,450000,635000,52
hdb,Sengkang,4 ROOM,,2017,415000,409,312000,568888,756
hdb,Sengkang,4 ROOM,,2018,405000,400,271000,583888,746
hdb,Sengkang,4 ROOM,,2019,418000,419,303000,600000,893
hdb,Sengkang,4 ROOM,,2020,430000,431,312000,620000,1004
hdb,Sengkang,4 ROOM,,2021,465000,465,300000,665000,1349
hdb,Sengkang,4 ROOM,,2022,525000,524,408000,750000,1099
hdb,Sengkang,4 ROOM,,2023,560444,563,430000,793000,1000
hdb,Sengkang,4 ROOM,,2024,615888,615,455000,870000,1025
hdb,Sengkang,4 ROOM,,2025,648944,649,500000,877000,920
hdb,Sengkang,4 ROOM,,2026,640000,641,520000,880000,264
hdb,Sengkang,5 ROOM,,2017,440000,362,350000,580000,496
hdb,Sengkang,5 ROOM,,2018,437444,361,350000,600000,548
hdb,Sengkang,5 ROOM,,2019,460000,376,345000,715000,541
hdb,Sengkang,5 ROOM,,2020,485000,400,365000,724000,759
hdb,Sengkang,5 ROOM,,2021,522000,432,350000,820000,964
hdb,Sengkang,5 ROOM,,2022,580000,478,415000,928000,791
hdb,Sengkang,5 ROOM,,2023,618000,503,478000,955000,627
hdb,Sengkang,5 ROOM,,2024,660000,541,520000,1050000,703
hdb,Sengkang,5 ROOM,,2025,705000,574,560000,1100000,627
hdb,Sengkang,5 ROOM,,2026,710000,580,563000,1128888,171
hdb,Serangoon,3 ROOM,,2017,320000,444,253000,435000,98
hdb,Serangoon,3 ROOM,,2018,307500,432,170000,435000,88
hdb,Serangoon,3 ROOM,,2019,303000,423,240000,430000,94
hdb,Serangoon,3 ROOM,,2020,310000,437,215000,400000,91
hdb,Serangoon,3 ROOM,,2021,345000,492,270000,438000,101
hdb,Serangoon,3 ROOM,,2022,380000,530,310000,460000,91
hdb,Serangoon,3 ROOM,,2023,395000,552,325000,505000,107
hdb,Serangoon,3 ROOM,,2024,437500,607,300000,530000,94
hdb,Serangoon,3 ROOM,,2025,466500,666,373000,588000,92
hdb,Serangoon,3 ROOM,,2026,457500,653,380000,560000,28
hdb,Serangoon,4 ROOM,,2017,441900,448,300000,726000,186
hdb,Serangoon,4 ROOM,,2018,450000,453,275500,670000,187
hdb,Serangoon,4 ROOM,,2019,436500,430,300000,670000,192
hdb,Serangoon,4 ROOM,,2020,438000,431,317000,699000,175
hdb,Serangoon,4 ROOM,,2021,475888,460,310000,720000,217
hdb,Serangoon,4 ROOM,,2022,520000,529,405000,850000,196
hdb,Serangoon,4 ROOM,,2023,580000,580,415000,850000,186
hdb,Serangoon,4 ROOM,,2024,618000,623,476000,899000,191
hdb,Serangoon,4 ROOM,,2025,660000,658,500000,965000,186
hdb,Serangoon,4 ROOM,,2026,658000,633,505000,945000,41
hdb,Serangoon,5 ROOM,,2017,520000,399,425000,770000,67
hdb,Serangoon,5 ROOM,,2018,509000,387,390000,788000,92
hdb,Serangoon,5 ROOM,,2019,547500,417,433500,780000,84
hdb,Serangoon,5 ROOM,,2020,543000,413,450000,780000,73
hdb,Serangoon,5 ROOM,,2021,615000,469,472000,880000,101
hdb,Serangoon,5 ROOM,,2022,688000,520,538888,880000,75
hdb,Serangoon,5 ROOM,,2023,682794,519,603000,980000,66
hdb,Serangoon,5 ROOM,,2024,771444,585,610000,1060000,86
hdb,Serangoon,5 ROOM,,2025,805000,611,660000,1110000,64
hdb,Serangoon,5 ROOM,,2026,925000,704,660000,1050000,17
hdb,Tampines,3 ROOM,,2017,325000,421,270000,422000,266
hdb,Tampines,3 ROOM,,2018,330000,424,268000,399999,259
hdb,Tampines,3 ROOM,,2019,325000,423,255000,510000,311
hdb,Tampines,3 ROOM,,2020,325500,421,260000,505000,324
hdb,Tampines,3 ROOM,,2021,360000,465,290000,550000,408
hdb,Tampines,3 ROOM,,2022,395000,512,320000,570000,377
hdb,Tampines,3 ROOM,,2023,423000,537,150000,620000,392
hdb,Tampines,3 ROOM,,2024,455000,588,375000,640000,405
hdb,Tampines,3 ROOM,,2025,490000,630,360000,698000,342
hdb,Tampines,3 ROOM,,2026,490000,631,415000,702888,124
hdb,Tampines,4 ROOM,,2017,430000,397,340000,615000,494
hdb,Tampines,4 ROOM,,2018,428000,398,333000,648000,485
hdb,Tampines,4 ROOM,,2019,427500,393,330000,718000,572
hdb,Tampines,4 ROOM,,2020,430000,397,250000,678000,702
hdb,Tampines,4 ROOM,,2021,470000,432,360000,715000,843
hdb,Tampines,4 ROOM,,2022,520000,481,330000,785000,653
hdb,Tampines,4 ROOM,,2023,565000,517,400000,830000,658
hdb,Tampines,4 ROOM,,2024,620000,575,492000,880000,828
hdb,Tampines,4 ROOM,,2025,665000,616,300000,925000,865
hdb,Tampines,4 ROOM,,2026,668000,614,510000,928000,259
hdb,Tampines,5 ROOM,,2017,533000,401,420000,800000,359
hdb,Tampines,5 ROOM,,2018,535000,398,413000,838000,402
hdb,Tampines,5 ROOM,,2019,525000,392,425000,888888,367
hdb,Tampines,5 ROOM,,2020,530000,400,400000,895000,446
hdb,Tampines,5 ROOM,,2021,580000,430,450000,888888,577
hdb,Tampines,5 ROOM,,2022,635000,474,470000,955000,439
hdb,Tampines,5 ROOM,,2023,678000,503,545000,1000000,419
hdb,Tampines,5 ROOM,,2024,730000,547,580000,992888,497
hdb,Tampines,5 ROOM,,2025,810000,611,518000,1068000,499
hdb,Tampines,5 ROOM,,2026,820000,615,670000,1060000,174
hdb,Toa Payoh,3 ROOM,,2017,303944,423,225000,630000,308
hdb,Toa Payoh,3 ROOM,,2018,275000,382,185000,640000,283
hdb,Toa Payoh,3 ROOM,,2019,250000,357,170000,645000,302
hdb,Toa Payoh,3 ROOM,,2020,257000,366,140000,625000,308
hdb,Toa Payoh,3 ROOM,,2021,290000,410,220000,646888,355
hdb,Toa Payoh,3 ROOM,,2022,335000,470,238000,750000,369
hdb,Toa Payoh,3 ROOM,,2023,358000,500,275000,795000,343
hdb,Toa Payoh,3 ROOM,,2024,380000,531,300800,900000,357
hdb,Toa Payoh,3 ROOM,,2025,400000,556,290000,930000,404
hdb,Toa Payoh,3 ROOM,,2026,375000,526,280000,868000,125
hdb,Toa Payoh,4 ROOM,,2017,600000,546,302000,821000,227
hdb,Toa Payoh,4 ROOM,,2018,590000,573,290000,888000,222
hdb,Toa Payoh,4 ROOM,,2019,550000,517,275000,899000,209
hdb,Toa Payoh,4 ROOM,,2020,550000,506,280000,860000,190
hdb,Toa Payoh,4 ROOM,,2021,618000,578,293000,903000,291
hdb,Toa Payoh,4 ROOM,,2022,717000,679,370000,1018000,277
hdb,Toa Payoh,4 ROOM,,2023,760000,733,392000,1100000,196
hdb,Toa Payoh,4 ROOM,,2024,848444,878,410000,1200888,292
hdb,Toa Payoh,4 ROOM,,2025,960000,985,420000,1320000,397
hdb,Toa Payoh,4 ROOM,,2026,974094,1006,440000,1368000,122
hdb,Toa Payoh,5 ROOM,,2017,840000,664,505000,1120000,152
hdb,Toa Payoh,5 ROOM,,2018,833944,664,485000,1160888,168
hdb,Toa Payoh,5 ROOM,,2019,793000,617,460000,1150000,137
hdb,Toa Payoh,5 ROOM,,2020,735000,540,468000,1160000,121
hdb,Toa Payoh,5 ROOM,,2021,808000,619,430000,1240000,185
hdb,Toa Payoh,5 ROOM,,2022,845000,649,510000,1350000,135
hdb,Toa Payoh,5 ROOM,,2023,880944,654,588000,1460000,112
hdb,Toa Payoh,5 ROOM,,2024,1008000,768,638000,1568888,107
hdb,Toa Payoh,5 ROOM,,2025,1033444,763,625000,1600000,172
hdb,Toa Payoh,5 ROOM,,2026,1035000,782,510000,1550000,41
hdb,Woodlands,3 ROOM,,2017,265000,357,215000,342000,150
hdb,Woodlands,3 ROOM,,2018,263500,346,198000,350000,196
hdb,Woodlands,3 ROOM,,2019,254000,337,178000,345000,222
hdb,Woodlands,3 ROOM,,2020,260000,344,183000,378888,158
hdb,Woodlands,3 ROOM,,2021,305000,411,205000,468000,187
hdb,Woodlands,3 ROOM,,2022,358000,475,248888,490000,233
hdb,Woodlands,3 ROOM,,2023,380000,496,285000,505000,264
hdb,Woodlands,3 ROOM,,2024,410000,547,290000,555888,265
hdb,Woodlands,3 ROOM,,2025,441000,573,285000,588000,199
hdb,Woodlands,3 ROOM,,2026,425000,566,315000,573888,72
hdb,Woodlands,4 ROOM,,2017,345000,331,263000,438000,711
hdb,Woodlands,4 ROOM,,2018,328000,313,225000,470000,787
hdb,Woodlands,4 ROOM,,2019,329500,315,230000,468000,768
hdb,Woodlands,4 ROOM,,2020,348000,330,218000,481000,556
hdb,Woodlands,4 ROOM,,2021,410000,391,250000,560000,691
hdb,Woodlands,4 ROOM,,2022,460000,442,310000,610000,802
hdb,Woodlands,4 ROOM,,2023,495000,470,350000,652888,926
hdb,Woodlands,4 ROOM,,2024,530000,509,350000,745000,857
hdb,Woodlands,4 ROOM,,2025,560000,531,318000,740000,826
hdb,Woodlands,4 ROOM,,2026,550000,521,385000,750000,289
hdb,Woodlands,5 ROOM,,2017,415000,321,335000,530000,486
hdb,Woodlands,5 ROOM,,2018,403400,316,300000,560000,466
hdb,Woodlands,5 ROOM,,2019,400000,311,270000,530000,543
hdb,Woodlands,5 ROOM,,2020,420000,325,280000,572000,448
hdb,Woodlands,5 ROOM,,2021,490000,381,350000,685000,499
hdb,Woodlands,5 ROOM,,2022,555000,430,400000,728000,552
hdb,Woodlands,5 ROOM,,2023,590000,457,418000,765000,576
hdb,Woodlands,5 ROOM,,2024,635100,493,425000,826000,615
hdb,Woodlands,5 ROOM,,2025,670000,516,433800,838000,511
hdb,Woodlands,5 ROOM,,2026,650000,504,450000,845000,176
hdb,Yishun,3 ROOM,,2017,278000,377,235000,349000,391
hdb,Yishun,3 ROOM,,2018,263000,356,205000,435000,388
hdb,Yishun,3 ROOM,,2019,265000,356,220000,445000,439
hdb,Yishun,3 ROOM,,2020,278000,376,220000,451000,417
hdb,Yishun,3 ROOM,,2021,325000,441,230000,460000,434
hdb,Yishun,3 ROOM,,2022,365000,492,300000,525000,520
hdb,Yishun,3 ROOM,,2023,383000,519,320000,550000,487
hdb,Yishun,3 ROOM,,2024,415000,564,345000,578000,466
hdb,Yishun,3 ROOM,,2025,435000,595,300000,620000,463
hdb,Yishun,3 ROOM,,2026,435000,595,355000,625000,134
hdb,Yishun,4 ROOM,,2017,350000,348,268000,462500,644
hdb,Yishun,4 ROOM,,2018,340000,335,250000,609888,606
hdb,Yishun,4 ROOM,,2019,360000,348,240000,620000,858
hdb,Yishun,4 ROOM,,2020,370000,365,247000,625000,777
hdb,Yishun,4 ROOM,,2021,430000,424,276000,636000,816
hdb,Yishun,4 ROOM,,2022,465000,460,288000,694000,911
hdb,Yishun,4 ROOM,,2023,497000,489,380000,728000,847
hdb,Yishun,4 ROOM,,2024,537000,534,405000,800000,866
hdb,Yishun,4 ROOM,,2025,568944,561,435000,819000,810
hdb,Yishun,4 ROOM,,2026,555000,554,430000,810000,256
hdb,Yishun,5 ROOM,,2017,465000,356,375000,575000,112
hdb,Yishun,5 ROOM,,2018,450000,338,330000,720000,178
hdb,Yishun,5 ROOM,,2019,473000,372,340000,758000,301
hdb,Yishun,5 ROOM,,2020,490000,390,351000,770000,338
hdb,Yishun,5 ROOM,,2021,542888,426,400000,848000,321
hdb,Yishun,5 ROOM,,2022,608888,484,450000,875000,353
hdb,Yishun,5 ROOM,,2023,640000,510,495000,868888,310
hdb,Yishun,5 ROOM,,2024,670000,525,530000,929888,306
hdb,Yishun,5 ROOM,,2025,718000,562,600000,980000,265
hdb,Yishun,5 ROOM,,2026,700000,554,570000,818000,71
private,,Apartment,1.0,2021,1697800,2216,500000,9500000,175
private,,Apartment,1.0,2022,1680000,2039,515000,19888000,153
private,,Apartment,1.0,2023,1620000,1935,570000,18800000,122
private,,Apartment,1.0,2024,1930000,2190,545000,18000000,243
private,,Apartment,1.0,2025,1914178,2934,580000,10899350,766
private,,Apartment,1.0,2026,2130000,2861,900000,18500000,87
private,,Condominium,1.0,2021,2550000,2113,1500000,5900000,23
private,,Condominium,1.0,2022,2950000,2009,1350000,9400000,31
private,,Condominium,1.0,2023,2810000,2104,1450000,6900000,25
private,,Condominium,1.0,2024,2435000,2190,1420000,6300000,48
private,,Condominium,1.0,2025,3050000,2036,1530000,6400000,31
private,,Condominium,1.0,2026,2860000,2224,2320000,5398000,5
private,,Apartment,2.0,2021,1261530,2313,835000,14825850,228
private,,Apartment,2.0,2022,1623500,2268,828000,7588000,178
private,,Apartment,2.0,2023,1680000,2379,868000,5385000,213
private,,Apartment,2.0,2024,1517500,2268,832000,5080000,196
private,,Apartment,2.0,2025,1763500,2461,838000,12000000,220
private,,Apartment,2.0,2026,2060000,3039,843000,4460000,209
private,,Condominium,2.0,2021,1818000,2083,1197000,3250000,19
private,,Condominium,2.0,2022,1525000,2156,1250000,2170000,10
private,,Condominium,2.0,2023,1440000,2289,1293000,3200000,9
private,,Condominium,2.0,2024,1950000,2288,1280000,2240000,9
private,,Condominium,2.0,2025,1845000,2315,1230000,2290000,16
private,,Condominium,2.0,2026,1272500,2110,1265000,1280000,2
landed,,Terrace,2.0,2021,5900000,3155,5850000,5950000,2
landed,,Terrace,2.0,2022,5600000,3315,5300000,5900000,2
landed,,Terrace,2.0,2023,4100000,3571,4000000,4200000,2
landed,,Terrace,2.0,2024,5200000,3497,4950000,6100000,3
landed,,Terrace,2.0,2025,5900000,3117,4000000,6633333,3
landed,,Terrace,2.0,2026,6000000,3593,6000000,6000000,1
private,,Apartment,3.0,2021,1884000,2288,718000,5883800,504
private,,Apartment,3.0,2022,2174000,2489,729000,6638888,696
private,,Apartment,3.0,2023,1940000,2348,750000,7880000,304
private,,Apartment,3.0,2024,1620000,2271,788000,3680000,245
private,,Apartment,3.0,2025,2270000,2847,660000,6050000,1359
private,,Apartment,3.0,2026,1835000,2374,780000,6000000,102
private,,Condominium,3.0,2021,1600000,1829,745000,4550000,300
private,,Condominium,3.0,2022,1699000,1951,835000,5500000,413
private,,Condominium,3.0,2023,1804000,2120,845000,3838000,436
private,,Condominium,3.0,2024,1930000,2150,880000,4900000,407
private,,Condominium,3.0,2025,2005700,2732,900000,5570200,727
private,,Condominium,3.0,2026,2094150,2307,940000,6413100,106
landed,,Detached,3.0,2022,7225000,1340,6950000,7500000,2
landed,,Detached,3.0,2023,8300000,1586,8250000,8480000,3
landed,,Detached,3.0,2024,8200000,1758,8200000,8200000,1
landed,,Detached,3.0,2025,12300000,2169,12000000,15078688,3
landed,,Semi-detached,3.0,2025,9390000,2410,8800000,9980000,2
landed,,Terrace,3.0,2025,4900000,5491,4900000,4900000,1
private,,Apartment,4.0,2021,1535000,1564,1320000,1750000,2
private,,Apartment,4.0,2022,1142500,1652,820000,2300000,4
private,,Apartment,4.0,2023,1318750,1706,770000,2388000,8
private,,Apartment,4.0,2024,1634000,1799,1350000,2200000,6
private,,Apartment,4.0,2025,1600000,1869,700000,2388000,6
private,,Apartment,4.0,2026,1654000,1699,1185000,2123000,2
private,,Condominium,4.0,2021,2280000,1620,835000,11000000,322
private,,Condominium,4.0,2022,2850000,1744,835000,19000000,304
private,,Condominium,4.0,2023,2900000,1835,870000,11600000,227
private,,Condominium,4.0,2024,2549444,1774,860000,9000000,326
private,,Condominium,4.0,2025,2720000,1763,875000,12000000,291
private,,Condominium,4.0,2026,2715000,1843,1650000,6300000,68
landed,,Detached,4.0,2021,14600000,1747,9710000,28000000,19
landed,,Detached,4.0,2022,18000000,1984,10800000,34500000,18
landed,,Detached,4.0,2023,18500000,2209,13660000,36500000,9
landed,,Detached,4.0,2024,15077500,1810,14155000,16000000,2
landed,,Detached,4.0,2025,13888888,1818,12000000,15200000,5
landed,,Detached,4.0,2026,15300000,1808,11500000,17800000,4
landed,,Semi-detached,4.0,2021,5372000,1296,4630000,6114000,2
landed,,Semi-detached,4.0,2025,5200000,1480,5200000,5200000,1
landed,,Strata Detached,4.0,2021,3600000,475,3600000,3600000,1
landed,,Strata Detached,4.0,2024,4305000,649,3910000,4700000,2
landed,,Strata Terrace,4.0,2021,3100000,929,3100000,3100000,1
landed,,Strata Terrace,4.0,2022,2975000,1023,2975000,2975000,1
landed,,Strata Terrace,4.0,2025,3380000,1163,3380000,3380000,1
landed,,Terrace,4.0,2021,6960000,2260,6920000,7000000,2
landed,,Terrace,4.0,2022,7400000,1996,7400000,7400000,1
private,,Apartment,5.0,2021,1656000,1781,580000,6800000,1644
private,,Apartment,5.0,2022,1886000,1823,600000,70300000,781
private,,Apartment,5.0,2023,1755000,2052,700000,4000000,627
private,,Apartment,5.0,2024,1560000,2013,685000,4150000,763
private,,Apartment,5.0,2025,1837500,2255,655000,5200000,1930
private,,Apartment,5.0,2026,2224444,2165,830000,5200000,226
private,,Condominium,5.0,2021,1450000,1376,630000,371000000,369
private,,Condominium,5.0,2022,1450000,1437,670000,5600000,407
private,,Condominium,5.0,2023,1580000,1575,700000,7800000,322
private,,Condominium,5.0,2024,1745000,1609,705000,8300000,371
private,,Condominium,5.0,2025,1650000,1641,698000,5150000,356
private,,Condominium,5.0,2026,1860000,1652,760000,4880000,102
landed,,Detached,5.0,2021,9500000,1143,9000000,10000000,2
landed,,Detached,5.0,2022,18475512,1127,18475512,18475512,3
landed,,Detached,5.0,2023,7300000,1577,7300000,7300000,1
landed,,Detached,5.0,2024,4950000,1531,3800000,8388888,5
landed,,Detached,5.0,2025,6108000,1867,6108000,6108000,2
landed,,Detached,5.0,2026,5900000,1940,5900000,5900000,1
landed,,Semi-detached,5.0,2021,5100000,1337,2200000,7280000,23
landed,,Semi-detached,5.0,2022,4962500,1396,4120000,8800000,10
landed,,Semi-detached,5.0,2023,6500000,1667,4342800,8000000,15
landed,,Semi-detached,5.0,2024,7050000,1587,4900000,7800000,13
landed,,Semi-detached,5.0,2025,5800000,1918,5300000,7100000,9
landed,,Semi-detached,5.0,2026,9438888,1473,9438888,9438888,1
landed,,Strata Semi-detached,5.0,2023,3601000,430,3601000,3601000,1
landed,,Strata Semi-detached,5.0,2024,3690000,441,3690000,3690000,1
landed,,Strata Terrace,5.0,2021,3039000,1493,2400000,4728936,50
landed,,Strata Terrace,5.0,2022,2952000,1493,2500000,5248000,35
landed,,Strata Terrace,5.0,2023,3500000,803,3228000,4751880,3
landed,,Strata Terrace,5.0,2024,3600000,1206,2398988,4600000,11
landed,,Strata Terrace,5.0,2025,3415294,1681,3100000,3630000,6
landed,,Strata Terrace,5.0,2026,3100000,1063,3050000,3150000,2
landed,,Terrace,5.0,2021,3600000,1569,2000000,6680000,27
landed,,Terrace,5.0,2022,4255000,1782,2880000,6448400,32
landed,,Terrace,5.0,2023,4100000,1902,3100000,6500000,19
landed,,Terrace,5.0,2024,4184000,2111,2780000,7700000,38
landed,,Terrace,5.0,2025,4512500,2174,2850000,6340000,22
landed,,Terrace,5.0,2026,4650000,2393,3550000,5950000,15
private,,Apartment,6.0,2021,1590000,2866,1160000,10500000,512
private,,Apartment,6.0,2022,2825000,2859,1466600,8784000,67
private,,Apartment,6.0,2023,8648000,3102,2488000,8808000,5
private,,Apartment,6.0,2024,3770000,2873,1363200,5647000,12
private,,Apartment,6.0,2025,5668500,2904,1230000,8120000,24
private,,Apartment,7.0,2021,1704000,2314,788000,24000000,144
private,,Apartment,7.0,2022,1983000,2628,710000,11475720,182
private,,Apartment,7.0,2023,1975000,2610,805000,6537000,268
private,,Apartment,7.0,2024,1585000,2103,750000,7680000,146
private,,Apartment,7.0,2025,1870000,2412,820000,12000000,167
private,,Apartment,7.0,2026,1939014,2591,908000,6980000,63
private,,Apartment,8.0,2021,1189000,1486,565000,3162000,114
private,,Apartment,8.0,2022,1502000,2113,555000,3900000,465
private,,Apartment,8.0,2023,1485000,1759,600000,3684000,158
private,,Apartment,8.0,2024,1250000,1549,611888,2403888,83
private,,Apartment,8.0,2025,1242500,1661,640000,3500000,98
private,,Apartment,8.0,2026,1400000,1905,790000,3700000,41
private,,Condominium,8.0,2021,1510000,1623,810000,3288000,113
private,,Condominium,8.0,2022,1603864,1709,815000,3820000,96
private,,Condominium,8.0,2023,1690000,1864,808000,3800000,88
private,,Condominium,8.0,2024,1780000,1935,830000,4200000,88
private,,Condominium,8.0,2025,1900000,2001,868888,3408000,90
private,,Condominium,8.0,2026,1907500,1763,1108000,2738000,20
landed,,Detached,8.0,2022,8500000,1287,8500000,8500000,2
landed,,Semi-detached,8.0,2024,6136000,2269,5700000,6500000,5
landed,,Terrace,8.0,2021,2675000,1682,1550000,3800000,2
landed,,Terrace,8.0,2022,4290000,2928,4080000,5480000,4
landed,,Terrace,8.0,2023,4250000,1949,2980000,4500000,3
landed,,Terrace,8.0,2024,3400000,1955,3400000,3600000,3
landed,,Terrace,8.0,2025,4200000,2672,1844000,4579000,3
landed,,Terrace,8.0,2026,4700000,2747,4700000,7038000,3
private,,Apartment,9.0,2021,1980000,2304,760000,20280000,507
private,,Apartment,9.0,2022,2179500,2409,700800,12500000,614
private,,Apartment,9.0,2023,2388435,2630,755000,9218808,564
private,,Apartment,9.0,2024,2128000,2360,736200,10250000,474
private,,Apartment,9.0,2025,2050000,3001,718000,9480000,1183
private,,Apartment,9.0,2026,2516000,3166,800000,7000000,542
private,,Condominium,9.0,2021,3433444,2562,1043800,12500000,440
private,,Condominium,9.0,2022,2718000,2645,970000,14133000,509
private,,Condominium,9.0,2023,2460000,2465,1021021,14080000,281
private,,Condominium,9.0,2024,3121950,2304,1140000,9500000,288
private,,Condominium,9.0,2025,3210000,2359,1050000,16030000,366
private,,Condominium,9.0,2026,3690000,2515,1042000,11200000,95
landed,,Detached,9.0,2023,24000000,2287,24000000,24000000,1
landed,,Detached,9.0,2025,75000000,4172,75000000,75000000,1
landed,,Strata Terrace,9.0,2021,11800000,1723,11800000,11800000,1
landed,,Strata Terrace,9.0,2022,6700000,2593,6700000,13000000,3
landed,,Strata Terrace,9.0,2025,6100000,2371,6100000,6100000,1
landed,,Terrace,9.0,2021,5254000,3339,3730000,10500000,16
landed,,Terrace,9.0,2022,6090000,3672,4620000,9180000,6
landed,,Terrace,9.0,2023,7312500,4203,3500000,18000000,6
landed,,Terrace,9.0,2024,6225000,3507,5000000,8500000,4
landed,,Terrace,9.0,2025,6840000,3762,4000000,12800000,12
landed,,Terrace,9.0,2026,8049500,4057,4700000,11399000,2
private,,Apartment,10.0,2021,2150000,2423,750000,14692000,593
private,,Apartment,10.0,2022,2359280,2732,805000,11402300,677
private,,Apartment,10.0,2023,2275000,2711,775000,13500000,487
private,,Apartment,10.0,2024,2528000,2346,831000,14000000,329
private,,Apartment,10.0,2025,2331000,2957,755000,14500000,1163
private,,Apartment,10.0,2026,2659500,2512,780000,10500000,102
private,,Condominium,10.0,2021,2389500,2342,850000,19000000,952
private,,Condominium,10.0,2022,2435110,2607,925000,15150000,1049
private,,Condominium,10.0,2023,2330000,2375,965000,32000000,726
private,,Condominium,10.0,2024,2803000,2234,900000,14100000,644
private,,Condominium,10.0,2025,3248000,2231,998000,16000000,583
private,,Condominium,10.0,2026,3475000,2261,900000,16300000,160
landed,,Detached,10.0,2021,14500000,1848,4260000,86000000,100
landed,,Detached,10.0,2022,14800000,2085,4200000,55500000,47
landed,,Detached,10.0,2023,13488000,2039,4200000,32800000,37
landed,,Detached,10.0,2024,20240000,2338,7075000,52000000,44
landed,,Detached,10.0,2025,17000000,2281,5500888,148000000,46
landed,,Detached,10.0,2026,18288000,2428,9550000,64900000,21
landed,,Semi-detached,10.0,2021,6940000,2000,2618000,43180000,118
landed,,Semi-detached,10.0,2022,7488891,2126,3050000,13680000,79
landed,,Semi-detached,10.0,2023,8300000,2296,3500000,14380000,63
landed,,Semi-detached,10.0,2024,8380000,2441,3500000,12100000,86
landed,,Semi-detached,10.0,2025,9200000,2463,3750000,16842000,113
landed,,Semi-detached,10.0,2026,8850000,2487,4000000,13000000,20
landed,,Strata Detached,10.0,2021,4900000,958,4400000,5300000,3
landed,,Strata Detached,10.0,2022,4680000,738,4250000,8400000,3
landed,,Strata Detached,10.0,2023,7050000,1123,5100000,9000000,2
landed,,Strata Detached,10.0,2024,5575000,951,5200000,5950000,2
landed,,Strata Detached,10.0,2025,4870000,752,4870000,4870000,1
landed,,Strata Detached,10.0,2026,5450000,888,5450000,5450000,1
landed,,Strata Semi-detached,10.0,2021,3680000,736,2750000,5500000,13
landed,,Strata Semi-detached,10.0,2022,4684444,868,3750000,6200000,8
landed,,Strata Semi-detached,10.0,2023,3767000,999,3500000,24900000,55
landed,,Strata Semi-detached,10.0,2024,3810000,997,3550000,4368000,11
landed,,Strata Semi-detached,10.0,2025,4440000,957,3410000,6000000,12
landed,,Strata Semi-detached,10.0,2026,5930000,1302,5930000,5930000,1
landed,,Strata Terrace,10.0,2021,3040000,938,2660000,4800000,12
landed,,Strata Terrace,10.0,2022,3080000,1025,2500000,4200000,11
landed,,Strata Terrace,10.0,2023,3650000,1431,3575000,5380000,13
landed,,Strata Terrace,10.0,2024,3520000,1117,3450000,4900000,9
landed,,Strata Terrace,10.0,2025,4365000,1624,3620000,6500000,14
landed,,Strata Terrace,10.0,2026,5700000,1858,5700000,5700000,1
landed,,Terrace,10.0,2021,5700000,2472,4000000,8800000,28
landed,,Terrace,10.0,2022,5434000,2439,3680000,8380000,18
landed,,Terrace,10.0,2023,5750000,2422,4180000,8800000,21
landed,,Terrace,10.0,2024,6280000,2738,5100000,8800000,17
landed,,Terrace,10.0,2025,7000000,2928,5100000,8880000,19
landed,,Terrace,10.0,2026,6265000,3025,5700000,10500000,6
private,,Apartment,11.0,2021,1912500,1832,720000,6300000,250
private,,Apartment,11.0,2022,1800000,2323,780000,6800000,319
private,,Apartment,11.0,2023,2000000,2170,650000,18000000,224
private,,Apartment,11.0,2024,2057774,2104,700000,4000000,152
private,,Apartment,11.0,2025,2200000,2139,705888,5100000,175
private,,Apartment,11.0,2026,2350000,2178,850000,4200000,48
private,,Condominium,11.0,2021,2400000,1734,610000,550800000,231
private,,Condominium,11.0,2022,2400000,1897,780000,7700000,215
private,,Condominium,11.0,2023,2688000,2202,920000,7539000,243
private,,Condominium,11.0,2024,2600000,2003,980000,7338000,198
private,,Condominium,11.0,2025,2775000,2073,850000,10523000,218
private,,Condominium,11.0,2026,2700000,2054,980000,12000000,49
landed,,Detached,11.0,2021,15352000,1833,4300000,70000000,47
landed,,Detached,11.0,2022,22000000,2047,5700000,66060000,38
landed,,Detached,11.0,2023,17100000,2279,10530000,61080008,33
landed,,Detached,11.0,2024,14100000,2347,7500000,25000000,32
landed,,Detached,11.0,2025,16950000,2116,10800000,58000000,48
landed,,Detached,11.0,2026,15500000,2238,10600000,55000000,13
landed,,Semi-detached,11.0,2021,7500000,2340,3000000,11180000,50
landed,,Semi-detached,11.0,2022,8080000,2256,3400000,17000000,56
landed,,Semi-detached,11.0,2023,9088800,2551,4580000,15750000,31
landed,,Semi-detached,11.0,2024,8775000,2699,3500000,14160000,36
landed,,Semi-detached,11.0,2025,8800000,2580,4000000,14400000,38
landed,,Semi-detached,11.0,2026,10200000,2993,6100000,14500000,18
landed,,Strata Detached,11.0,2021,6900000,721,4750000,7460000,3
landed,,Strata Detached,11.0,2022,4909000,940,4900000,7488888,6
landed,,Strata Detached,11.0,2023,6009000,1308,5788888,6500000,6
landed,,Strata Detached,11.0,2024,6550000,1379,6280000,6800000,3
landed,,Strata Detached,11.0,2025,5980000,1004,5200000,5980000,4
landed,,Strata Semi-detached,11.0,2021,4660000,843,3200000,5100000,24
landed,,Strata Semi-detached,11.0,2022,4870000,845,3350000,5300000,22
landed,,Strata Semi-detached,11.0,2023,4350000,896,4000000,5350000,5
landed,,Strata Semi-detached,11.0,2024,4610000,888,3420000,5350000,6
landed,,Strata Semi-detached,11.0,2025,4588888,945,3600000,5800000,9
landed,,Strata Semi-detached,11.0,2026,5058000,914,4828888,5600000,3
landed,,Strata Terrace,11.0,2021,3200000,1030,2700000,4100000,23
landed,,Strata Terrace,11.0,2022,3438000,1112,3000000,4220000,15
landed,,Strata Terrace,11.0,2023,3900000,1247,3335000,66800000,22
landed,,Strata Terrace,11.0,2024,3959000,1265,3400000,4160000,16
landed,,Strata Terrace,11.0,2025,4200000,1334,3570000,4430000,13
landed,,Strata Terrace,11.0,2026,4000000,1299,3875000,4270000,3
landed,,Terrace,11.0,2021,5510000,2599,3180000,6850000,32
landed,,Terrace,11.0,2022,5800000,2740,4250000,12350000,15
landed,,Terrace,11.0,2023,6440000,2905,4320000,10268000,18
landed,,Terrace,11.0,2024,6600000,2574,2250000,11586628,11
landed,,Terrace,11.0,2025,7400000,2963,5400000,12380000,20
landed,,Terrace,11.0,2026,7390000,2904,4930000,11210000,16
private,,Apartment,12.0,2021,1164000,1437,520000,4470000,328
private,,Apartment,12.0,2022,1373000,1539,563000,222180000,351
private,,Apartment,12.0,2023,1258000,1552,605000,3000000,271
private,,Apartment,12.0,2024,1480000,1649,624000,3880000,340
private,,Apartment,12.0,2025,1468000,1630,594000,4000000,251
private,,Apartment,12.0,2026,1483000,1652,650000,2812000,62
private,,Condominium,12.0,2021,1378000,1522,660000,2930000,167
private,,Condominium,12.0,2022,1505000,1631,713000,3168000,184
private,,Condominium,12.0,2023,1640000,1777,708000,4070000,132
private,,Condominium,12.0,2024,1705000,1848,815000,3380000,152
private,,Condominium,12.0,2025,2460000,2521,824000,4088000,466
private,,Condominium,12.0,2026,1756000,1914,793000,3017000,37
landed,,Detached,12.0,2021,909000,228,800000,1018000,2
landed,,Detached,12.0,2023,1320000,330,1250000,1330000,3
landed,,Semi-detached,12.0,2021,4168888,1069,4168888,4168888,1
landed,,Strata Terrace,12.0,2021,2415000,815,2300000,2530000,2
landed,,Strata Terrace,12.0,2022,2814000,966,2728000,2900000,2
landed,,Strata Terrace,12.0,2024,2750000,929,2750000,2750000,1
landed,,Strata Terrace,12.0,2025,2800000,945,2750000,2850000,2
landed,,Terrace,12.0,2021,3900000,1957,3000000,4000000,5
landed,,Terrace,12.0,2022,3300000,2382,2350000,3650000,7
landed,,Terrace,12.0,2023,4250000,1487,4250000,4250000,1
landed,,Terrace,12.0,2024,3500000,2139,3238000,5000000,7
landed,,Terrace,12.0,2025,4039000,2738,3418888,5400000,4
landed,,Terrace,12.0,2026,3584000,2365,3080000,4088000,2
private,,Apartment,13.0,2021,1745000,2067,615000,3336000,257
private,,Apartment,13.0,2022,1600000,2015,580000,4900000,268
private,,Apartment,13.0,2023,1575000,1821,628000,3080000,138
private,,Apartment,13.0,2024,1500000,1944,708888,3300000,138
private,,Apartment,13.0,2025,1580000,1936,692000,3700000,153
private,,Apartment,13.0,2026,1588000,1952,810000,3450000,39
private,,Condominium,13.0,2021,1320000,1539,636000,2568000,146
private,,Condominium,13.0,2022,1330000,1671,635000,2640000,195
private,,Condominium,13.0,2023,1390000,1845,723888,3620000,275
private,,Condominium,13.0,2024,1500000,1894,838000,3750000,220
private,,Condominium,13.0,2025,1464000,1991,680000,4000000,226
private,,Condominium,13.0,2026,1519444,2023,800000,3580000,42
landed,,Detached,13.0,2021,7970000,1418,4080000,18000000,16
landed,,Detached,13.0,2022,12980000,1246,5000000,18980000,17
landed,,Detached,13.0,2023,9850000,1749,7500000,20300000,8
landed,,Detached,13.0,2024,12230000,1492,8911888,26588000,23
landed,,Detached,13.0,2025,10500000,1744,7600000,14700000,15
landed,,Detached,13.0,2026,11340000,2500,10180000,15500000,8
landed,,Semi-detached,13.0,2021,4300000,1236,3560000,6570000,26
landed,,Semi-detached,13.0,2022,5150000,1557,3700000,6500000,20
landed,,Semi-detached,13.0,2023,5250000,1289,3900000,7250000,14
landed,,Semi-detached,13.0,2024,5480000,1649,4060000,8850000,38
landed,,Semi-detached,13.0,2025,5800000,1534,5000000,8000000,34
landed,,Semi-detached,13.0,2026,9393000,1483,8286000,10500000,6
landed,,Strata Detached,13.0,2021,3177500,673,2500000,3950000,16
landed,,Strata Detached,13.0,2022,3650000,873,3600000,4000000,3
landed,,Strata Detached,13.0,2023,3750000,896,3400000,4180000,3
landed,,Strata Detached,13.0,2024,3880000,744,3880000,3880000,1
landed,,Strata Detached,13.0,2025,4150000,965,3188888,4580000,9
landed,,Strata Detached,13.0,2026,3909000,860,3880000,3938000,2
landed,,Strata Semi-detached,13.0,2021,2730000,738,2525000,3400000,6
landed,,Strata Terrace,13.0,2021,2400000,927,1800000,3050000,8
landed,,Strata Terrace,13.0,2022,2248000,940,2000000,3500000,3
landed,,Strata Terrace,13.0,2023,2615000,1029,2380000,2850000,2
landed,,Strata Terrace,13.0,2024,2960000,1150,2950000,3150000,3
landed,,Strata Terrace,13.0,2025,3610000,1074,3220000,4000000,2
landed,,Strata Terrace,13.0,2026,2500000,1222,2500000,2500000,1
landed,,Terrace,13.0,2021,2940000,1809,1580000,5676000,64
landed,,Terrace,13.0,2022,3200000,1964,1950000,5260000,39
landed,,Terrace,13.0,2023,3300000,2016,2028000,5600000,39
landed,,Terrace,13.0,2024,3488000,2164,2175000,7650000,67
landed,,Terrace,13.0,2025,4209000,2293,2350000,7850000,80
landed,,Terrace,13.0,2026,4300000,2295,2950000,6280000,21
private,,Apartment,14.0,2021,1277440,1622,490000,2900888,699
private,,Apartment,14.0,2022,1185444,1511,505000,27000000,570
private,,Apartment,14.0,2023,1165000,1593,520000,4288000,464
private,,Apartment,14.0,2024,1395000,1806,572000,3500000,606
private,,Apartment,14.0,2025,1440000,1936,590000,3380000,547
private,,Apartment,14.0,2026,1418000,1697,630000,3180000,101
private,,Condominium,14.0,2021,1265000,1490,620000,3000000,312
private,,Condominium,14.0,2022,1315900,1620,635000,4380000,409
private,,Condominium,14.0,2023,1350000,1577,700000,3500000,253
private,,Condominium,14.0,2024,1420000,1641,705000,5360000,257
private,,Condominium,14.0,2025,1498888,1673,700000,4150000,259
private,,Condominium,14.0,2026,1699000,1661,728000,3480000,64
landed,,Detached,14.0,2021,7300000,1275,5800000,10200000,29
landed,,Detached,14.0,2022,8000000,1190,7000000,8480000,10
landed,,Detached,14.0,2023,7000000,1437,5070000,11800000,13
landed,,Detached,14.0,2024,8300000,1661,7800000,12250000,5
landed,,Detached,14.0,2025,7475000,1567,6250000,8200000,10
landed,,Detached,14.0,2026,10600000,2441,10600000,10600000,3
landed,,Semi-detached,14.0,2021,4600000,1225,3650000,6100000,51
landed,,Semi-detached,14.0,2022,4818000,1514,3680000,7400000,42
landed,,Semi-detached,14.0,2023,4860000,1725,3900000,8600000,44
landed,,Semi-detached,14.0,2024,5290000,1553,2850000,9288888,34
landed,,Semi-detached,14.0,2025,5800000,1956,5075000,8100000,45
landed,,Semi-detached,14.0,2026,5380000,1775,3515000,6160000,9
landed,,Strata Detached,14.0,2021,2904000,507,2800000,3008000,2
landed,,Strata Detached,14.0,2024,3618000,629,3618000,3618000,1
landed,,Strata Detached,14.0,2025,3935000,684,3935000,3935000,1
landed,,Strata Terrace,14.0,2021,2400000,710,2362238,3330000,5
landed,,Strata Terrace,14.0,2022,2725000,806,2600000,2850000,2
landed,,Strata Terrace,14.0,2023,2950000,872,2860000,3100000,5
landed,,Strata Terrace,14.0,2024,3150000,931,3080000,3808888,3
landed,,Strata Terrace,14.0,2025,3125000,982,2900000,3830000,4
landed,,Strata Terrace,14.0,2026,3180000,940,3180000,3180000,1
landed,,Terrace,14.0,2021,3500000,1484,2060000,6000000,98
landed,,Terrace,14.0,2022,3920000,1816,2750000,14000000,49
landed,,Terrace,14.0,2023,3925000,1793,3080000,8200000,40
landed,,Terrace,14.0,2024,4323444,1899,2300000,7000000,46
landed,,Terrace,14.0,2025,4330000,2140,2430000,7538000,78
landed,,Terrace,14.0,2026,5070000,2112,3500000,5700000,21
private,,Apartment,15.0,2021,1480000,1482,535000,14500000,759
private,,Apartment,15.0,2022,1650000,1597,501000,4861310,802
private,,Apartment,15.0,2023,1874000,2482,608000,10600000,1424
private,,Apartment,15.0,2024,2085000,2321,635000,10280000,1091
private,,Apartment,15.0,2025,2146944,2298,650000,22230000,962
private,,Apartment,15.0,2026,2588000,2550,695000,6150000,307
private,,Condominium,15.0,2021,2185000,1683,580000,152000000,724
private,,Condominium,15.0,2022,2250000,1973,600000,9500000,891
private,,Condominium,15.0,2023,2102500,2354,630000,392180000,860
private,,Condominium,15.0,2024,2462000,2519,642000,9280000,1577
private,,Condominium,15.0,2025,2590000,2022,690000,9305000,592
private,,Condominium,15.0,2026,2625000,1980,888888,6800000,167
landed,,Detached,15.0,2021,9800000,1565,2575000,28000000,68
landed,,Detached,15.0,2022,9750000,1579,4400000,32680000,58
landed,,Detached,15.0,2023,10200000,1756,4000000,55500000,56
landed,,Detached,15.0,2024,12998000,1723,7800000,28999999,50
landed,,Detached,15.0,2025,11650000,2037,6999999,21500000,51
landed,,Detached,15.0,2026,11415000,2068,6400000,21150000,20
landed,,Semi-detached,15.0,2021,5680000,1645,3400000,815000000,131
landed,,Semi-detached,15.0,2022,6150000,1827,3600000,11600000,114
landed,,Semi-detached,15.0,2023,5960000,1852,4400000,15000000,69
landed,,Semi-detached,15.0,2024,6917000,1883,4320000,15200000,102
landed,,Semi-detached,15.0,2025,6980000,2135,4400000,16020000,119
landed,,Semi-detached,15.0,2026,8380000,2789,4880000,11100000,39
landed,,Strata Detached,15.0,2021,3975000,707,3000000,4500000,14
landed,,Strata Detached,15.0,2022,3725000,787,3188000,3910000,4
landed,,Strata Detached,15.0,2023,5240000,1082,5180000,5300000,2
landed,,Strata Detached,15.0,2024,4225000,973,3450000,5000000,2
landed,,Strata Detached,15.0,2025,6315000,1009,4830000,7800000,2
landed,,Strata Semi-detached,15.0,2021,3300000,650,3300000,3300000,1
landed,,Strata Terrace,15.0,2021,3038000,977,2000000,18600000,29
landed,,Strata Terrace,15.0,2022,3275000,917,2600000,3828000,12
landed,,Strata Terrace,15.0,2023,3100000,1155,2500000,3700000,2
landed,,Strata Terrace,15.0,2024,3130000,1067,2300000,3939000,6
landed,,Strata Terrace,15.0,2025,3700000,1110,2600000,4160000,7
landed,,Strata Terrace,15.0,2026,3500000,1321,3200000,3800000,2
landed,,Terrace,15.0,2021,3660000,1860,2000000,7600000,265
landed,,Terrace,15.0,2022,3770000,1961,2100000,9200000,196
landed,,Terrace,15.0,2023,4350000,2137,1990000,7530000,155
landed,,Terrace,15.0,2024,4500000,2250,1600000,8400000,212
landed,,Terrace,15.0,2025,4850000,2475,2820000,12000000,236
landed,,Terrace,15.0,2026,4700000,2764,2500000,9550000,51
private,,Apartment,16.0,2021,1260000,1344,575000,2300000,75
private,,Apartment,16.0,2022,1567000,1989,630000,3600000,208
private,,Apartment,16.0,2023,1611000,2067,660000,5720000,252
private,,Apartment,16.0,2024,2200000,1930,680000,4900000,121
private,,Apartment,16.0,2025,2158000,1918,680000,4900000,129
private,,Apartment,16.0,2026,1880000,2387,709000,4500000,73
private,,Condominium,16.0,2021,1170000,1173,525000,3450000,561
private,,Condominium,16.0,2022,1286500,1294,620000,3785000,644
private,,Condominium,16.0,2023,1410000,1398,690000,115280000,509
private,,Condominium,16.0,2024,1460000,1488,675000,4080000,577
private,,Condominium,16.0,2025,1589000,1521,680000,4400000,546
private,,Condominium,16.0,2026,1550000,1523,722000,4275000,150
landed,,Detached,16.0,2021,5015000,940,3438000,9000000,12
landed,,Detached,16.0,2022,6940000,1023,3580000,14680000,28
landed,,Detached,16.0,2023,7750000,1160,5800000,16300000,12
landed,,Detached,16.0,2024,7924000,999,3728888,10600000,12
landed,,Detached,16.0,2025,7280000,1144,3750000,13800000,29
landed,,Detached,16.0,2026,5500000,996,5500000,5500000,3
landed,,Semi-detached,16.0,2021,4200000,1084,475000,7250000,112
landed,,Semi-detached,16.0,2022,4290000,1223,762000,8650000,92
landed,,Semi-detached,16.0,2023,5000000,1250,800000,8680000,37
landed,,Semi-detached,16.0,2024,4880000,1382,480000,10000000,72
landed,,Semi-detached,16.0,2025,4980000,1411,1750000,8018000,95
landed,,Semi-detached,16.0,2026,5800000,1388,3180000,6718000,21
landed,,Strata Semi-detached,16.0,2021,3135000,678,2850000,3420000,2
landed,,Strata Semi-detached,16.0,2022,3465000,787,3380000,3550000,2
landed,,Strata Semi-detached,16.0,2023,3580000,812,3460000,3700000,2
landed,,Strata Semi-detached,16.0,2024,3570000,810,3570000,3570000,1
landed,,Strata Semi-detached,16.0,2025,3651944,653,3503888,3800000,2
landed,,Strata Semi-detached,16.0,2026,3560000,829,2900000,3650000,3
landed,,Strata Terrace,16.0,2021,1850000,696,1400000,2250000,40
landed,,Strata Terrace,16.0,2022,2060000,831,1718000,3900000,29
landed,,Strata Terrace,16.0,2023,2380000,826,1950000,3880000,17
landed,,Strata Terrace,16.0,2024,2368000,881,1840000,2900000,33
landed,,Strata Terrace,16.0,2025,2534000,949,2188000,3500000,22
landed,,Strata Terrace,16.0,2026,2764000,935,2700000,3600000,6
landed,,Terrace,16.0,2021,3080000,1333,1800000,4400888,81
landed,,Terrace,16.0,2022,3368000,1457,320000,5660000,79
landed,,Terrace,16.0,2023,3469000,1607,505000,5180000,62
landed,,Terrace,16.0,2024,3900000,1777,610000,7668888,105
landed,,Terrace,16.0,2025,4000000,1803,518000,6480000,109
landed,,Terrace,16.0,2026,4600000,2006,400000,7348000,20
private,,Apartment,17.0,2021,1223000,1568,769000,2807640,126
private,,Apartment,17.0,2022,1599000,1600,580000,3004650,59
private,,Apartment,17.0,2023,1300000,1553,610000,3100000,23
private,,Apartment,17.0,2024,1384000,1697,620000,3165000,34
private,,Apartment,17.0,2025,1306944,1679,713000,3300000,34
private,,Apartment,17.0,2026,1398000,1304,1322000,1530000,3
private,,Condominium,17.0,2021,998000,1005,528000,2950000,512
private,,Condominium,17.0,2022,1038888,1057,573000,2650000,339
private,,Condominium,17.0,2023,1180000,1160,580000,2920000,231
private,,Condominium,17.0,2024,1270000,1303,560000,2860000,450
private,,Condominium,17.0,2025,1280000,1261,630000,2800000,314
private,,Condominium,17.0,2026,1320944,1254,660000,2559000,72
landed,,Detached,17.0,2021,4750000,986,3800000,7450000,17
landed,,Detached,17.0,2022,5600000,810,4750000,11000000,5
landed,,Detached,17.0,2023,5150000,1065,4700000,5975000,4
landed,,Detached,17.0,2024,6680000,1276,5500000,9800000,10
landed,,Detached,17.0,2025,6900000,1057,5759000,7300000,5
landed,,Detached,17.0,2026,6265000,1252,6080000,6450000,2
private,,Executive Condominium,17.0,2026,1804000,1792,1481000,2675000,604
landed,,Semi-detached,17.0,2021,3838000,1101,2580000,4550000,17
landed,,Semi-detached,17.0,2022,3980000,1165,2650000,7000000,16
landed,,Semi-detached,17.0,2023,3980000,1352,3400000,4700000,3
landed,,Semi-detached,17.0,2024,3580000,1289,3420000,5780000,5
landed,,Semi-detached,17.0,2025,4180000,1575,3680000,5500000,16
landed,,Semi-detached,17.0,2026,5718000,1244,3980000,6800000,7
landed,,Strata Detached,17.0,2021,2790000,578,2550000,2980000,3
landed,,Strata Detached,17.0,2022,3000000,642,2980000,3160000,3
landed,,Strata Detached,17.0,2023,3196250,679,3142500,3250000,2
landed,,Strata Detached,17.0,2024,3300000,655,3300000,3300000,1
landed,,Strata Detached,17.0,2025,3300000,699,3280000,3350000,3
landed,,Strata Detached,17.0,2026,3385000,721,3385000,3385000,1
landed,,Strata Semi-detached,17.0,2021,2650000,707,2650000,2650000,1
landed,,Strata Semi-detached,17.0,2024,4150000,699,4150000,4150000,2
landed,,Strata Terrace,17.0,2021,4300000,1426,1320000,4300000,9
landed,,Strata Terrace,17.0,2022,1480000,772,1480000,1480000,1
landed,,Strata Terrace,17.0,2024,1840000,960,1840000,1840000,1
landed,,Terrace,17.0,2021,1833000,1002,1500000,3300000,38
landed,,Terrace,17.0,2022,2050000,1155,1635000,3908000,43
landed,,Terrace,17.0,2023,2290000,1349,1870000,3300000,23
landed,,Terrace,17.0,2024,2390000,1393,2100000,4300000,38
landed,,Terrace,17.0,2025,2620000,1504,2058888,4920000,31
landed,,Terrace,17.0,2026,3988888,1476,2550000,6080000,9
private,,Apartment,18.0,2021,1266000,1627,842000,2768000,429
private,,Apartment,18.0,2022,1988500,1820,1459000,2557000,34
private,,Apartment,18.0,2023,2295430,1767,1460000,2608000,20
private,,Apartment,18.0,2024,2269000,1796,978000,2567200,7
private,,Apartment,18.0,2025,2145000,2248,1000000,3374000,198
private,,Apartment,18.0,2026,2643000,2231,1125000,3781000,18
private,,Condominium,18.0,2021,1186500,1168,560000,3400000,1194
private,,Condominium,18.0,2022,1130000,1188,570000,3400000,907
private,,Condominium,18.0,2023,1209444,1361,600000,3500000,824
private,,Condominium,18.0,2024,1319888,1461,635000,3500000,1007
private,,Condominium,18.0,2025,1360000,1489,658000,3580000,924
private,,Condominium,18.0,2026,1405000,1496,670000,2888888,210
landed,,Detached,18.0,2021,5125000,680,2950000,7300000,2
landed,,Detached,18.0,2022,5488000,1144,5488000,5488000,1
landed,,Detached,18.0,2023,6325000,1317,4250000,8400000,2
landed,,Detached,18.0,2024,9000000,1127,9000000,9000000,1
landed,,Detached,18.0,2025,11216000,1059,11216000,11216000,1
private,,Executive Condominium,18.0,2021,1133000,1088,710000,3288000,502
private,,Executive Condominium,18.0,2022,1350000,1327,765000,2350000,715
private,,Executive Condominium,18.0,2023,1357000,1362,830000,2420000,393
private,,Executive Condominium,18.0,2024,1441700,1301,928000,2458400,279
private,,Executive Condominium,18.0,2025,1590000,1752,968000,3700000,1016
private,,Executive Condominium,18.0,2026,1938000,1928,1030000,3500000,625
landed,,Semi-detached,18.0,2021,4650000,1005,2048000,6200000,5
landed,,Semi-detached,18.0,2022,4450000,1112,4300000,4600000,2
landed,,Semi-detached,18.0,2023,3058888,1257,3040000,6600000,3
landed,,Semi-detached,18.0,2024,3000000,1311,2900000,6288889,5
landed,,Semi-detached,18.0,2025,3100000,1156,2900000,5000000,4
landed,,Semi-detached,18.0,2026,2860000,1250,2860000,2860000,1
landed,,Strata Semi-detached,18.0,2024,3200000,760,3200000,3200000,1
landed,,Strata Terrace,18.0,2022,2600000,639,2600000,2600000,1
landed,,Strata Terrace,18.0,2023,3068000,716,3068000,3068000,1
landed,,Terrace,18.0,2021,1980000,990,1700000,3600000,23
landed,,Terrace,18.0,2022,2280000,1214,1960000,5400000,17
landed,,Terrace,18.0,2023,2480000,1513,2150000,3330000,5
landed,,Terrace,18.0,2024,2580000,1253,2250000,4680000,9
landed,,Terrace,18.0,2025,2688000,1535,2480000,3800000,13
landed,,Terrace,18.0,2026,2518000,1546,2100000,3980000,3
private,,Apartment,19.0,2021,1320000,1550,495000,4680000,1204
private,,Apartment,19.0,2022,1201000,1530,540000,19100000,1049
private,,Apartment,19.0,2023,1180000,1645,548000,6280000,919
private,,Apartment,19.0,2024,1265000,1715,600000,4206000,961
private,,Apartment,19.0,2025,1300000,1741,630000,3300000,835
private,,Apartment,19.0,2026,1310000,1736,610000,3260000,208
private,,Condominium,19.0,2021,1210000,1196,585000,3650000,882
private,,Condominium,19.0,2022,1330000,1329,605000,890000000,929
private,,Condominium,19.0,2023,1480000,1419,650000,3850000,668
private,,Condominium,19.0,2024,1490000,1508,640000,3620000,812
private,,Condominium,19.0,2025,1580000,1587,665000,4399000,733
private,,Condominium,19.0,2026,1689000,1652,720000,3800000,176
landed,,Detached,19.0,2021,6350000,1129,4200000,19250000,68
landed,,Detached,19.0,2022,7200000,1161,4988000,13300000,35
landed,,Detached,19.0,2023,8100000,1368,4000000,15500000,27
landed,,Detached,19.0,2024,7300000,1352,5350000,12000000,27
landed,,Detached,19.0,2025,9988888,1755,3900000,12400000,37
landed,,Detached,19.0,2026,9480000,1332,7000000,13800000,9
private,,Executive Condominium,19.0,2021,1160000,1078,750000,2358000,845
private,,Executive Condominium,19.0,2022,1298944,1178,810000,2225000,838
private,,Executive Condominium,19.0,2023,1410000,1292,953888,2400000,530
private,,Executive Condominium,19.0,2024,1526500,1384,935000,3150000,614
private,,Executive Condominium,19.0,2025,1649444,1525,1000000,3058888,674
private,,Executive Condominium,19.0,2026,1705000,1587,1050000,2500000,151
landed,,Semi-detached,19.0,2021,4450000,1249,2500000,7820000,142
landed,,Semi-detached,19.0,2022,4750000,1318,2500000,8880000,91
landed,,Semi-detached,19.0,2023,5265000,1462,3300000,8430000,63
landed,,Semi-detached,19.0,2024,5400000,1694,2580000,8308000,105
landed,,Semi-detached,19.0,2025,6000000,1694,3300000,9800000,117
landed,,Semi-detached,19.0,2026,6735000,1499,4900000,9000000,38
landed,,Strata Detached,19.0,2022,2965000,757,2630000,3300000,2
landed,,Strata Detached,19.0,2023,3790000,463,3368000,4800000,3
landed,,Strata Detached,19.0,2024,4250000,450,4250000,4250000,1
landed,,Strata Semi-detached,19.0,2021,3510000,775,2200000,4748000,21
landed,,Strata Semi-detached,19.0,2022,3909000,781,2800000,4814000,27
landed,,Strata Semi-detached,19.0,2023,3350000,768,1659000,3950000,7
landed,,Strata Semi-detached,19.0,2024,3800000,892,3000000,4500000,13
landed,,Strata Semi-detached,19.0,2025,4049000,932,2900000,5850000,18
landed,,Strata Terrace,19.0,2021,2636625,904,2000000,3700000,55
landed,,Strata Terrace,19.0,2022,2910000,936,1868888,3800000,31
landed,,Strata Terrace,19.0,2023,3090000,999,2128888,3990000,19
landed,,Strata Terrace,19.0,2024,3150000,1005,2480000,4180000,19
landed,,Strata Terrace,19.0,2025,3375750,997,2180000,4380000,42
landed,,Strata Terrace,19.0,2026,3189444,1210,2500000,4398000,12
landed,,Terrace,19.0,2021,3200000,1421,1680000,6000000,278
landed,,Terrace,19.0,2022,3690000,1611,1320000,6608000,225
landed,,Terrace,19.0,2023,3650000,1747,988888,6499000,191
landed,,Terrace,19.0,2024,3988888,1967,2500000,7000000,285
landed,,Terrace,19.0,2025,4380000,1980,1500000,7450000,281
landed,,Terrace,19.0,2026,4638000,2116,2800000,7800000,81
private,,Apartment,20.0,2021,1348000,1655,710000,2620000,86
private,,Apartment,20.0,2022,1639000,2066,550000,6008000,484
private,,Apartment,20.0,2023,1580000,1625,605888,5600000,119
private,,Apartment,20.0,2024,1658000,1531,800000,5488000,113
private,,Apartment,20.0,2025,1687500,1916,670000,3600000,134
private,,Apartment,20.0,2026,1798000,1964,864000,3860000,37
private,,Condominium,20.0,2021,1550000,1511,725000,4020000,280
private,,Condominium,20.0,2022,1680000,1657,750000,4300000,310
private,,Condominium,20.0,2023,1750000,1796,800000,4550000,309
private,,Condominium,20.0,2024,1828500,1842,818000,10150000,368
private,,Condominium,20.0,2025,2005000,1960,868000,5050000,356
private,,Condominium,20.0,2026,2188000,1986,882000,4120000,73
landed,,Detached,20.0,2021,8000000,1371,7750000,10500000,5
landed,,Detached,20.0,2022,7675000,1321,3400000,29000000,6
landed,,Detached,20.0,2023,9100000,1598,7208888,10668000,4
landed,,Detached,20.0,2024,10245000,1858,7000000,11200000,6
landed,,Detached,20.0,2025,9805000,1705,6288888,24156000,12
landed,,Detached,20.0,2026,9600000,1402,9500000,10100000,3
private,,Executive Condominium,20.0,2021,1435000,1021,1050000,1830000,10
private,,Executive Condominium,20.0,2022,1580000,1115,1250000,1920000,17
private,,Executive Condominium,20.0,2023,1939444,1379,1150000,2450000,16
private,,Executive Condominium,20.0,2024,1915000,1521,1388000,2450000,14
private,,Executive Condominium,20.0,2025,2068000,1577,1510000,2928000,19
private,,Executive Condominium,20.0,2026,2100000,1334,1708888,2398888,3
landed,,Semi-detached,20.0,2021,4550000,1371,2090000,9100000,36
landed,,Semi-detached,20.0,2022,5450000,1547,2600000,7840888,37
landed,,Semi-detached,20.0,2023,5488000,1637,2580000,7600000,23
landed,,Semi-detached,20.0,2024,5900000,1696,2720000,9280000,32
landed,,Semi-detached,20.0,2025,6140000,1744,2900000,10280000,40
landed,,Semi-detached,20.0,2026,7200000,2046,5628800,8000000,7
landed,,Strata Detached,20.0,2025,5450000,865,5450000,5450000,1
landed,,Strata Semi-detached,20.0,2021,2890000,1157,2800000,2980000,2
landed,,Strata Semi-detached,20.0,2022,3525000,896,3500000,3550000,2
landed,,Strata Semi-detached,20.0,2023,3680000,987,3172824,3900000,3
landed,,Strata Semi-detached,20.0,2024,3940000,989,3700000,4180000,2
landed,,Strata Semi-detached,20.0,2025,4230000,984,4230000,4230000,1
landed,,Strata Semi-detached,20.0,2026,3972500,1141,3795000,4150000,2
landed,,Strata Terrace,20.0,2021,2120000,688,1940000,3450000,9
landed,,Strata Terrace,20.0,2022,2550000,722,2100000,3550000,11
landed,,Strata Terrace,20.0,2023,2880000,852,2450000,3760000,13
landed,,Strata Terrace,20.0,2024,2754000,878,2428888,3437000,12
landed,,Strata Terrace,20.0,2025,3184000,944,2580000,4900000,14
landed,,Strata Terrace,20.0,2026,3230000,949,2975000,4010000,3
landed,,Terrace,20.0,2021,3130000,1774,1838000,6820000,107
landed,,Terrace,20.0,2022,3775000,1993,2263000,6250000,70
landed,,Terrace,20.0,2023,3915000,2122,2280000,7000000,76
landed,,Terrace,20.0,2024,4000000,2144,1400000,6675889,86
landed,,Terrace,20.0,2025,4437500,2352,2650000,7300000,88
landed,,Terrace,20.0,2026,4888000,2395,2800000,6680000,33
private,,Apartment,21.0,2021,1464500,1818,480000,4150000,296
private,,Apartment,21.0,2022,1599000,1889,500000,4300000,228
private,,Apartment,21.0,2023,1806373,2452,538000,6119762,756
private,,Apartment,21.0,2024,1755000,2174,555000,8098520,170
private,,Apartment,21.0,2025,1507500,1992,550000,6717720,130
private,,Apartment,21.0,2026,1360000,1893,592000,6736440,15
private,,Condominium,21.0,2021,1700000,1764,785000,4318000,522
private,,Condominium,21.0,2022,1909500,1836,909800,6500000,474
private,,Condominium,21.0,2023,1899000,2039,800000,7260000,483
private,,Condominium,21.0,2024,2017200,2399,848000,5000000,1032
private,,Condominium,21.0,2025,2391944,2292,993900,5450000,728
private,,Condominium,21.0,2026,2350000,2285,1150000,6200000,196
landed,,Detached,21.0,2021,10450000,1456,5750000,48800000,25
landed,,Detached,21.0,2022,12500000,1727,7880000,29700000,9
landed,,Detached,21.0,2023,12968375,1840,7980000,28300000,16
landed,,Detached,21.0,2024,11100000,1738,1450000,20000000,11
landed,,Detached,21.0,2025,13080000,1755,3330000,30000000,11
landed,,Detached,21.0,2026,11235000,2185,10300000,16000000,8
landed,,Semi-detached,21.0,2021,5300000,1591,1230000,8900000,44
landed,,Semi-detached,21.0,2022,5700000,1762,1310000,9900900,26
landed,,Semi-detached,21.0,2023,7775000,1837,950000,13800000,32
landed,,Semi-detached,21.0,2024,5560000,1838,1430000,11750000,28
landed,,Semi-detached,21.0,2025,7150000,2065,850000,11800000,48
landed,,Semi-detached,21.0,2026,6620000,1820,1350000,9380000,18
landed,,Strata Detached,21.0,2022,3650000,786,3500000,3800000,2
landed,,Strata Detached,21.0,2023,3900000,924,3900000,3900000,1
landed,,Strata Terrace,21.0,2021,2600000,718,2170000,3828000,15
landed,,Strata Terrace,21.0,2022,2700000,769,2180000,4000000,13
landed,,Strata Terrace,21.0,2023,2850000,872,2200000,3980000,5
landed,,Strata Terrace,21.0,2024,3016800,861,2228000,4380000,9
landed,,Strata Terrace,21.0,2025,3100000,839,2943800,4500000,12
landed,,Strata Terrace,21.0,2026,3794000,959,3300000,4288000,2
landed,,Terrace,21.0,2021,4000000,1537,2300000,6430000,38
landed,,Terrace,21.0,2022,4730000,1731,2450000,7500000,23
landed,,Terrace,21.0,2023,4669000,1724,3200000,5650000,22
landed,,Terrace,21.0,2024,4400000,2081,3466888,6050000,21
landed,,Terrace,21.0,2025,5225000,2245,2780000,9700000,32
landed,,Terrace,21.0,2026,4925000,2515,980000,10500000,10
private,,Apartment,22.0,2021,1280000,1139,965000,2038000,28
private,,Apartment,22.0,2022,1470000,1250,1120000,273888888,34
private,,Apartment,22.0,2023,1869500,2400,1040600,3920000,436
private,,Apartment,22.0,2024,1621000,2183,996000,3598000,267
private,,Apartment,22.0,2025,2118000,2227,1315500,4380000,172
private,,Apartment,22.0,2026,2299800,2278,1260000,3663999,46
private,,Condominium,22.0,2021,1180000,1203,625000,2250000,261
private,,Condominium,22.0,2022,1300000,1276,658888,3100000,315
private,,Condominium,22.0,2023,1422500,1379,703000,2300000,208
private,,Condominium,22.0,2024,1500000,1452,745000,2950000,253
private,,Condominium,22.0,2025,1524000,1575,755000,3300000,252
private,,Condominium,22.0,2026,1583444,1562,785000,2850000,78
landed,,Detached,22.0,2021,6000000,908,6000000,6000000,1
landed,,Detached,22.0,2023,7000000,1066,7000000,7000000,1
private,,Executive Condominium,22.0,2021,980000,736,845000,1640000,47
private,,Executive Condominium,22.0,2022,1205000,1119,810000,2166000,152
private,,Executive Condominium,22.0,2023,1285000,1171,880000,1980000,134
private,,Executive Condominium,22.0,2024,1380000,1234,1100000,1938000,86
private,,Executive Condominium,22.0,2025,1432500,1288,988000,2200000,108
private,,Executive Condominium,22.0,2026,1509444,1419,1200000,2100000,24
landed,,Semi-detached,22.0,2021,2000000,871,1720000,2020000,3
landed,,Semi-detached,22.0,2022,2225000,952,2048888,2500000,6
landed,,Semi-detached,22.0,2023,2600000,1208,2600000,2600000,1
landed,,Semi-detached,22.0,2024,2650084,1194,2525000,2688888,6
landed,,Semi-detached,22.0,2025,2573888,1081,2500000,3100000,3
landed,,Strata Terrace,22.0,2021,1950000,486,1838000,2102000,6
landed,,Strata Terrace,22.0,2022,2250000,536,2100000,2335000,4
landed,,Strata Terrace,22.0,2023,2285000,553,2200000,2360000,3
landed,,Strata Terrace,22.0,2024,2419000,591,2300000,2500000,4
landed,,Strata Terrace,22.0,2025,2650000,661,2508000,2685000,5
landed,,Terrace,22.0,2021,1690000,950,1400000,3650000,28
landed,,Terrace,22.0,2022,2130000,1168,1508000,5330000,27
landed,,Terrace,22.0,2023,2200000,1256,1950000,5200000,22
landed,,Terrace,22.0,2024,2300000,1381,1900000,5100000,17
landed,,Terrace,22.0,2025,2414000,1397,2150000,4880000,24
landed,,Terrace,22.0,2026,2490000,1229,2220000,5200000,5
private,,Apartment,23.0,2021,1199750,1566,610000,2250000,456
private,,Apartment,23.0,2022,1189000,1517,620000,2270000,356
private,,Apartment,23.0,2023,1130000,1546,655000,2500000,259
private,,Apartment,23.0,2024,1155000,1519,700000,2694000,249
private,,Apartment,23.0,2025,1224405,1593,690000,2669000,270
private,,Apartment,23.0,2026,1417000,2045,680000,2550000,141
private,,Condominium,23.0,2021,1213650,1406,580000,3590000,752
private,,Condominium,23.0,2022,1283000,1272,652000,3350000,521
private,,Condominium,23.0,2023,1464000,1597,710000,4188888,745
private,,Condominium,23.0,2024,1850000,1813,690000,3418000,890
private,,Condominium,23.0,2025,1600000,1548,715000,3690000,528
private,,Condominium,23.0,2026,1500000,1529,740000,3600000,129
landed,,Detached,23.0,2021,4423596,983,3000000,23700000,9
landed,,Detached,23.0,2022,8130000,1198,1630000,29300000,11
landed,,Detached,23.0,2023,5784000,918,4000000,11200000,4
landed,,Detached,23.0,2024,12680000,1167,3850000,25000000,7
landed,,Detached,23.0,2025,6500000,1108,1528000,15650000,7
landed,,Detached,23.0,2026,8500000,1174,7850000,11500000,4
private,,Executive Condominium,23.0,2021,1039000,1024,530000,1620000,84
private,,Executive Condominium,23.0,2022,1200000,1019,540000,2010000,138
private,,Executive Condominium,23.0,2023,1424000,1407,560000,2441000,718
private,,Executive Condominium,23.0,2024,1488000,1479,760000,2630000,864
private,,Executive Condominium,23.0,2025,1461000,1475,735000,2448888,341
private,,Executive Condominium,23.0,2026,1480000,1501,750000,2032000,51
landed,,Semi-detached,23.0,2021,3170000,1185,595000,6600000,37
landed,,Semi-detached,23.0,2022,3708000,1270,750000,5280000,31
landed,,Semi-detached,23.0,2023,3909400,1352,780000,6388888,14
landed,,Semi-detached,23.0,2024,3125000,1363,660000,5950000,15
landed,,Semi-detached,23.0,2025,4668000,1458,888000,7800000,17
landed,,Semi-detached,23.0,2026,3144000,1375,2915000,6100000,6
landed,,Strata Detached,23.0,2021,2950000,435,2950000,2950000,1
landed,,Strata Detached,23.0,2023,3680000,543,3680000,3680000,1
landed,,Strata Semi-detached,23.0,2021,2680000,528,2600000,2750000,3
landed,,Strata Semi-detached,23.0,2022,2580000,524,2580000,2580000,1
landed,,Strata Semi-detached,23.0,2023,3030000,615,3030000,3030000,1
landed,,Strata Semi-detached,23.0,2024,3600000,731,3600000,3600000,1
landed,,Strata Terrace,23.0,2021,2780000,893,2650000,3000000,4
landed,,Strata Terrace,23.0,2022,2925000,950,2900000,2950000,2
landed,,Strata Terrace,23.0,2023,2860000,830,2860000,2860000,1
landed,,Strata Terrace,23.0,2025,3480000,1063,3480000,3480000,1
landed,,Strata Terrace,23.0,2026,3050000,905,3050000,3050000,1
landed,,Terrace,23.0,2021,3000000,1336,1560000,4850000,58
landed,,Terrace,23.0,2022,3550000,1492,1938888,7288000,61
landed,,Terrace,23.0,2023,2800000,1469,1900000,7540000,47
landed,,Terrace,23.0,2024,3594000,1611,780000,4800000,48
landed,,Terrace,23.0,2025,3944000,1843,2168000,7600000,46
landed,,Terrace,23.0,2026,2575000,1424,2250000,3500000,4
private,,Executive Condominium,24.0,2022,1349000,1343,1090000,2173000,556
private,,Executive Condominium,24.0,2023,1495500,1433,1228000,2247000,18
private,,Executive Condominium,24.0,2024,1531500,1651,1338000,2372000,412
private,,Executive Condominium,24.0,2025,1676000,1744,1353000,2252000,655
private,,Executive Condominium,24.0,2026,1645000,1747,1406000,2200000,38
private,,Apartment,25.0,2021,770000,797,675000,815000,5
private,,Apartment,25.0,2022,810000,855,710000,828000,4
private,,Apartment,25.0,2023,835000,958,832000,862000,3
private,,Apartment,25.0,2024,970000,939,970000,970000,1
private,,Apartment,25.0,2025,862888,990,825000,950000,7
private,,Apartment,25.0,2026,968000,937,968000,968000,1
private,,Condominium,25.0,2021,765000,938,516000,1539000,137
private,,Condominium,25.0,2022,934000,977,550000,2000000,118
private,,Condominium,25.0,2023,968444,1070,605000,1970000,108
private,,Condominium,25.0,2024,1046500,1099,600000,2660000,114
private,,Condominium,25.0,2025,1025000,1199,630000,1950000,84
private,,Condominium,25.0,2026,1270000,1154,640000,2420000,25
landed,,Detached,25.0,2021,4000000,619,3800000,5400000,4
landed,,Detached,25.0,2022,4100000,586,3600000,4250000,5
landed,,Detached,25.0,2023,3800000,605,3480000,4300000,4
landed,,Detached,25.0,2024,4380000,609,3755000,5820000,9
landed,,Detached,25.0,2025,4400000,640,4400000,4688888,3
landed,,Detached,25.0,2026,4500000,588,4500000,4500000,2
private,,Executive Condominium,25.0,2021,950000,886,720000,2080000,216
private,,Executive Condominium,25.0,2022,1108888,1034,735000,1795000,243
private,,Executive Condominium,25.0,2023,1230000,1099,902000,1930000,137
private,,Executive Condominium,25.0,2024,1220000,1190,860000,2420000,250
private,,Executive Condominium,25.0,2025,1280000,1201,885000,2240000,202
private,,Executive Condominium,25.0,2026,1268000,1259,925000,2018000,45
landed,,Semi-detached,25.0,2021,2830000,788,2388000,4320000,5
landed,,Semi-detached,25.0,2022,3600000,940,2800000,8000000,5
landed,,Semi-detached,25.0,2023,4000000,985,4000000,4000000,1
landed,,Semi-detached,25.0,2024,3450000,1036,3380000,3750000,5
landed,,Semi-detached,25.0,2025,4180000,1064,3108000,5700000,7
landed,,Semi-detached,25.0,2026,5200000,1594,5200000,5200000,1
landed,,Strata Terrace,25.0,2022,2930000,872,2930000,2930000,1
landed,,Strata Terrace,25.0,2023,2865000,853,2850000,2880000,2
landed,,Strata Terrace,25.0,2024,2902000,864,2830000,2930000,3
landed,,Strata Terrace,25.0,2025,3028000,901,3028000,3028000,1
landed,,Strata Terrace,25.0,2026,3190000,949,3190000,3190000,1
landed,,Terrace,25.0,2021,2025000,1009,1565000,2700000,28
landed,,Terrace,25.0,2022,2180000,1154,1965000,2500000,12
landed,,Terrace,25.0,2023,2450000,1140,2050000,3150000,11
landed,,Terrace,25.0,2024,2535000,1429,2300000,2850000,8
landed,,Terrace,25.0,2025,2750000,1418,2370000,3210000,8
private,,Apartment,26.0,2022,1668150,2106,1072170,3332000,511
private,,Apartment,26.0,2023,1650000,2105,945000,3431000,637
private,,Apartment,26.0,2024,2057000,2242,1137000,3544000,857
private,,Apartment,26.0,2025,1887000,2174,860000,3500000,1063
private,,Apartment,26.0,2026,2697000,2232,1480000,3489000,26
private,,Condominium,26.0,2024,1626000,2171,1185000,3080000,184
private,,Condominium,26.0,2025,1892000,2214,978000,3245000,513
private,,Condominium,26.0,2026,2112000,2256,2053800,2319000,3
landed,,Detached,26.0,2021,5700000,1175,5550000,5850000,2
landed,,Detached,26.0,2022,6250000,1346,6250000,6250000,1
landed,,Detached,26.0,2023,7070000,1604,7070000,7070000,1
landed,,Semi-detached,26.0,2021,4200000,1125,3450000,6980000,22
landed,,Semi-detached,26.0,2022,4324444,1248,3000000,6538888,16
landed,,Semi-detached,26.0,2023,4340000,1455,3600000,5568000,12
landed,,Semi-detached,26.0,2024,5180000,1631,3900000,6500000,11
landed,,Semi-detached,26.0,2025,5250000,1529,4280000,8500000,14
landed,,Semi-detached,26.0,2026,5400000,1463,5000000,8038888,7
landed,,Strata Semi-detached,26.0,2021,2285000,624,1918000,2560000,8
landed,,Strata Semi-detached,26.0,2022,2655000,789,2200000,2813000,8
landed,,Strata Semi-detached,26.0,2023,3000000,919,3000000,3000000,3
landed,,Strata Semi-detached,26.0,2024,3080000,852,3000888,3180000,5
landed,,Strata Semi-detached,26.0,2025,3300000,962,2900000,3388000,9
landed,,Strata Semi-detached,26.0,2026,3170000,751,3170000,3170000,1
landed,,Strata Terrace,26.0,2021,2400000,766,2400000,2400000,1
landed,,Strata Terrace,26.0,2023,2880000,938,2850000,3008000,3
landed,,Strata Terrace,26.0,2024,3130000,973,2980000,3280000,2
landed,,Strata Terrace,26.0,2025,3150000,975,3150000,3150000,1
landed,,Terrace,26.0,2021,3300000,1521,2408000,6030000,53
landed,,Terrace,26.0,2022,3600000,1657,1650000,6450000,51
landed,,Terrace,26.0,2023,3880000,1875,3280000,5480000,22
landed,,Terrace,26.0,2024,4125000,1945,3100000,6720000,30
landed,,Terrace,26.0,2025,4260000,2219,2241614,6800000,57
landed,,Terrace,26.0,2026,4762844,2194,3968000,6330000,16
private,,Apartment,27.0,2021,1134000,1469,568000,2100000,394
private,,Apartment,27.0,2022,1571500,1456,658000,2220000,176
private,,Apartment,27.0,2023,1185000,1357,686000,2420000,39
private,,Apartment,27.0,2024,1230000,1369,700000,2400000,35
private,,Apartment,27.0,2025,1200000,1395,745888,2435000,53
private,,Apartment,27.0,2026,1260000,1363,766000,2399900,8
private,,Condominium,27.0,2021,1095000,1171,560000,2504000,346
private,,Condominium,27.0,2022,1136000,1150,590000,2682000,333
private,,Condominium,27.0,2023,1130000,1179,580000,2549000,230
private,,Condominium,27.0,2024,1209000,1198,670000,2100000,296
private,,Condominium,27.0,2025,1234444,1270,674000,3050000,248
private,,Condominium,27.0,2026,1295000,1232,668000,2480000,66
landed,,Detached,27.0,2021,4315000,792,2700000,14950000,8
landed,,Detached,27.0,2022,4160000,782,3500000,9050000,6
landed,,Detached,27.0,2023,5890000,1041,4999888,8250000,6
landed,,Detached,27.0,2024,5250000,1001,4900000,5418800,3
landed,,Detached,27.0,2025,5550000,1175,5550000,7588000,5
landed,,Detached,27.0,2026,5600000,1039,5600000,5600000,1
private,,Executive Condominium,27.0,2021,1151000,1123,715000,1988888,511
private,,Executive Condominium,27.0,2022,1272000,1242,738888,2200000,505
private,,Executive Condominium,27.0,2023,1293000,1285,840000,2152000,667
private,,Executive Condominium,27.0,2024,1345500,1318,915000,2360000,656
private,,Executive Condominium,27.0,2025,1418000,1366,970000,2580000,363
private,,Executive Condominium,27.0,2026,1457944,1410,980000,2700000,68
landed,,Semi-detached,27.0,2021,2800000,1014,2100000,5518000,23
landed,,Semi-detached,27.0,2022,3813880,1255,2450000,6480000,27
landed,,Semi-detached,27.0,2023,3900000,1514,2500000,6800000,9
landed,,Semi-detached,27.0,2024,3630000,1102,2720000,4850000,15
landed,,Semi-detached,27.0,2025,4500000,1380,2600000,6480000,25
landed,,Semi-detached,27.0,2026,4800000,1130,3508000,5000000,5
landed,,Strata Semi-detached,27.0,2023,3420000,889,3420000,3420000,1
landed,,Strata Terrace,27.0,2021,1820000,552,1700000,2700000,19
landed,,Strata Terrace,27.0,2022,2044000,650,1740000,3498888,22
landed,,Strata Terrace,27.0,2023,2188800,688,1900000,4228888,15
landed,,Strata Terrace,27.0,2024,2325000,754,2100000,3586000,20
landed,,Strata Terrace,27.0,2025,2400000,742,2250000,3400000,14
landed,,Strata Terrace,27.0,2026,2450000,761,2000000,3600000,11
landed,,Terrace,27.0,2021,2350000,1184,1999000,3580000,27
landed,,Terrace,27.0,2022,2838000,1364,2300000,3588000,25
landed,,Terrace,27.0,2023,2920000,1533,2200000,4380000,21
landed,,Terrace,27.0,2024,3388000,1478,2500000,7399000,15
landed,,Terrace,27.0,2025,3369444,1628,2780000,4125000,18
landed,,Terrace,27.0,2026,3289444,1411,3100000,3750000,8
private,,Apartment,28.0,2021,870000,1262,508000,2680000,93
private,,Apartment,28.0,2022,1080000,1357,520000,2180000,93
private,,Apartment,28.0,2023,1010000,1478,600000,2228000,101
private,,Apartment,28.0,2024,1060000,1514,663000,2550000,114
private,,Apartment,28.0,2025,1100000,1614,625000,2480000,91
private,,Apartment,28.0,2026,1210000,1583,918000,2060000,10
private,,Condominium,28.0,2021,1180000,1162,600000,2080000,155
private,,Condominium,28.0,2022,1100000,1240,620000,2480000,208
private,,Condominium,28.0,2023,1250000,1283,700000,3100000,167
private,,Condominium,28.0,2024,1268000,1352,700000,3350000,181
private,,Condominium,28.0,2025,1342500,1417,715000,3500000,152
private,,Condominium,28.0,2026,1277500,1435,768000,2420000,36
landed,,Detached,28.0,2021,6050000,1102,3350000,7770000,14
landed,,Detached,28.0,2022,6000000,964,4400000,9300000,7
landed,,Detached,28.0,2023,5800000,1100,4700000,8700000,4
landed,,Detached,28.0,2024,7975000,1643,6950000,13530000,10
landed,,Detached,28.0,2025,13475000,1627,8800000,22000000,6
landed,,Detached,28.0,2026,8149000,1761,7018000,9280000,2
private,,Executive Condominium,28.0,2021,1291000,1207,760000,2188888,563
private,,Executive Condominium,28.0,2022,1284000,1194,850000,1788000,179
private,,Executive Condominium,28.0,2023,1410000,1284,1008000,2400000,66
private,,Executive Condominium,28.0,2024,1500000,1391,1020000,2550000,72
private,,Executive Condominium,28.0,2025,1600000,1462,1096888,2955888,92
private,,Executive Condominium,28.0,2026,1592000,1514,1130000,2900000,19
landed,,Semi-detached,28.0,2021,4150000,1100,2938000,7850000,70
landed,,Semi-detached,28.0,2022,4768000,1267,2630000,6980000,51
landed,,Semi-detached,28.0,2023,4900000,1345,2980000,7300000,25
landed,,Semi-detached,28.0,2024,4950000,1349,2600000,8500000,49
landed,,Semi-detached,28.0,2025,5150000,1456,2900000,8300000,49
landed,,Semi-detached,28.0,2026,5500000,1700,4300000,8700000,18
landed,,Strata Semi-detached,28.0,2021,3610000,911,2350000,3750000,6
landed,,Strata Semi-detached,28.0,2022,4403500,1079,2550000,4605000,86
landed,,Strata Semi-detached,28.0,2023,3894000,983,3880000,4350000,4
landed,,Strata Semi-detached,28.0,2024,2854444,1194,2650000,4750000,4
landed,,Strata Semi-detached,28.0,2025,4380000,844,3118888,4930000,5
landed,,Strata Semi-detached,28.0,2026,2900000,1235,2900000,2900000,1
landed,,Strata Terrace,28.0,2021,2514170,857,1750000,3440000,26
landed,,Strata Terrace,28.0,2022,2800000,950,2120000,4338000,35
landed,,Strata Terrace,28.0,2023,3300385,1011,2050000,4070000,16
landed,,Strata Terrace,28.0,2024,3300000,987,2100000,4128000,35
landed,,Strata Terrace,28.0,2025,3485000,1013,2700000,4048888,33
landed,,Strata Terrace,28.0,2026,3379000,1023,2708000,4238000,10
landed,,Terrace,28.0,2021,3150000,1458,1500000,5100000,67
landed,,Terrace,28.0,2022,3560000,1737,1850000,4850000,55
landed,,Terrace,28.0,2023,3620000,2181,2360000,5188888,80
landed,,Terrace,28.0,2024,3881000,2217,2450000,5388888,133
landed,,Terrace,28.0,2025,4088000,2345,2900000,7200000,121
landed,,Terrace,28.0,2026,4316000,2600,2950000,5782000,30
