chunk_id,source,district,market_segment,property_type,year,n_transactions,median_psf,text
ura_d01_apartment_2021,ura_transaction,01,CCR,Apartment,2021,167,2225.0,"URA Private Residential — District 01 | Apartment | CCR | 2021
Transactions: 167
Median transacted price: SGD 1,700,000
Median price per sqft (PSF): SGD 2,225
Median area: 818 sqft
Resale share: 100%
"
ura_d01_apartment_2022,ura_transaction,01,CCR,Apartment,2022,142,2098.0,"URA Private Residential — District 01 | Apartment | CCR | 2022
Transactions: 142
Median transacted price: SGD 1,697,282
Median price per sqft (PSF): SGD 2,098
Median area: 883 sqft
Resale share: 100%
"
ura_d01_apartment_2023,ura_transaction,01,CCR,Apartment,2023,115,1976.0,"URA Private Residential — District 01 | Apartment | CCR | 2023
Transactions: 115
Median transacted price: SGD 1,620,000
Median price per sqft (PSF): SGD 1,976
Median area: 861 sqft
Resale share: 100%
"
ura_d01_apartment_2024,ura_transaction,01,CCR,Apartment,2024,130,1988.0,"URA Private Residential — District 01 | Apartment | CCR | 2024
Transactions: 130
Median transacted price: SGD 1,610,000
Median price per sqft (PSF): SGD 1,988
Median area: 861 sqft
Resale share: 100%
"
ura_d01_apartment_2025,ura_transaction,01,CCR,Apartment,2025,150,2017.5,"URA Private Residential — District 01 | Apartment | CCR | 2025
Transactions: 150
Median transacted price: SGD 1,695,000
Median price per sqft (PSF): SGD 2,018
Median area: 861 sqft
Resale share: 97%
"
ura_d01_apartment_2026,ura_transaction,01,CCR,Apartment,2026,33,2020.0,"URA Private Residential — District 01 | Apartment | CCR | 2026
Transactions: 33
Median transacted price: SGD 1,890,000
Median price per sqft (PSF): SGD 2,020
Median area: 797 sqft
Resale share: 70%
"
ura_d01_apartment_2021,ura_transaction,01,RCR,Apartment,2021,8,1404.0,"URA Private Residential — District 01 | Apartment | RCR | 2021
Transactions: 8
Median transacted price: SGD 1,255,000
Median price per sqft (PSF): SGD 1,404
Median area: 818 sqft
Resale share: 100%
"
ura_d01_apartment_2022,ura_transaction,01,RCR,Apartment,2022,11,1371.0,"URA Private Residential — District 01 | Apartment | RCR | 2022
Transactions: 11
Median transacted price: SGD 1,350,000
Median price per sqft (PSF): SGD 1,371
Median area: 1119 sqft
Resale share: 100%
"
ura_d01_apartment_2023,ura_transaction,01,RCR,Apartment,2023,7,1548.0,"URA Private Residential — District 01 | Apartment | RCR | 2023
Transactions: 7
Median transacted price: SGD 1,950,000
Median price per sqft (PSF): SGD 1,548
Median area: 1259 sqft
Resale share: 100%
"
ura_d01_apartment_2024,ura_transaction,01,RCR,Apartment,2024,113,3126.0,"URA Private Residential — District 01 | Apartment | RCR | 2024
Transactions: 113
Median transacted price: SGD 2,237,000
Median price per sqft (PSF): SGD 3,126
Median area: 732 sqft
Resale share: 12%
"
ura_d01_apartment_2025,ura_transaction,01,RCR,Apartment,2025,616,2952.0,"URA Private Residential — District 01 | Apartment | RCR | 2025
Transactions: 616
Median transacted price: SGD 1,946,493
Median price per sqft (PSF): SGD 2,952
Median area: 657 sqft
Resale share: 4%
"
ura_d01_apartment_2026,ura_transaction,01,RCR,Apartment,2026,54,2975.0,"URA Private Residential — District 01 | Apartment | RCR | 2026
Transactions: 54
Median transacted price: SGD 2,180,900
Median price per sqft (PSF): SGD 2,975
Median area: 732 sqft
Resale share: 4%
"
ura_d01_condominium_2021,ura_transaction,01,CCR,Condominium,2021,18,2118.5,"URA Private Residential — District 01 | Condominium | CCR | 2021
Transactions: 18
Median transacted price: SGD 2,984,000
Median price per sqft (PSF): SGD 2,118
Median area: 1609 sqft
Resale share: 100%
"
ura_d01_condominium_2022,ura_transaction,01,CCR,Condominium,2022,26,1961.5,"URA Private Residential — District 01 | Condominium | CCR | 2022
Transactions: 26
Median transacted price: SGD 3,100,000
Median price per sqft (PSF): SGD 1,962
Median area: 1620 sqft
Resale share: 100%
"
ura_d01_condominium_2023,ura_transaction,01,CCR,Condominium,2023,23,2035.0,"URA Private Residential — District 01 | Condominium | CCR | 2023
Transactions: 23
Median transacted price: SGD 2,810,000
Median price per sqft (PSF): SGD 2,035
Median area: 1572 sqft
Resale share: 100%
"
ura_d01_condominium_2024,ura_transaction,01,CCR,Condominium,2024,41,2118.0,"URA Private Residential — District 01 | Condominium | CCR | 2024
Transactions: 41
Median transacted price: SGD 2,450,000
Median price per sqft (PSF): SGD 2,118
Median area: 1130 sqft
Resale share: 100%
"
ura_d01_condominium_2025,ura_transaction,01,CCR,Condominium,2025,29,2036.0,"URA Private Residential — District 01 | Condominium | CCR | 2025
Transactions: 29
Median transacted price: SGD 3,050,000
Median price per sqft (PSF): SGD 2,036
Median area: 1604 sqft
Resale share: 100%
"
ura_d01_condominium_2026,ura_transaction,01,CCR,Condominium,2026,3,2053.0,"URA Private Residential — District 01 | Condominium | CCR | 2026
Transactions: 3
Median transacted price: SGD 2,900,000
Median price per sqft (PSF): SGD 2,053
Median area: 1593 sqft
Resale share: 100%
"
ura_d01_condominium_2021,ura_transaction,01,RCR,Condominium,2021,5,2038.0,"URA Private Residential — District 01 | Condominium | RCR | 2021
Transactions: 5
Median transacted price: SGD 2,150,000
Median price per sqft (PSF): SGD 2,038
Median area: 1055 sqft
Resale share: 100%
"
ura_d01_condominium_2022,ura_transaction,01,RCR,Condominium,2022,5,2062.0,"URA Private Residential — District 01 | Condominium | RCR | 2022
Transactions: 5
Median transacted price: SGD 2,000,000
Median price per sqft (PSF): SGD 2,062
Median area: 980 sqft
Resale share: 100%
"
ura_d01_condominium_2024,ura_transaction,01,RCR,Condominium,2024,7,2264.0,"URA Private Residential — District 01 | Condominium | RCR | 2024
Transactions: 7
Median transacted price: SGD 2,330,000
Median price per sqft (PSF): SGD 2,264
Median area: 980 sqft
Resale share: 100%
"
ura_d02_apartment_2021,ura_transaction,02,CCR,Apartment,2021,176,2345.5,"URA Private Residential — District 02 | Apartment | CCR | 2021
Transactions: 176
Median transacted price: SGD 1,244,000
Median price per sqft (PSF): SGD 2,346
Median area: 646 sqft
Resale share: 50%
"
ura_d02_apartment_2022,ura_transaction,02,CCR,Apartment,2022,126,2292.5,"URA Private Residential — District 02 | Apartment | CCR | 2022
Transactions: 126
Median transacted price: SGD 1,590,000
Median price per sqft (PSF): SGD 2,292
Median area: 732 sqft
Resale share: 61%
"
ura_d02_apartment_2023,ura_transaction,02,CCR,Apartment,2023,171,2329.0,"URA Private Residential — District 02 | Apartment | CCR | 2023
Transactions: 171
Median transacted price: SGD 1,780,000
Median price per sqft (PSF): SGD 2,329
Median area: 732 sqft
Resale share: 60%
"
ura_d02_apartment_2024,ura_transaction,02,CCR,Apartment,2024,146,2077.5,"URA Private Residential — District 02 | Apartment | CCR | 2024
Transactions: 146
Median transacted price: SGD 1,665,000
Median price per sqft (PSF): SGD 2,078
Median area: 753 sqft
Resale share: 68%
"
ura_d02_apartment_2025,ura_transaction,02,CCR,Apartment,2025,184,2473.5,"URA Private Residential — District 02 | Apartment | CCR | 2025
Transactions: 184
Median transacted price: SGD 1,781,000
Median price per sqft (PSF): SGD 2,474
Median area: 732 sqft
Resale share: 43%
"
ura_d02_apartment_2026,ura_transaction,02,CCR,Apartment,2026,200,3046.0,"URA Private Residential — District 02 | Apartment | CCR | 2026
Transactions: 200
Median transacted price: SGD 2,067,000
Median price per sqft (PSF): SGD 3,046
Median area: 689 sqft
Resale share: 10%
"
ura_d02_apartment_2021,ura_transaction,02,RCR,Apartment,2021,52,2219.0,"URA Private Residential — District 02 | Apartment | RCR | 2021
Transactions: 52
Median transacted price: SGD 1,694,000
Median price per sqft (PSF): SGD 2,219
Median area: 878 sqft
Resale share: 62%
"
ura_d02_apartment_2022,ura_transaction,02,RCR,Apartment,2022,52,2198.5,"URA Private Residential — District 02 | Apartment | RCR | 2022
Transactions: 52
Median transacted price: SGD 1,685,000
Median price per sqft (PSF): SGD 2,198
Median area: 872 sqft
Resale share: 65%
"
ura_d02_apartment_2023,ura_transaction,02,RCR,Apartment,2023,42,2384.0,"URA Private Residential — District 02 | Apartment | RCR | 2023
Transactions: 42
Median transacted price: SGD 1,489,000
Median price per sqft (PSF): SGD 2,384
Median area: 662 sqft
Resale share: 67%
"
ura_d02_apartment_2024,ura_transaction,02,RCR,Apartment,2024,50,2370.0,"URA Private Residential — District 02 | Apartment | RCR | 2024
Transactions: 50
Median transacted price: SGD 1,174,000
Median price per sqft (PSF): SGD 2,370
Median area: 538 sqft
Resale share: 88%
"
ura_d02_apartment_2025,ura_transaction,02,RCR,Apartment,2025,36,2345.0,"URA Private Residential — District 02 | Apartment | RCR | 2025
Transactions: 36
Median transacted price: SGD 1,440,000
Median price per sqft (PSF): SGD 2,345
Median area: 630 sqft
Resale share: 100%
"
ura_d02_apartment_2026,ura_transaction,02,RCR,Apartment,2026,9,2436.0,"URA Private Residential — District 02 | Apartment | RCR | 2026
Transactions: 9
Median transacted price: SGD 1,600,000
Median price per sqft (PSF): SGD 2,436
Median area: 635 sqft
Resale share: 100%
"
ura_d02_condominium_2021,ura_transaction,02,RCR,Condominium,2021,19,2083.0,"URA Private Residential — District 02 | Condominium | RCR | 2021
Transactions: 19
Median transacted price: SGD 1,818,000
Median price per sqft (PSF): SGD 2,083
Median area: 915 sqft
Resale share: 100%
"
ura_d02_condominium_2022,ura_transaction,02,RCR,Condominium,2022,10,2156.0,"URA Private Residential — District 02 | Condominium | RCR | 2022
Transactions: 10
Median transacted price: SGD 1,525,000
Median price per sqft (PSF): SGD 2,156
Median area: 710 sqft
Resale share: 100%
"
ura_d02_condominium_2023,ura_transaction,02,RCR,Condominium,2023,9,2289.0,"URA Private Residential — District 02 | Condominium | RCR | 2023
Transactions: 9
Median transacted price: SGD 1,440,000
Median price per sqft (PSF): SGD 2,289
Median area: 624 sqft
Resale share: 100%
"
ura_d02_condominium_2024,ura_transaction,02,RCR,Condominium,2024,9,2288.0,"URA Private Residential — District 02 | Condominium | RCR | 2024
Transactions: 9
Median transacted price: SGD 1,950,000
Median price per sqft (PSF): SGD 2,288
Median area: 915 sqft
Resale share: 100%
"
ura_d02_condominium_2025,ura_transaction,02,RCR,Condominium,2025,16,2315.0,"URA Private Residential — District 02 | Condominium | RCR | 2025
Transactions: 16
Median transacted price: SGD 1,845,000
Median price per sqft (PSF): SGD 2,315
Median area: 797 sqft
Resale share: 100%
"
ura_d03_apartment_2021,ura_transaction,03,RCR,Apartment,2021,504,2288.5,"URA Private Residential — District 03 | Apartment | RCR | 2021
Transactions: 504
Median transacted price: SGD 1,884,000
Median price per sqft (PSF): SGD 2,288
Median area: 818 sqft
Resale share: 7%
"
ura_d03_apartment_2022,ura_transaction,03,RCR,Apartment,2022,696,2489.0,"URA Private Residential — District 03 | Apartment | RCR | 2022
Transactions: 696
Median transacted price: SGD 2,174,000
Median price per sqft (PSF): SGD 2,489
Median area: 840 sqft
Resale share: 9%
"
ura_d03_apartment_2023,ura_transaction,03,RCR,Apartment,2023,304,2348.5,"URA Private Residential — District 03 | Apartment | RCR | 2023
Transactions: 304
Median transacted price: SGD 1,940,000
Median price per sqft (PSF): SGD 2,348
Median area: 829 sqft
Resale share: 44%
"
ura_d03_apartment_2024,ura_transaction,03,RCR,Apartment,2024,245,2271.0,"URA Private Residential — District 03 | Apartment | RCR | 2024
Transactions: 245
Median transacted price: SGD 1,620,000
Median price per sqft (PSF): SGD 2,271
Median area: 689 sqft
Resale share: 84%
"
ura_d03_apartment_2025,ura_transaction,03,RCR,Apartment,2025,1359,2847.0,"URA Private Residential — District 03 | Apartment | RCR | 2025
Transactions: 1359
Median transacted price: SGD 2,270,000
Median price per sqft (PSF): SGD 2,847
Median area: 818 sqft
Resale share: 20%
"
ura_d03_apartment_2026,ura_transaction,03,RCR,Apartment,2026,102,2374.5,"URA Private Residential — District 03 | Apartment | RCR | 2026
Transactions: 102
Median transacted price: SGD 1,835,000
Median price per sqft (PSF): SGD 2,374
Median area: 721 sqft
Resale share: 74%
"
ura_d03_condominium_2021,ura_transaction,03,RCR,Condominium,2021,300,1829.0,"URA Private Residential — District 03 | Condominium | RCR | 2021
Transactions: 300
Median transacted price: SGD 1,600,000
Median price per sqft (PSF): SGD 1,829
Median area: 915 sqft
Resale share: 86%
"
ura_d03_condominium_2022,ura_transaction,03,RCR,Condominium,2022,413,1951.0,"URA Private Residential — District 03 | Condominium | RCR | 2022
Transactions: 413
Median transacted price: SGD 1,699,000
Median price per sqft (PSF): SGD 1,951
Median area: 861 sqft
Resale share: 85%
"
ura_d03_condominium_2023,ura_transaction,03,RCR,Condominium,2023,436,2120.5,"URA Private Residential — District 03 | Condominium | RCR | 2023
Transactions: 436
Median transacted price: SGD 1,804,000
Median price per sqft (PSF): SGD 2,120
Median area: 829 sqft
Resale share: 73%
"
ura_d03_condominium_2024,ura_transaction,03,RCR,Condominium,2024,407,2150.0,"URA Private Residential — District 03 | Condominium | RCR | 2024
Transactions: 407
Median transacted price: SGD 1,930,000
Median price per sqft (PSF): SGD 2,150
Median area: 861 sqft
Resale share: 82%
"
ura_d03_condominium_2025,ura_transaction,03,RCR,Condominium,2025,727,2732.0,"URA Private Residential — District 03 | Condominium | RCR | 2025
Transactions: 727
Median transacted price: SGD 2,005,700
Median price per sqft (PSF): SGD 2,732
Median area: 797 sqft
Resale share: 47%
"
ura_d03_condominium_2026,ura_transaction,03,RCR,Condominium,2026,106,2307.0,"URA Private Residential — District 03 | Condominium | RCR | 2026
Transactions: 106
Median transacted price: SGD 2,094,150
Median price per sqft (PSF): SGD 2,307
Median area: 861 sqft
Resale share: 63%
"
ura_d04_apartment_2022,ura_transaction,04,RCR,Apartment,2022,4,1652.5,"URA Private Residential — District 04 | Apartment | RCR | 2022
Transactions: 4
Median transacted price: SGD 1,142,500
Median price per sqft (PSF): SGD 1,652
Median area: 694 sqft
Resale share: 100%
"
ura_d04_apartment_2023,ura_transaction,04,RCR,Apartment,2023,8,1706.0,"URA Private Residential — District 04 | Apartment | RCR | 2023
Transactions: 8
Median transacted price: SGD 1,318,750
Median price per sqft (PSF): SGD 1,706
Median area: 764 sqft
Resale share: 100%
"
ura_d04_apartment_2024,ura_transaction,04,RCR,Apartment,2024,6,1799.0,"URA Private Residential — District 04 | Apartment | RCR | 2024
Transactions: 6
Median transacted price: SGD 1,634,000
Median price per sqft (PSF): SGD 1,799
Median area: 893 sqft
Resale share: 100%
"
ura_d04_apartment_2025,ura_transaction,04,RCR,Apartment,2025,6,1869.5,"URA Private Residential — District 04 | Apartment | RCR | 2025
Transactions: 6
Median transacted price: SGD 1,600,000
Median price per sqft (PSF): SGD 1,870
Median area: 856 sqft
Resale share: 100%
"
ura_d04_condominium_2021,ura_transaction,04,CCR,Condominium,2021,90,1567.5,"URA Private Residential — District 04 | Condominium | CCR | 2021
Transactions: 90
Median transacted price: SGD 3,179,075
Median price per sqft (PSF): SGD 1,568
Median area: 2082 sqft
Resale share: 100%
"
ura_d04_condominium_2022,ura_transaction,04,CCR,Condominium,2022,112,1932.5,"URA Private Residential — District 04 | Condominium | CCR | 2022
Transactions: 112
Median transacted price: SGD 4,067,580
Median price per sqft (PSF): SGD 1,932
Median area: 2164 sqft
Resale share: 100%
"
ura_d04_condominium_2023,ura_transaction,04,CCR,Condominium,2023,84,2125.0,"URA Private Residential — District 04 | Condominium | CCR | 2023
Transactions: 84
Median transacted price: SGD 4,609,700
Median price per sqft (PSF): SGD 2,125
Median area: 2508 sqft
Resale share: 100%
"
ura_d04_condominium_2024,ura_transaction,04,CCR,Condominium,2024,132,1790.0,"URA Private Residential — District 04 | Condominium | CCR | 2024
Transactions: 132
Median transacted price: SGD 3,031,500
Median price per sqft (PSF): SGD 1,790
Median area: 1658 sqft
Resale share: 100%
"
ura_d04_condominium_2025,ura_transaction,04,CCR,Condominium,2025,82,1749.5,"URA Private Residential — District 04 | Condominium | CCR | 2025
Transactions: 82
Median transacted price: SGD 3,325,000
Median price per sqft (PSF): SGD 1,750
Median area: 2056 sqft
Resale share: 100%
"
ura_d04_condominium_2026,ura_transaction,04,CCR,Condominium,2026,20,1709.0,"URA Private Residential — District 04 | Condominium | CCR | 2026
Transactions: 20
Median transacted price: SGD 3,069,000
Median price per sqft (PSF): SGD 1,709
Median area: 2024 sqft
Resale share: 100%
"
ura_d04_condominium_2021,ura_transaction,04,RCR,Condominium,2021,232,1626.0,"URA Private Residential — District 04 | Condominium | RCR | 2021
Transactions: 232
Median transacted price: SGD 2,080,000
Median price per sqft (PSF): SGD 1,626
Median area: 1222 sqft
Resale share: 93%
"
ura_d04_condominium_2022,ura_transaction,04,RCR,Condominium,2022,192,1658.0,"URA Private Residential — District 04 | Condominium | RCR | 2022
Transactions: 192
Median transacted price: SGD 2,265,500
Median price per sqft (PSF): SGD 1,658
Median area: 1313 sqft
Resale share: 98%
"
ura_d04_condominium_2023,ura_transaction,04,RCR,Condominium,2023,143,1777.0,"URA Private Residential — District 04 | Condominium | RCR | 2023
Transactions: 143
Median transacted price: SGD 2,270,000
Median price per sqft (PSF): SGD 1,777
Median area: 1259 sqft
Resale share: 99%
"
ura_d04_condominium_2024,ura_transaction,04,RCR,Condominium,2024,194,1756.5,"URA Private Residential — District 04 | Condominium | RCR | 2024
Transactions: 194
Median transacted price: SGD 2,200,000
Median price per sqft (PSF): SGD 1,756
Median area: 1227 sqft
Resale share: 100%
"
ura_d04_condominium_2025,ura_transaction,04,RCR,Condominium,2025,209,1769.0,"URA Private Residential — District 04 | Condominium | RCR | 2025
Transactions: 209
Median transacted price: SGD 2,450,000
Median price per sqft (PSF): SGD 1,769
Median area: 1335 sqft
Resale share: 98%
"
ura_d04_condominium_2026,ura_transaction,04,RCR,Condominium,2026,48,1890.5,"URA Private Residential — District 04 | Condominium | RCR | 2026
Transactions: 48
Median transacted price: SGD 2,456,500
Median price per sqft (PSF): SGD 1,890
Median area: 1302 sqft
Resale share: 98%
"
ura_d05_apartment_2021,ura_transaction,05,OCR,Apartment,2021,710,1688.0,"URA Private Residential — District 05 | Apartment | OCR | 2021
Transactions: 710
Median transacted price: SGD 2,059,000
Median price per sqft (PSF): SGD 1,688
Median area: 1238 sqft
Resale share: 5%
"
ura_d05_apartment_2022,ura_transaction,05,OCR,Apartment,2022,283,1750.0,"URA Private Residential — District 05 | Apartment | OCR | 2022
Transactions: 283
Median transacted price: SGD 2,300,000
Median price per sqft (PSF): SGD 1,750
Median area: 1281 sqft
Resale share: 22%
"
ura_d05_apartment_2023,ura_transaction,05,OCR,Apartment,2023,275,1942.0,"URA Private Residential — District 05 | Apartment | OCR | 2023
Transactions: 275
Median transacted price: SGD 1,500,000
Median price per sqft (PSF): SGD 1,942
Median area: 764 sqft
Resale share: 31%
"
ura_d05_apartment_2024,ura_transaction,05,OCR,Apartment,2024,483,1991.0,"URA Private Residential — District 05 | Apartment | OCR | 2024
Transactions: 483
Median transacted price: SGD 1,500,000
Median price per sqft (PSF): SGD 1,991
Median area: 753 sqft
Resale share: 29%
"
ura_d05_apartment_2025,ura_transaction,05,OCR,Apartment,2025,1006,2160.5,"URA Private Residential — District 05 | Apartment | OCR | 2025
Transactions: 1006
Median transacted price: SGD 1,764,000
Median price per sqft (PSF): SGD 2,160
Median area: 807 sqft
Resale share: 30%
"
ura_d05_apartment_2026,ura_transaction,05,OCR,Apartment,2026,106,2207.5,"URA Private Residential — District 05 | Apartment | OCR | 2026
Transactions: 106
Median transacted price: SGD 2,300,000
Median price per sqft (PSF): SGD 2,208
Median area: 1125 sqft
Resale share: 65%
"
ura_d05_apartment_2021,ura_transaction,05,RCR,Apartment,2021,934,1830.0,"URA Private Residential — District 05 | Apartment | RCR | 2021
Transactions: 934
Median transacted price: SGD 1,549,500
Median price per sqft (PSF): SGD 1,830
Median area: 845 sqft
Resale share: 9%
"
ura_d05_apartment_2022,ura_transaction,05,RCR,Apartment,2022,498,1856.0,"URA Private Residential — District 05 | Apartment | RCR | 2022
Transactions: 498
Median transacted price: SGD 1,790,000
Median price per sqft (PSF): SGD 1,856
Median area: 969 sqft
Resale share: 17%
"
ura_d05_apartment_2023,ura_transaction,05,RCR,Apartment,2023,352,2372.0,"URA Private Residential — District 05 | Apartment | RCR | 2023
Transactions: 352
Median transacted price: SGD 1,805,000
Median price per sqft (PSF): SGD 2,372
Median area: 834 sqft
Resale share: 21%
"
ura_d05_apartment_2024,ura_transaction,05,RCR,Apartment,2024,280,2094.5,"URA Private Residential — District 05 | Apartment | RCR | 2024
Transactions: 280
Median transacted price: SGD 1,885,944
Median price per sqft (PSF): SGD 2,094
Median area: 915 sqft
Resale share: 33%
"
ura_d05_apartment_2025,ura_transaction,05,RCR,Apartment,2025,924,2417.0,"URA Private Residential — District 05 | Apartment | RCR | 2025
Transactions: 924
Median transacted price: SGD 1,897,888
Median price per sqft (PSF): SGD 2,417
Median area: 850 sqft
Resale share: 14%
"
ura_d05_apartment_2026,ura_transaction,05,RCR,Apartment,2026,120,2138.5,"URA Private Residential — District 05 | Apartment | RCR | 2026
Transactions: 120
Median transacted price: SGD 2,130,000
Median price per sqft (PSF): SGD 2,138
Median area: 969 sqft
Resale share: 44%
"
ura_d05_condominium_2021,ura_transaction,05,OCR,Condominium,2021,266,1393.5,"URA Private Residential — District 05 | Condominium | OCR | 2021
Transactions: 266
Median transacted price: SGD 1,439,000
Median price per sqft (PSF): SGD 1,394
Median area: 1055 sqft
Resale share: 100%
"
ura_d05_condominium_2022,ura_transaction,05,OCR,Condominium,2022,311,1469.0,"URA Private Residential — District 05 | Condominium | OCR | 2022
Transactions: 311
Median transacted price: SGD 1,428,000
Median price per sqft (PSF): SGD 1,469
Median area: 990 sqft
Resale share: 100%
"
ura_d05_condominium_2023,ura_transaction,05,OCR,Condominium,2023,242,1583.5,"URA Private Residential — District 05 | Condominium | OCR | 2023
Transactions: 242
Median transacted price: SGD 1,490,000
Median price per sqft (PSF): SGD 1,584
Median area: 1022 sqft
Resale share: 100%
"
ura_d05_condominium_2024,ura_transaction,05,OCR,Condominium,2024,276,1623.5,"URA Private Residential — District 05 | Condominium | OCR | 2024
Transactions: 276
Median transacted price: SGD 1,639,444
Median price per sqft (PSF): SGD 1,624
Median area: 1124 sqft
Resale share: 100%
"
ura_d05_condominium_2025,ura_transaction,05,OCR,Condominium,2025,273,1672.0,"URA Private Residential — District 05 | Condominium | OCR | 2025
Transactions: 273
Median transacted price: SGD 1,620,000
Median price per sqft (PSF): SGD 1,672
Median area: 1055 sqft
Resale share: 100%
"
ura_d05_condominium_2026,ura_transaction,05,OCR,Condominium,2026,76,1734.5,"URA Private Residential — District 05 | Condominium | OCR | 2026
Transactions: 76
Median transacted price: SGD 1,870,000
Median price per sqft (PSF): SGD 1,734
Median area: 1174 sqft
Resale share: 100%
"
ura_d05_condominium_2021,ura_transaction,05,RCR,Condominium,2021,103,1264.0,"URA Private Residential — District 05 | Condominium | RCR | 2021
Transactions: 103
Median transacted price: SGD 1,468,000
Median price per sqft (PSF): SGD 1,264
Median area: 1163 sqft
Resale share: 100%
"
ura_d05_condominium_2022,ura_transaction,05,RCR,Condominium,2022,96,1343.5,"URA Private Residential — District 05 | Condominium | RCR | 2022
Transactions: 96
Median transacted price: SGD 1,510,000
Median price per sqft (PSF): SGD 1,344
Median area: 1163 sqft
Resale share: 100%
"
ura_d05_condominium_2023,ura_transaction,05,RCR,Condominium,2023,80,1501.0,"URA Private Residential — District 05 | Condominium | RCR | 2023
Transactions: 80
Median transacted price: SGD 1,790,000
Median price per sqft (PSF): SGD 1,501
Median area: 1195 sqft
Resale share: 100%
"
ura_d05_condominium_2024,ura_transaction,05,RCR,Condominium,2024,95,1589.0,"URA Private Residential — District 05 | Condominium | RCR | 2024
Transactions: 95
Median transacted price: SGD 1,920,000
Median price per sqft (PSF): SGD 1,589
Median area: 1206 sqft
Resale share: 100%
"
ura_d05_condominium_2025,ura_transaction,05,RCR,Condominium,2025,83,1540.0,"URA Private Residential — District 05 | Condominium | RCR | 2025
Transactions: 83
Median transacted price: SGD 1,800,000
Median price per sqft (PSF): SGD 1,540
Median area: 1109 sqft
Resale share: 100%
"
ura_d05_condominium_2026,ura_transaction,05,RCR,Condominium,2026,26,1503.5,"URA Private Residential — District 05 | Condominium | RCR | 2026
Transactions: 26
Median transacted price: SGD 1,825,000
Median price per sqft (PSF): SGD 1,504
Median area: 1158 sqft
Resale share: 100%
"
ura_d06_apartment_2021,ura_transaction,06,CCR,Apartment,2021,4,3075.0,"URA Private Residential — District 06 | Apartment | CCR | 2021
Transactions: 4
Median transacted price: SGD 9,896,888
Median price per sqft (PSF): SGD 3,075
Median area: 3218 sqft
Resale share: 100%
"
ura_d06_apartment_2021,ura_transaction,06,RCR,Apartment,2021,508,2865.0,"URA Private Residential — District 06 | Apartment | RCR | 2021
Transactions: 508
Median transacted price: SGD 1,586,500
Median price per sqft (PSF): SGD 2,865
Median area: 549 sqft
Resale share: 0%
"
ura_d06_apartment_2022,ura_transaction,06,RCR,Apartment,2022,67,2859.0,"URA Private Residential — District 06 | Apartment | RCR | 2022
Transactions: 67
Median transacted price: SGD 2,825,000
Median price per sqft (PSF): SGD 2,859
Median area: 893 sqft
Resale share: 0%
"
ura_d06_apartment_2023,ura_transaction,06,RCR,Apartment,2023,5,3102.0,"URA Private Residential — District 06 | Apartment | RCR | 2023
Transactions: 5
Median transacted price: SGD 8,648,000
Median price per sqft (PSF): SGD 3,102
Median area: 2788 sqft
Resale share: 0%
"
ura_d06_apartment_2024,ura_transaction,06,RCR,Apartment,2024,12,2873.5,"URA Private Residential — District 06 | Apartment | RCR | 2024
Transactions: 12
Median transacted price: SGD 3,770,000
Median price per sqft (PSF): SGD 2,874
Median area: 1286 sqft
Resale share: 0%
"
ura_d06_apartment_2025,ura_transaction,06,RCR,Apartment,2025,24,2904.5,"URA Private Residential — District 06 | Apartment | RCR | 2025
Transactions: 24
Median transacted price: SGD 5,668,500
Median price per sqft (PSF): SGD 2,904
Median area: 1959 sqft
Resale share: 0%
"
ura_d07_apartment_2021,ura_transaction,07,CCR,Apartment,2021,108,2570.0,"URA Private Residential — District 07 | Apartment | CCR | 2021
Transactions: 108
Median transacted price: SGD 2,026,344
Median price per sqft (PSF): SGD 2,570
Median area: 840 sqft
Resale share: 36%
"
ura_d07_apartment_2022,ura_transaction,07,CCR,Apartment,2022,143,2738.0,"URA Private Residential — District 07 | Apartment | CCR | 2022
Transactions: 143
Median transacted price: SGD 2,274,000
Median price per sqft (PSF): SGD 2,738
Median area: 904 sqft
Resale share: 24%
"
ura_d07_apartment_2023,ura_transaction,07,CCR,Apartment,2023,180,2896.5,"URA Private Residential — District 07 | Apartment | CCR | 2023
Transactions: 180
Median transacted price: SGD 2,388,395
Median price per sqft (PSF): SGD 2,896
Median area: 904 sqft
Resale share: 23%
"
ura_d07_apartment_2024,ura_transaction,07,CCR,Apartment,2024,93,2244.0,"URA Private Residential — District 07 | Apartment | CCR | 2024
Transactions: 93
Median transacted price: SGD 1,800,000
Median price per sqft (PSF): SGD 2,244
Median area: 818 sqft
Resale share: 63%
"
ura_d07_apartment_2025,ura_transaction,07,CCR,Apartment,2025,118,2786.0,"URA Private Residential — District 07 | Apartment | CCR | 2025
Transactions: 118
Median transacted price: SGD 2,049,802
Median price per sqft (PSF): SGD 2,786
Median area: 743 sqft
Resale share: 45%
"
ura_d07_apartment_2026,ura_transaction,07,CCR,Apartment,2026,50,2716.0,"URA Private Residential — District 07 | Apartment | CCR | 2026
Transactions: 50
Median transacted price: SGD 2,097,785
Median price per sqft (PSF): SGD 2,716
Median area: 786 sqft
Resale share: 46%
"
ura_d07_apartment_2021,ura_transaction,07,RCR,Apartment,2021,36,1620.0,"URA Private Residential — District 07 | Apartment | RCR | 2021
Transactions: 36
Median transacted price: SGD 1,244,000
Median price per sqft (PSF): SGD 1,620
Median area: 894 sqft
Resale share: 100%
"
ura_d07_apartment_2022,ura_transaction,07,RCR,Apartment,2022,39,1775.0,"URA Private Residential — District 07 | Apartment | RCR | 2022
Transactions: 39
Median transacted price: SGD 1,380,000
Median price per sqft (PSF): SGD 1,775
Median area: 883 sqft
Resale share: 100%
"
ura_d07_apartment_2023,ura_transaction,07,RCR,Apartment,2023,88,1610.5,"URA Private Residential — District 07 | Apartment | RCR | 2023
Transactions: 88
Median transacted price: SGD 1,476,215
Median price per sqft (PSF): SGD 1,610
Median area: 958 sqft
Resale share: 100%
"
ura_d07_apartment_2024,ura_transaction,07,RCR,Apartment,2024,53,1879.0,"URA Private Residential — District 07 | Apartment | RCR | 2024
Transactions: 53
Median transacted price: SGD 1,450,000
Median price per sqft (PSF): SGD 1,879
Median area: 840 sqft
Resale share: 100%
"
ura_d07_apartment_2025,ura_transaction,07,RCR,Apartment,2025,49,1922.0,"URA Private Residential — District 07 | Apartment | RCR | 2025
Transactions: 49
Median transacted price: SGD 1,525,000
Median price per sqft (PSF): SGD 1,922
Median area: 807 sqft
Resale share: 100%
"
ura_d07_apartment_2026,ura_transaction,07,RCR,Apartment,2026,13,1996.0,"URA Private Residential — District 07 | Apartment | RCR | 2026
Transactions: 13
Median transacted price: SGD 1,538,000
Median price per sqft (PSF): SGD 1,996
Median area: 904 sqft
Resale share: 100%
"
ura_d08_apartment_2021,ura_transaction,08,RCR,Apartment,2021,114,1486.0,"URA Private Residential — District 08 | Apartment | RCR | 2021
Transactions: 114
Median transacted price: SGD 1,189,000
Median price per sqft (PSF): SGD 1,486
Median area: 861 sqft
Resale share: 74%
"
ura_d08_apartment_2022,ura_transaction,08,RCR,Apartment,2022,465,2113.0,"URA Private Residential — District 08 | Apartment | RCR | 2022
Transactions: 465
Median transacted price: SGD 1,502,000
Median price per sqft (PSF): SGD 2,113
Median area: 710 sqft
Resale share: 22%
"
ura_d08_apartment_2023,ura_transaction,08,RCR,Apartment,2023,158,1759.0,"URA Private Residential — District 08 | Apartment | RCR | 2023
Transactions: 158
Median transacted price: SGD 1,485,000
Median price per sqft (PSF): SGD 1,759
Median area: 1119 sqft
Resale share: 58%
"
ura_d08_apartment_2024,ura_transaction,08,RCR,Apartment,2024,83,1549.0,"URA Private Residential — District 08 | Apartment | RCR | 2024
Transactions: 83
Median transacted price: SGD 1,250,000
Median price per sqft (PSF): SGD 1,549
Median area: 743 sqft
Resale share: 100%
"
ura_d08_apartment_2025,ura_transaction,08,RCR,Apartment,2025,98,1661.5,"URA Private Residential — District 08 | Apartment | RCR | 2025
Transactions: 98
Median transacted price: SGD 1,242,500
Median price per sqft (PSF): SGD 1,662
Median area: 775 sqft
Resale share: 94%
"
ura_d08_apartment_2026,ura_transaction,08,RCR,Apartment,2026,41,1905.0,"URA Private Residential — District 08 | Apartment | RCR | 2026
Transactions: 41
Median transacted price: SGD 1,400,000
Median price per sqft (PSF): SGD 1,905
Median area: 732 sqft
Resale share: 76%
"
ura_d08_condominium_2021,ura_transaction,08,RCR,Condominium,2021,113,1623.0,"URA Private Residential — District 08 | Condominium | RCR | 2021
Transactions: 113
Median transacted price: SGD 1,510,000
Median price per sqft (PSF): SGD 1,623
Median area: 990 sqft
Resale share: 85%
"
ura_d08_condominium_2022,ura_transaction,08,RCR,Condominium,2022,96,1709.0,"URA Private Residential — District 08 | Condominium | RCR | 2022
Transactions: 96
Median transacted price: SGD 1,603,864
Median price per sqft (PSF): SGD 1,709
Median area: 990 sqft
Resale share: 98%
"
ura_d08_condominium_2023,ura_transaction,08,RCR,Condominium,2023,88,1864.5,"URA Private Residential — District 08 | Condominium | RCR | 2023
Transactions: 88
Median transacted price: SGD 1,690,000
Median price per sqft (PSF): SGD 1,864
Median area: 968 sqft
Resale share: 100%
"
ura_d08_condominium_2024,ura_transaction,08,RCR,Condominium,2024,88,1935.0,"URA Private Residential — District 08 | Condominium | RCR | 2024
Transactions: 88
Median transacted price: SGD 1,780,000
Median price per sqft (PSF): SGD 1,935
Median area: 969 sqft
Resale share: 100%
"
ura_d08_condominium_2025,ura_transaction,08,RCR,Condominium,2025,90,2001.0,"URA Private Residential — District 08 | Condominium | RCR | 2025
Transactions: 90
Median transacted price: SGD 1,900,000
Median price per sqft (PSF): SGD 2,001
Median area: 1012 sqft
Resale share: 100%
"
ura_d08_condominium_2026,ura_transaction,08,RCR,Condominium,2026,20,1763.5,"URA Private Residential — District 08 | Condominium | RCR | 2026
Transactions: 20
Median transacted price: SGD 1,907,500
Median price per sqft (PSF): SGD 1,764
Median area: 1017 sqft
Resale share: 100%
"
ura_d09_apartment_2021,ura_transaction,09,CCR,Apartment,2021,507,2304.0,"URA Private Residential — District 09 | Apartment | CCR | 2021
Transactions: 507
Median transacted price: SGD 1,980,000
Median price per sqft (PSF): SGD 2,304
Median area: 915 sqft
Resale share: 62%
"
ura_d09_apartment_2022,ura_transaction,09,CCR,Apartment,2022,614,2409.0,"URA Private Residential — District 09 | Apartment | CCR | 2022
Transactions: 614
Median transacted price: SGD 2,179,500
Median price per sqft (PSF): SGD 2,409
Median area: 947 sqft
Resale share: 56%
"
ura_d09_apartment_2023,ura_transaction,09,CCR,Apartment,2023,564,2630.0,"URA Private Residential — District 09 | Apartment | CCR | 2023
Transactions: 564
Median transacted price: SGD 2,388,435
Median price per sqft (PSF): SGD 2,630
Median area: 936 sqft
Resale share: 45%
"
ura_d09_apartment_2024,ura_transaction,09,CCR,Apartment,2024,474,2360.0,"URA Private Residential — District 09 | Apartment | CCR | 2024
Transactions: 474
Median transacted price: SGD 2,128,000
Median price per sqft (PSF): SGD 2,360
Median area: 904 sqft
Resale share: 68%
"
ura_d09_apartment_2025,ura_transaction,09,CCR,Apartment,2025,1183,3001.0,"URA Private Residential — District 09 | Apartment | CCR | 2025
Transactions: 1183
Median transacted price: SGD 2,050,000
Median price per sqft (PSF): SGD 3,001
Median area: 689 sqft
Resale share: 32%
"
ura_d09_apartment_2026,ura_transaction,09,CCR,Apartment,2026,542,3166.0,"URA Private Residential — District 09 | Apartment | CCR | 2026
Transactions: 542
Median transacted price: SGD 2,516,000
Median price per sqft (PSF): SGD 3,166
Median area: 829 sqft
Resale share: 17%
"
ura_d09_condominium_2021,ura_transaction,09,CCR,Condominium,2021,440,2562.5,"URA Private Residential — District 09 | Condominium | CCR | 2021
Transactions: 440
Median transacted price: SGD 3,433,444
Median price per sqft (PSF): SGD 2,562
Median area: 1399 sqft
Resale share: 62%
"
ura_d09_condominium_2022,ura_transaction,09,CCR,Condominium,2022,509,2645.0,"URA Private Residential — District 09 | Condominium | CCR | 2022
Transactions: 509
Median transacted price: SGD 2,718,000
Median price per sqft (PSF): SGD 2,645
Median area: 1119 sqft
Resale share: 49%
"
ura_d09_condominium_2023,ura_transaction,09,CCR,Condominium,2023,281,2465.0,"URA Private Residential — District 09 | Condominium | CCR | 2023
Transactions: 281
Median transacted price: SGD 2,460,000
Median price per sqft (PSF): SGD 2,465
Median area: 1033 sqft
Resale share: 74%
"
ura_d09_condominium_2024,ura_transaction,09,CCR,Condominium,2024,288,2304.5,"URA Private Residential — District 09 | Condominium | CCR | 2024
Transactions: 288
Median transacted price: SGD 3,121,950
Median price per sqft (PSF): SGD 2,304
Median area: 1345 sqft
Resale share: 99%
"
ura_d09_condominium_2025,ura_transaction,09,CCR,Condominium,2025,366,2359.0,"URA Private Residential — District 09 | Condominium | CCR | 2025
Transactions: 366
Median transacted price: SGD 3,210,000
Median price per sqft (PSF): SGD 2,359
Median area: 1324 sqft
Resale share: 96%
"
ura_d09_condominium_2026,ura_transaction,09,CCR,Condominium,2026,95,2515.0,"URA Private Residential — District 09 | Condominium | CCR | 2026
Transactions: 95
Median transacted price: SGD 3,690,000
Median price per sqft (PSF): SGD 2,515
Median area: 1410 sqft
Resale share: 100%
"
ura_d10_apartment_2021,ura_transaction,10,CCR,Apartment,2021,593,2423.0,"URA Private Residential — District 10 | Apartment | CCR | 2021
Transactions: 593
Median transacted price: SGD 2,150,000
Median price per sqft (PSF): SGD 2,423
Median area: 915 sqft
Resale share: 35%
"
ura_d10_apartment_2022,ura_transaction,10,CCR,Apartment,2022,677,2732.0,"URA Private Residential — District 10 | Apartment | CCR | 2022
Transactions: 677
Median transacted price: SGD 2,359,280
Median price per sqft (PSF): SGD 2,732
Median area: 947 sqft
Resale share: 30%
"
ura_d10_apartment_2023,ura_transaction,10,CCR,Apartment,2023,487,2711.0,"URA Private Residential — District 10 | Apartment | CCR | 2023
Transactions: 487
Median transacted price: SGD 2,275,000
Median price per sqft (PSF): SGD 2,711
Median area: 797 sqft
Resale share: 52%
"
ura_d10_apartment_2024,ura_transaction,10,CCR,Apartment,2024,329,2346.0,"URA Private Residential — District 10 | Apartment | CCR | 2024
Transactions: 329
Median transacted price: SGD 2,528,000
Median price per sqft (PSF): SGD 2,346
Median area: 969 sqft
Resale share: 78%
"
ura_d10_apartment_2025,ura_transaction,10,CCR,Apartment,2025,1163,2957.0,"URA Private Residential — District 10 | Apartment | CCR | 2025
Transactions: 1163
Median transacted price: SGD 2,331,000
Median price per sqft (PSF): SGD 2,957
Median area: 764 sqft
Resale share: 22%
"
ura_d10_apartment_2026,ura_transaction,10,CCR,Apartment,2026,102,2512.5,"URA Private Residential — District 10 | Apartment | CCR | 2026
Transactions: 102
Median transacted price: SGD 2,659,500
Median price per sqft (PSF): SGD 2,512
Median area: 1141 sqft
Resale share: 70%
"
ura_d10_condominium_2021,ura_transaction,10,CCR,Condominium,2021,952,2342.5,"URA Private Residential — District 10 | Condominium | CCR | 2021
Transactions: 952
Median transacted price: SGD 2,389,500
Median price per sqft (PSF): SGD 2,342
Median area: 1076 sqft
Resale share: 58%
"
ura_d10_condominium_2022,ura_transaction,10,CCR,Condominium,2022,1049,2607.0,"URA Private Residential — District 10 | Condominium | CCR | 2022
Transactions: 1049
Median transacted price: SGD 2,435,110
Median price per sqft (PSF): SGD 2,607
Median area: 1055 sqft
Resale share: 57%
"
ura_d10_condominium_2023,ura_transaction,10,CCR,Condominium,2023,726,2375.5,"URA Private Residential — District 10 | Condominium | CCR | 2023
Transactions: 726
Median transacted price: SGD 2,330,000
Median price per sqft (PSF): SGD 2,376
Median area: 1055 sqft
Resale share: 66%
"
ura_d10_condominium_2024,ura_transaction,10,CCR,Condominium,2024,644,2234.5,"URA Private Residential — District 10 | Condominium | CCR | 2024
Transactions: 644
Median transacted price: SGD 2,803,000
Median price per sqft (PSF): SGD 2,234
Median area: 1232 sqft
Resale share: 96%
"
ura_d10_condominium_2025,ura_transaction,10,CCR,Condominium,2025,583,2231.0,"URA Private Residential — District 10 | Condominium | CCR | 2025
Transactions: 583
Median transacted price: SGD 3,248,000
Median price per sqft (PSF): SGD 2,231
Median area: 1464 sqft
Resale share: 95%
"
ura_d10_condominium_2026,ura_transaction,10,CCR,Condominium,2026,160,2261.5,"URA Private Residential — District 10 | Condominium | CCR | 2026
Transactions: 160
Median transacted price: SGD 3,475,000
Median price per sqft (PSF): SGD 2,262
Median area: 1582 sqft
Resale share: 99%
"
ura_d11_apartment_2021,ura_transaction,11,CCR,Apartment,2021,250,1832.5,"URA Private Residential — District 11 | Apartment | CCR | 2021
Transactions: 250
Median transacted price: SGD 1,912,500
Median price per sqft (PSF): SGD 1,832
Median area: 1001 sqft
Resale share: 75%
"
ura_d11_apartment_2022,ura_transaction,11,CCR,Apartment,2022,319,2323.0,"URA Private Residential — District 11 | Apartment | CCR | 2022
Transactions: 319
Median transacted price: SGD 1,800,000
Median price per sqft (PSF): SGD 2,323
Median area: 797 sqft
Resale share: 47%
"
ura_d11_apartment_2023,ura_transaction,11,CCR,Apartment,2023,224,2170.5,"URA Private Residential — District 11 | Apartment | CCR | 2023
Transactions: 224
Median transacted price: SGD 2,000,000
Median price per sqft (PSF): SGD 2,170
Median area: 861 sqft
Resale share: 58%
"
ura_d11_apartment_2024,ura_transaction,11,CCR,Apartment,2024,152,2104.0,"URA Private Residential — District 11 | Apartment | CCR | 2024
Transactions: 152
Median transacted price: SGD 2,057,774
Median price per sqft (PSF): SGD 2,104
Median area: 980 sqft
Resale share: 78%
"
ura_d11_apartment_2025,ura_transaction,11,CCR,Apartment,2025,175,2139.0,"URA Private Residential — District 11 | Apartment | CCR | 2025
Transactions: 175
Median transacted price: SGD 2,200,000
Median price per sqft (PSF): SGD 2,139
Median area: 1001 sqft
Resale share: 80%
"
ura_d11_apartment_2026,ura_transaction,11,CCR,Apartment,2026,48,2178.0,"URA Private Residential — District 11 | Apartment | CCR | 2026
Transactions: 48
Median transacted price: SGD 2,350,000
Median price per sqft (PSF): SGD 2,178
Median area: 1060 sqft
Resale share: 79%
"
ura_d11_condominium_2021,ura_transaction,11,CCR,Condominium,2021,231,1734.0,"URA Private Residential — District 11 | Condominium | CCR | 2021
Transactions: 231
Median transacted price: SGD 2,400,000
Median price per sqft (PSF): SGD 1,734
Median area: 1421 sqft
Resale share: 97%
"
ura_d11_condominium_2022,ura_transaction,11,CCR,Condominium,2022,215,1897.0,"URA Private Residential — District 11 | Condominium | CCR | 2022
Transactions: 215
Median transacted price: SGD 2,400,000
Median price per sqft (PSF): SGD 1,897
Median area: 1238 sqft
Resale share: 83%
"
ura_d11_condominium_2023,ura_transaction,11,CCR,Condominium,2023,243,2202.0,"URA Private Residential — District 11 | Condominium | CCR | 2023
Transactions: 243
Median transacted price: SGD 2,688,000
Median price per sqft (PSF): SGD 2,202
Median area: 1163 sqft
Resale share: 65%
"
ura_d11_condominium_2024,ura_transaction,11,CCR,Condominium,2024,198,2003.5,"URA Private Residential — District 11 | Condominium | CCR | 2024
Transactions: 198
Median transacted price: SGD 2,600,000
Median price per sqft (PSF): SGD 2,004
Median area: 1350 sqft
Resale share: 98%
"
ura_d11_condominium_2025,ura_transaction,11,CCR,Condominium,2025,218,2073.0,"URA Private Residential — District 11 | Condominium | CCR | 2025
Transactions: 218
Median transacted price: SGD 2,775,000
Median price per sqft (PSF): SGD 2,073
Median area: 1410 sqft
Resale share: 100%
"
ura_d11_condominium_2026,ura_transaction,11,CCR,Condominium,2026,49,2054.0,"URA Private Residential — District 11 | Condominium | CCR | 2026
Transactions: 49
Median transacted price: SGD 2,700,000
Median price per sqft (PSF): SGD 2,054
Median area: 1399 sqft
Resale share: 96%
"
ura_d12_apartment_2021,ura_transaction,12,RCR,Apartment,2021,328,1437.5,"URA Private Residential — District 12 | Apartment | RCR | 2021
Transactions: 328
Median transacted price: SGD 1,164,000
Median price per sqft (PSF): SGD 1,438
Median area: 818 sqft
Resale share: 86%
"
ura_d12_apartment_2022,ura_transaction,12,RCR,Apartment,2022,351,1539.0,"URA Private Residential — District 12 | Apartment | RCR | 2022
Transactions: 351
Median transacted price: SGD 1,373,000
Median price per sqft (PSF): SGD 1,539
Median area: 807 sqft
Resale share: 77%
"
ura_d12_apartment_2023,ura_transaction,12,RCR,Apartment,2023,271,1552.0,"URA Private Residential — District 12 | Apartment | RCR | 2023
Transactions: 271
Median transacted price: SGD 1,258,000
Median price per sqft (PSF): SGD 1,552
Median area: 818 sqft
Resale share: 96%
"
ura_d12_apartment_2024,ura_transaction,12,RCR,Apartment,2024,340,1649.5,"URA Private Residential — District 12 | Apartment | RCR | 2024
Transactions: 340
Median transacted price: SGD 1,480,000
Median price per sqft (PSF): SGD 1,650
Median area: 840 sqft
Resale share: 81%
"
ura_d12_apartment_2025,ura_transaction,12,RCR,Apartment,2025,251,1630.0,"URA Private Residential — District 12 | Apartment | RCR | 2025
Transactions: 251
Median transacted price: SGD 1,468,000
Median price per sqft (PSF): SGD 1,630
Median area: 893 sqft
Resale share: 94%
"
ura_d12_apartment_2026,ura_transaction,12,RCR,Apartment,2026,62,1652.5,"URA Private Residential — District 12 | Apartment | RCR | 2026
Transactions: 62
Median transacted price: SGD 1,483,000
Median price per sqft (PSF): SGD 1,652
Median area: 915 sqft
Resale share: 90%
"
ura_d12_condominium_2021,ura_transaction,12,RCR,Condominium,2021,167,1522.0,"URA Private Residential — District 12 | Condominium | RCR | 2021
Transactions: 167
Median transacted price: SGD 1,378,000
Median price per sqft (PSF): SGD 1,522
Median area: 980 sqft
Resale share: 79%
"
ura_d12_condominium_2022,ura_transaction,12,RCR,Condominium,2022,184,1631.0,"URA Private Residential — District 12 | Condominium | RCR | 2022
Transactions: 184
Median transacted price: SGD 1,505,000
Median price per sqft (PSF): SGD 1,631
Median area: 947 sqft
Resale share: 76%
"
ura_d12_condominium_2023,ura_transaction,12,RCR,Condominium,2023,132,1777.5,"URA Private Residential — District 12 | Condominium | RCR | 2023
Transactions: 132
Median transacted price: SGD 1,640,000
Median price per sqft (PSF): SGD 1,778
Median area: 936 sqft
Resale share: 71%
"
ura_d12_condominium_2024,ura_transaction,12,RCR,Condominium,2024,152,1848.0,"URA Private Residential — District 12 | Condominium | RCR | 2024
Transactions: 152
Median transacted price: SGD 1,705,000
Median price per sqft (PSF): SGD 1,848
Median area: 980 sqft
Resale share: 87%
"
ura_d12_condominium_2025,ura_transaction,12,RCR,Condominium,2025,466,2521.5,"URA Private Residential — District 12 | Condominium | RCR | 2025
Transactions: 466
Median transacted price: SGD 2,460,000
Median price per sqft (PSF): SGD 2,522
Median area: 1044 sqft
Resale share: 33%
"
ura_d12_condominium_2026,ura_transaction,12,RCR,Condominium,2026,37,1914.0,"URA Private Residential — District 12 | Condominium | RCR | 2026
Transactions: 37
Median transacted price: SGD 1,756,000
Median price per sqft (PSF): SGD 1,914
Median area: 936 sqft
Resale share: 92%
"
ura_d13_apartment_2021,ura_transaction,13,OCR,Apartment,2021,17,1383.0,"URA Private Residential — District 13 | Apartment | OCR | 2021
Transactions: 17
Median transacted price: SGD 980,000
Median price per sqft (PSF): SGD 1,383
Median area: 700 sqft
Resale share: 100%
"
ura_d13_apartment_2022,ura_transaction,13,OCR,Apartment,2022,16,1357.5,"URA Private Residential — District 13 | Apartment | OCR | 2022
Transactions: 16
Median transacted price: SGD 977,500
Median price per sqft (PSF): SGD 1,358
Median area: 754 sqft
Resale share: 100%
"
ura_d13_apartment_2023,ura_transaction,13,OCR,Apartment,2023,26,1415.0,"URA Private Residential — District 13 | Apartment | OCR | 2023
Transactions: 26
Median transacted price: SGD 1,301,500
Median price per sqft (PSF): SGD 1,415
Median area: 882 sqft
Resale share: 100%
"
ura_d13_apartment_2024,ura_transaction,13,OCR,Apartment,2024,22,1510.0,"URA Private Residential — District 13 | Apartment | OCR | 2024
Transactions: 22
Median transacted price: SGD 1,534,000
Median price per sqft (PSF): SGD 1,510
Median area: 936 sqft
Resale share: 100%
"
ura_d13_apartment_2025,ura_transaction,13,OCR,Apartment,2025,25,1548.0,"URA Private Residential — District 13 | Apartment | OCR | 2025
Transactions: 25
Median transacted price: SGD 1,550,000
Median price per sqft (PSF): SGD 1,548
Median area: 936 sqft
Resale share: 100%
"
ura_d13_apartment_2021,ura_transaction,13,RCR,Apartment,2021,240,2089.0,"URA Private Residential — District 13 | Apartment | RCR | 2021
Transactions: 240
Median transacted price: SGD 1,790,000
Median price per sqft (PSF): SGD 2,089
Median area: 850 sqft
Resale share: 37%
"
ura_d13_apartment_2022,ura_transaction,13,RCR,Apartment,2022,252,2059.0,"URA Private Residential — District 13 | Apartment | RCR | 2022
Transactions: 252
Median transacted price: SGD 1,698,000
Median price per sqft (PSF): SGD 2,059
Median area: 856 sqft
Resale share: 44%
"
ura_d13_apartment_2023,ura_transaction,13,RCR,Apartment,2023,112,1939.0,"URA Private Residential — District 13 | Apartment | RCR | 2023
Transactions: 112
Median transacted price: SGD 1,605,000
Median price per sqft (PSF): SGD 1,939
Median area: 850 sqft
Resale share: 65%
"
ura_d13_apartment_2024,ura_transaction,13,RCR,Apartment,2024,116,2018.0,"URA Private Residential — District 13 | Apartment | RCR | 2024
Transactions: 116
Median transacted price: SGD 1,500,000
Median price per sqft (PSF): SGD 2,018
Median area: 700 sqft
Resale share: 64%
"
ura_d13_apartment_2025,ura_transaction,13,RCR,Apartment,2025,128,1980.5,"URA Private Residential — District 13 | Apartment | RCR | 2025
Transactions: 128
Median transacted price: SGD 1,598,900
Median price per sqft (PSF): SGD 1,980
Median area: 840 sqft
Resale share: 75%
"
ura_d13_apartment_2026,ura_transaction,13,RCR,Apartment,2026,37,1952.0,"URA Private Residential — District 13 | Apartment | RCR | 2026
Transactions: 37
Median transacted price: SGD 1,588,000
Median price per sqft (PSF): SGD 1,952
Median area: 700 sqft
Resale share: 81%
"
ura_d13_condominium_2021,ura_transaction,13,RCR,Condominium,2021,146,1539.5,"URA Private Residential — District 13 | Condominium | RCR | 2021
Transactions: 146
Median transacted price: SGD 1,320,000
Median price per sqft (PSF): SGD 1,540
Median area: 840 sqft
Resale share: 86%
"
ura_d13_condominium_2022,ura_transaction,13,RCR,Condominium,2022,195,1671.0,"URA Private Residential — District 13 | Condominium | RCR | 2022
Transactions: 195
Median transacted price: SGD 1,330,000
Median price per sqft (PSF): SGD 1,671
Median area: 797 sqft
Resale share: 61%
"
ura_d13_condominium_2023,ura_transaction,13,RCR,Condominium,2023,275,1845.0,"URA Private Residential — District 13 | Condominium | RCR | 2023
Transactions: 275
Median transacted price: SGD 1,390,000
Median price per sqft (PSF): SGD 1,845
Median area: 721 sqft
Resale share: 58%
"
ura_d13_condominium_2024,ura_transaction,13,RCR,Condominium,2024,220,1894.5,"URA Private Residential — District 13 | Condominium | RCR | 2024
Transactions: 220
Median transacted price: SGD 1,500,000
Median price per sqft (PSF): SGD 1,894
Median area: 808 sqft
Resale share: 89%
"
ura_d13_condominium_2025,ura_transaction,13,RCR,Condominium,2025,226,1991.5,"URA Private Residential — District 13 | Condominium | RCR | 2025
Transactions: 226
Median transacted price: SGD 1,464,000
Median price per sqft (PSF): SGD 1,992
Median area: 743 sqft
Resale share: 100%
"
ura_d13_condominium_2026,ura_transaction,13,RCR,Condominium,2026,42,2023.5,"URA Private Residential — District 13 | Condominium | RCR | 2026
Transactions: 42
Median transacted price: SGD 1,519,444
Median price per sqft (PSF): SGD 2,024
Median area: 743 sqft
Resale share: 100%
"
ura_d14_apartment_2021,ura_transaction,14,OCR,Apartment,2021,68,1446.5,"URA Private Residential — District 14 | Apartment | OCR | 2021
Transactions: 68
Median transacted price: SGD 1,371,000
Median price per sqft (PSF): SGD 1,446
Median area: 996 sqft
Resale share: 65%
"
ura_d14_apartment_2022,ura_transaction,14,OCR,Apartment,2022,70,1465.0,"URA Private Residential — District 14 | Apartment | OCR | 2022
Transactions: 70
Median transacted price: SGD 1,080,000
Median price per sqft (PSF): SGD 1,465
Median area: 861 sqft
Resale share: 81%
"
ura_d14_apartment_2023,ura_transaction,14,OCR,Apartment,2023,46,1434.0,"URA Private Residential — District 14 | Apartment | OCR | 2023
Transactions: 46
Median transacted price: SGD 1,110,000
Median price per sqft (PSF): SGD 1,434
Median area: 716 sqft
Resale share: 100%
"
ura_d14_apartment_2024,ura_transaction,14,OCR,Apartment,2024,48,1549.5,"URA Private Residential — District 14 | Apartment | OCR | 2024
Transactions: 48
Median transacted price: SGD 1,227,500
Median price per sqft (PSF): SGD 1,550
Median area: 850 sqft
Resale share: 96%
"
ura_d14_apartment_2025,ura_transaction,14,OCR,Apartment,2025,43,1624.0,"URA Private Residential — District 14 | Apartment | OCR | 2025
Transactions: 43
Median transacted price: SGD 1,415,000
Median price per sqft (PSF): SGD 1,624
Median area: 1001 sqft
Resale share: 100%
"
ura_d14_apartment_2026,ura_transaction,14,OCR,Apartment,2026,14,1569.5,"URA Private Residential — District 14 | Apartment | OCR | 2026
Transactions: 14
Median transacted price: SGD 1,474,000
Median price per sqft (PSF): SGD 1,570
Median area: 904 sqft
Resale share: 100%
"
ura_d14_apartment_2021,ura_transaction,14,RCR,Apartment,2021,631,1646.0,"URA Private Residential — District 14 | Apartment | RCR | 2021
Transactions: 631
Median transacted price: SGD 1,273,000
Median price per sqft (PSF): SGD 1,646
Median area: 743 sqft
Resale share: 43%
"
ura_d14_apartment_2022,ura_transaction,14,RCR,Apartment,2022,500,1529.5,"URA Private Residential — District 14 | Apartment | RCR | 2022
Transactions: 500
Median transacted price: SGD 1,200,000
Median price per sqft (PSF): SGD 1,530
Median area: 721 sqft
Resale share: 60%
"
ura_d14_apartment_2023,ura_transaction,14,RCR,Apartment,2023,418,1629.5,"URA Private Residential — District 14 | Apartment | RCR | 2023
Transactions: 418
Median transacted price: SGD 1,180,000
Median price per sqft (PSF): SGD 1,630
Median area: 667 sqft
Resale share: 69%
"
ura_d14_apartment_2024,ura_transaction,14,RCR,Apartment,2024,558,1885.0,"URA Private Residential — District 14 | Apartment | RCR | 2024
Transactions: 558
Median transacted price: SGD 1,400,000
Median price per sqft (PSF): SGD 1,885
Median area: 743 sqft
Resale share: 77%
"
ura_d14_apartment_2025,ura_transaction,14,RCR,Apartment,2025,504,2010.5,"URA Private Residential — District 14 | Apartment | RCR | 2025
Transactions: 504
Median transacted price: SGD 1,440,000
Median price per sqft (PSF): SGD 2,010
Median area: 732 sqft
Resale share: 80%
"
ura_d14_apartment_2026,ura_transaction,14,RCR,Apartment,2026,87,1820.0,"URA Private Residential — District 14 | Apartment | RCR | 2026
Transactions: 87
Median transacted price: SGD 1,405,000
Median price per sqft (PSF): SGD 1,820
Median area: 732 sqft
Resale share: 92%
"
ura_d14_condominium_2021,ura_transaction,14,OCR,Condominium,2021,186,1292.0,"URA Private Residential — District 14 | Condominium | OCR | 2021
Transactions: 186
Median transacted price: SGD 1,248,470
Median price per sqft (PSF): SGD 1,292
Median area: 840 sqft
Resale share: 65%
"
ura_d14_condominium_2022,ura_transaction,14,OCR,Condominium,2022,228,1374.5,"URA Private Residential — District 14 | Condominium | OCR | 2022
Transactions: 228
Median transacted price: SGD 1,336,940
Median price per sqft (PSF): SGD 1,374
Median area: 883 sqft
Resale share: 60%
"
ura_d14_condominium_2023,ura_transaction,14,OCR,Condominium,2023,120,1430.5,"URA Private Residential — District 14 | Condominium | OCR | 2023
Transactions: 120
Median transacted price: SGD 1,295,000
Median price per sqft (PSF): SGD 1,430
Median area: 883 sqft
Resale share: 87%
"
ura_d14_condominium_2024,ura_transaction,14,OCR,Condominium,2024,98,1434.0,"URA Private Residential — District 14 | Condominium | OCR | 2024
Transactions: 98
Median transacted price: SGD 1,307,500
Median price per sqft (PSF): SGD 1,434
Median area: 904 sqft
Resale share: 100%
"
ura_d14_condominium_2025,ura_transaction,14,OCR,Condominium,2025,116,1412.5,"URA Private Residential — District 14 | Condominium | OCR | 2025
Transactions: 116
Median transacted price: SGD 1,311,000
Median price per sqft (PSF): SGD 1,412
Median area: 947 sqft
Resale share: 100%
"
ura_d14_condominium_2026,ura_transaction,14,OCR,Condominium,2026,31,1482.0,"URA Private Residential — District 14 | Condominium | OCR | 2026
Transactions: 31
Median transacted price: SGD 1,500,000
Median price per sqft (PSF): SGD 1,482
Median area: 1012 sqft
Resale share: 100%
"
ura_d14_condominium_2021,ura_transaction,14,RCR,Condominium,2021,126,1563.5,"URA Private Residential — District 14 | Condominium | RCR | 2021
Transactions: 126
Median transacted price: SGD 1,365,000
Median price per sqft (PSF): SGD 1,564
Median area: 947 sqft
Resale share: 100%
"
ura_d14_condominium_2022,ura_transaction,14,RCR,Condominium,2022,181,1649.0,"URA Private Residential — District 14 | Condominium | RCR | 2022
Transactions: 181
Median transacted price: SGD 1,260,000
Median price per sqft (PSF): SGD 1,649
Median area: 786 sqft
Resale share: 100%
"
ura_d14_condominium_2023,ura_transaction,14,RCR,Condominium,2023,133,1721.0,"URA Private Residential — District 14 | Condominium | RCR | 2023
Transactions: 133
Median transacted price: SGD 1,444,608
Median price per sqft (PSF): SGD 1,721
Median area: 958 sqft
Resale share: 100%
"
ura_d14_condominium_2024,ura_transaction,14,RCR,Condominium,2024,159,1810.0,"URA Private Residential — District 14 | Condominium | RCR | 2024
Transactions: 159
Median transacted price: SGD 1,496,000
Median price per sqft (PSF): SGD 1,810
Median area: 947 sqft
Resale share: 100%
"
ura_d14_condominium_2025,ura_transaction,14,RCR,Condominium,2025,143,1900.0,"URA Private Residential — District 14 | Condominium | RCR | 2025
Transactions: 143
Median transacted price: SGD 1,696,000
Median price per sqft (PSF): SGD 1,900
Median area: 947 sqft
Resale share: 100%
"
ura_d14_condominium_2026,ura_transaction,14,RCR,Condominium,2026,33,1919.0,"URA Private Residential — District 14 | Condominium | RCR | 2026
Transactions: 33
Median transacted price: SGD 1,860,000
Median price per sqft (PSF): SGD 1,919
Median area: 1023 sqft
Resale share: 100%
"
ura_d15_apartment_2021,ura_transaction,15,OCR,Apartment,2021,314,1345.0,"URA Private Residential — District 15 | Apartment | OCR | 2021
Transactions: 314
Median transacted price: SGD 1,346,500
Median price per sqft (PSF): SGD 1,345
Median area: 1023 sqft
Resale share: 73%
"
ura_d15_apartment_2022,ura_transaction,15,OCR,Apartment,2022,339,1417.0,"URA Private Residential — District 15 | Apartment | OCR | 2022
Transactions: 339
Median transacted price: SGD 1,525,000
Median price per sqft (PSF): SGD 1,417
Median area: 1066 sqft
Resale share: 76%
"
ura_d15_apartment_2023,ura_transaction,15,OCR,Apartment,2023,239,1523.0,"URA Private Residential — District 15 | Apartment | OCR | 2023
Transactions: 239
Median transacted price: SGD 1,550,000
Median price per sqft (PSF): SGD 1,523
Median area: 1055 sqft
Resale share: 94%
"
ura_d15_apartment_2024,ura_transaction,15,OCR,Apartment,2024,302,1542.0,"URA Private Residential — District 15 | Apartment | OCR | 2024
Transactions: 302
Median transacted price: SGD 1,684,444
Median price per sqft (PSF): SGD 1,542
Median area: 1163 sqft
Resale share: 96%
"
ura_d15_apartment_2025,ura_transaction,15,OCR,Apartment,2025,268,1611.0,"URA Private Residential — District 15 | Apartment | OCR | 2025
Transactions: 268
Median transacted price: SGD 1,690,444
Median price per sqft (PSF): SGD 1,611
Median area: 1087 sqft
Resale share: 94%
"
ura_d15_apartment_2026,ura_transaction,15,OCR,Apartment,2026,61,1628.0,"URA Private Residential — District 15 | Apartment | OCR | 2026
Transactions: 61
Median transacted price: SGD 1,850,000
Median price per sqft (PSF): SGD 1,628
Median area: 1109 sqft
Resale share: 97%
"
ura_d15_apartment_2021,ura_transaction,15,RCR,Apartment,2021,445,1632.0,"URA Private Residential — District 15 | Apartment | RCR | 2021
Transactions: 445
Median transacted price: SGD 1,580,000
Median price per sqft (PSF): SGD 1,632
Median area: 1001 sqft
Resale share: 63%
"
ura_d15_apartment_2022,ura_transaction,15,RCR,Apartment,2022,463,1765.0,"URA Private Residential — District 15 | Apartment | RCR | 2022
Transactions: 463
Median transacted price: SGD 1,780,000
Median price per sqft (PSF): SGD 1,765
Median area: 1023 sqft
Resale share: 61%
"
ura_d15_apartment_2023,ura_transaction,15,RCR,Apartment,2023,1185,2544.0,"URA Private Residential — District 15 | Apartment | RCR | 2023
Transactions: 1185
Median transacted price: SGD 1,935,000
Median price per sqft (PSF): SGD 2,544
Median area: 775 sqft
Resale share: 19%
"
ura_d15_apartment_2024,ura_transaction,15,RCR,Apartment,2024,789,2681.0,"URA Private Residential — District 15 | Apartment | RCR | 2024
Transactions: 789
Median transacted price: SGD 2,263,000
Median price per sqft (PSF): SGD 2,681
Median area: 947 sqft
Resale share: 33%
"
ura_d15_apartment_2025,ura_transaction,15,RCR,Apartment,2025,694,2498.5,"URA Private Residential — District 15 | Apartment | RCR | 2025
Transactions: 694
Median transacted price: SGD 2,460,500
Median price per sqft (PSF): SGD 2,498
Median area: 1066 sqft
Resale share: 37%
"
ura_d15_apartment_2026,ura_transaction,15,RCR,Apartment,2026,246,2663.0,"URA Private Residential — District 15 | Apartment | RCR | 2026
Transactions: 246
Median transacted price: SGD 2,999,000
Median price per sqft (PSF): SGD 2,663
Median area: 1087 sqft
Resale share: 26%
"
ura_d15_condominium_2021,ura_transaction,15,OCR,Condominium,2021,151,1456.0,"URA Private Residential — District 15 | Condominium | OCR | 2021
Transactions: 151
Median transacted price: SGD 1,730,000
Median price per sqft (PSF): SGD 1,456
Median area: 1238 sqft
Resale share: 100%
"
ura_d15_condominium_2022,ura_transaction,15,OCR,Condominium,2022,142,1511.0,"URA Private Residential — District 15 | Condominium | OCR | 2022
Transactions: 142
Median transacted price: SGD 1,825,000
Median price per sqft (PSF): SGD 1,511
Median area: 1264 sqft
Resale share: 100%
"
ura_d15_condominium_2023,ura_transaction,15,OCR,Condominium,2023,116,1651.0,"URA Private Residential — District 15 | Condominium | OCR | 2023
Transactions: 116
Median transacted price: SGD 2,038,444
Median price per sqft (PSF): SGD 1,651
Median area: 1216 sqft
Resale share: 100%
"
ura_d15_condominium_2024,ura_transaction,15,OCR,Condominium,2024,141,1597.0,"URA Private Residential — District 15 | Condominium | OCR | 2024
Transactions: 141
Median transacted price: SGD 2,100,000
Median price per sqft (PSF): SGD 1,597
Median area: 1281 sqft
Resale share: 100%
"
ura_d15_condominium_2025,ura_transaction,15,OCR,Condominium,2025,145,1691.0,"URA Private Residential — District 15 | Condominium | OCR | 2025
Transactions: 145
Median transacted price: SGD 2,180,800
Median price per sqft (PSF): SGD 1,691
Median area: 1302 sqft
Resale share: 100%
"
ura_d15_condominium_2026,ura_transaction,15,OCR,Condominium,2026,50,1692.5,"URA Private Residential — District 15 | Condominium | OCR | 2026
Transactions: 50
Median transacted price: SGD 2,270,000
Median price per sqft (PSF): SGD 1,692
Median area: 1345 sqft
Resale share: 100%
"
ura_d15_condominium_2021,ura_transaction,15,RCR,Condominium,2021,573,1780.0,"URA Private Residential — District 15 | Condominium | RCR | 2021
Transactions: 573
Median transacted price: SGD 2,300,000
Median price per sqft (PSF): SGD 1,780
Median area: 1302 sqft
Resale share: 71%
"
ura_d15_condominium_2022,ura_transaction,15,RCR,Condominium,2022,749,2179.0,"URA Private Residential — District 15 | Condominium | RCR | 2022
Transactions: 749
Median transacted price: SGD 2,435,000
Median price per sqft (PSF): SGD 2,179
Median area: 1281 sqft
Resale share: 54%
"
ura_d15_condominium_2023,ura_transaction,15,RCR,Condominium,2023,744,2402.0,"URA Private Residential — District 15 | Condominium | RCR | 2023
Transactions: 744
Median transacted price: SGD 2,176,500
Median price per sqft (PSF): SGD 2,402
Median area: 990 sqft
Resale share: 40%
"
ura_d15_condominium_2024,ura_transaction,15,RCR,Condominium,2024,1436,2548.0,"URA Private Residential — District 15 | Condominium | RCR | 2024
Transactions: 1436
Median transacted price: SGD 2,495,000
Median price per sqft (PSF): SGD 2,548
Median area: 990 sqft
Resale share: 27%
"
ura_d15_condominium_2025,ura_transaction,15,RCR,Condominium,2025,447,2149.0,"URA Private Residential — District 15 | Condominium | RCR | 2025
Transactions: 447
Median transacted price: SGD 2,800,000
Median price per sqft (PSF): SGD 2,149
Median area: 1345 sqft
Resale share: 84%
"
ura_d15_condominium_2026,ura_transaction,15,RCR,Condominium,2026,117,2096.0,"URA Private Residential — District 15 | Condominium | RCR | 2026
Transactions: 117
Median transacted price: SGD 2,708,000
Median price per sqft (PSF): SGD 2,096
Median area: 1335 sqft
Resale share: 90%
"
ura_d16_apartment_2021,ura_transaction,16,OCR,Apartment,2021,75,1344.0,"URA Private Residential — District 16 | Apartment | OCR | 2021
Transactions: 75
Median transacted price: SGD 1,260,000
Median price per sqft (PSF): SGD 1,344
Median area: 958 sqft
Resale share: 100%
"
ura_d16_apartment_2022,ura_transaction,16,OCR,Apartment,2022,208,1989.0,"URA Private Residential — District 16 | Apartment | OCR | 2022
Transactions: 208
Median transacted price: SGD 1,567,000
Median price per sqft (PSF): SGD 1,989
Median area: 893 sqft
Resale share: 41%
"
ura_d16_apartment_2023,ura_transaction,16,OCR,Apartment,2023,252,2067.5,"URA Private Residential — District 16 | Apartment | OCR | 2023
Transactions: 252
Median transacted price: SGD 1,611,000
Median price per sqft (PSF): SGD 2,068
Median area: 797 sqft
Resale share: 21%
"
ura_d16_apartment_2024,ura_transaction,16,OCR,Apartment,2024,121,1930.0,"URA Private Residential — District 16 | Apartment | OCR | 2024
Transactions: 121
Median transacted price: SGD 2,200,000
Median price per sqft (PSF): SGD 1,930
Median area: 1119 sqft
Resale share: 45%
"
ura_d16_apartment_2025,ura_transaction,16,OCR,Apartment,2025,129,1918.0,"URA Private Residential — District 16 | Apartment | OCR | 2025
Transactions: 129
Median transacted price: SGD 2,158,000
Median price per sqft (PSF): SGD 1,918
Median area: 1163 sqft
Resale share: 55%
"
ura_d16_apartment_2026,ura_transaction,16,OCR,Apartment,2026,73,2387.0,"URA Private Residential — District 16 | Apartment | OCR | 2026
Transactions: 73
Median transacted price: SGD 1,880,000
Median price per sqft (PSF): SGD 2,387
Median area: 947 sqft
Resale share: 27%
"
ura_d16_condominium_2021,ura_transaction,16,OCR,Condominium,2021,561,1173.0,"URA Private Residential — District 16 | Condominium | OCR | 2021
Transactions: 561
Median transacted price: SGD 1,170,000
Median price per sqft (PSF): SGD 1,173
Median area: 1087 sqft
Resale share: 96%
"
ura_d16_condominium_2022,ura_transaction,16,OCR,Condominium,2022,644,1294.0,"URA Private Residential — District 16 | Condominium | OCR | 2022
Transactions: 644
Median transacted price: SGD 1,286,500
Median price per sqft (PSF): SGD 1,294
Median area: 1033 sqft
Resale share: 100%
"
ura_d16_condominium_2023,ura_transaction,16,OCR,Condominium,2023,509,1398.0,"URA Private Residential — District 16 | Condominium | OCR | 2023
Transactions: 509
Median transacted price: SGD 1,410,000
Median price per sqft (PSF): SGD 1,398
Median area: 1066 sqft
Resale share: 100%
"
ura_d16_condominium_2024,ura_transaction,16,OCR,Condominium,2024,577,1488.0,"URA Private Residential — District 16 | Condominium | OCR | 2024
Transactions: 577
Median transacted price: SGD 1,460,000
Median price per sqft (PSF): SGD 1,488
Median area: 1044 sqft
Resale share: 100%
"
ura_d16_condominium_2025,ura_transaction,16,OCR,Condominium,2025,546,1521.5,"URA Private Residential — District 16 | Condominium | OCR | 2025
Transactions: 546
Median transacted price: SGD 1,589,000
Median price per sqft (PSF): SGD 1,522
Median area: 1108 sqft
Resale share: 100%
"
ura_d16_condominium_2026,ura_transaction,16,OCR,Condominium,2026,150,1523.0,"URA Private Residential — District 16 | Condominium | OCR | 2026
Transactions: 150
Median transacted price: SGD 1,550,000
Median price per sqft (PSF): SGD 1,523
Median area: 990 sqft
Resale share: 100%
"
ura_d17_apartment_2021,ura_transaction,17,OCR,Apartment,2021,126,1568.5,"URA Private Residential — District 17 | Apartment | OCR | 2021
Transactions: 126
Median transacted price: SGD 1,223,000
Median price per sqft (PSF): SGD 1,568
Median area: 770 sqft
Resale share: 9%
"
ura_d17_apartment_2022,ura_transaction,17,OCR,Apartment,2022,59,1600.0,"URA Private Residential — District 17 | Apartment | OCR | 2022
Transactions: 59
Median transacted price: SGD 1,599,000
Median price per sqft (PSF): SGD 1,600
Median area: 990 sqft
Resale share: 32%
"
ura_d17_apartment_2023,ura_transaction,17,OCR,Apartment,2023,23,1553.0,"URA Private Residential — District 17 | Apartment | OCR | 2023
Transactions: 23
Median transacted price: SGD 1,300,000
Median price per sqft (PSF): SGD 1,553
Median area: 958 sqft
Resale share: 57%
"
ura_d17_apartment_2024,ura_transaction,17,OCR,Apartment,2024,34,1697.5,"URA Private Residential — District 17 | Apartment | OCR | 2024
Transactions: 34
Median transacted price: SGD 1,384,000
Median price per sqft (PSF): SGD 1,698
Median area: 974 sqft
Resale share: 71%
"
ura_d17_apartment_2025,ura_transaction,17,OCR,Apartment,2025,34,1679.0,"URA Private Residential — District 17 | Apartment | OCR | 2025
Transactions: 34
Median transacted price: SGD 1,306,944
Median price per sqft (PSF): SGD 1,679
Median area: 780 sqft
Resale share: 88%
"
ura_d17_apartment_2026,ura_transaction,17,OCR,Apartment,2026,3,1304.0,"URA Private Residential — District 17 | Apartment | OCR | 2026
Transactions: 3
Median transacted price: SGD 1,398,000
Median price per sqft (PSF): SGD 1,304
Median area: 1109 sqft
Resale share: 100%
"
ura_d17_condominium_2021,ura_transaction,17,OCR,Condominium,2021,512,1005.0,"URA Private Residential — District 17 | Condominium | OCR | 2021
Transactions: 512
Median transacted price: SGD 998,000
Median price per sqft (PSF): SGD 1,005
Median area: 904 sqft
Resale share: 68%
"
ura_d17_condominium_2022,ura_transaction,17,OCR,Condominium,2022,339,1057.0,"URA Private Residential — District 17 | Condominium | OCR | 2022
Transactions: 339
Median transacted price: SGD 1,038,888
Median price per sqft (PSF): SGD 1,057
Median area: 1001 sqft
Resale share: 93%
"
ura_d17_condominium_2023,ura_transaction,17,OCR,Condominium,2023,231,1160.0,"URA Private Residential — District 17 | Condominium | OCR | 2023
Transactions: 231
Median transacted price: SGD 1,180,000
Median price per sqft (PSF): SGD 1,160
Median area: 1012 sqft
Resale share: 98%
"
ura_d17_condominium_2024,ura_transaction,17,OCR,Condominium,2024,450,1303.5,"URA Private Residential — District 17 | Condominium | OCR | 2024
Transactions: 450
Median transacted price: SGD 1,270,000
Median price per sqft (PSF): SGD 1,304
Median area: 812 sqft
Resale share: 61%
"
ura_d17_condominium_2025,ura_transaction,17,OCR,Condominium,2025,314,1261.0,"URA Private Residential — District 17 | Condominium | OCR | 2025
Transactions: 314
Median transacted price: SGD 1,280,000
Median price per sqft (PSF): SGD 1,261
Median area: 996 sqft
Resale share: 89%
"
ura_d17_condominium_2026,ura_transaction,17,OCR,Condominium,2026,72,1254.0,"URA Private Residential — District 17 | Condominium | OCR | 2026
Transactions: 72
Median transacted price: SGD 1,320,944
Median price per sqft (PSF): SGD 1,254
Median area: 969 sqft
Resale share: 92%
"
ura_d17_executive_condominium_2026,ura_transaction,17,OCR,Executive Condominium,2026,604,1792.0,"URA Private Residential — District 17 | Executive Condominium | OCR | 2026
Transactions: 604
Median transacted price: SGD 1,804,000
Median price per sqft (PSF): SGD 1,792
Median area: 1012 sqft
Resale share: 0%
"
ura_d18_apartment_2021,ura_transaction,18,OCR,Apartment,2021,429,1627.0,"URA Private Residential — District 18 | Apartment | OCR | 2021
Transactions: 429
Median transacted price: SGD 1,266,000
Median price per sqft (PSF): SGD 1,627
Median area: 775 sqft
Resale share: 0%
"
ura_d18_apartment_2022,ura_transaction,18,OCR,Apartment,2022,34,1820.0,"URA Private Residential — District 18 | Apartment | OCR | 2022
Transactions: 34
Median transacted price: SGD 1,988,500
Median price per sqft (PSF): SGD 1,820
Median area: 1066 sqft
Resale share: 0%
"
ura_d18_apartment_2023,ura_transaction,18,OCR,Apartment,2023,20,1767.0,"URA Private Residential — District 18 | Apartment | OCR | 2023
Transactions: 20
Median transacted price: SGD 2,295,430
Median price per sqft (PSF): SGD 1,767
Median area: 1302 sqft
Resale share: 0%
"
ura_d18_apartment_2024,ura_transaction,18,OCR,Apartment,2024,7,1796.0,"URA Private Residential — District 18 | Apartment | OCR | 2024
Transactions: 7
Median transacted price: SGD 2,269,000
Median price per sqft (PSF): SGD 1,796
Median area: 1302 sqft
Resale share: 0%
"
ura_d18_apartment_2025,ura_transaction,18,OCR,Apartment,2025,198,2248.0,"URA Private Residential — District 18 | Apartment | OCR | 2025
Transactions: 198
Median transacted price: SGD 2,145,000
Median price per sqft (PSF): SGD 2,248
Median area: 947 sqft
Resale share: 0%
"
ura_d18_apartment_2026,ura_transaction,18,OCR,Apartment,2026,18,2231.0,"URA Private Residential — District 18 | Apartment | OCR | 2026
Transactions: 18
Median transacted price: SGD 2,643,000
Median price per sqft (PSF): SGD 2,231
Median area: 1163 sqft
Resale share: 0%
"
ura_d18_condominium_2021,ura_transaction,18,OCR,Condominium,2021,1194,1168.0,"URA Private Residential — District 18 | Condominium | OCR | 2021
Transactions: 1194
Median transacted price: SGD 1,186,500
Median price per sqft (PSF): SGD 1,168
Median area: 1066 sqft
Resale share: 65%
"
ura_d18_condominium_2022,ura_transaction,18,OCR,Condominium,2022,907,1188.0,"URA Private Residential — District 18 | Condominium | OCR | 2022
Transactions: 907
Median transacted price: SGD 1,130,000
Median price per sqft (PSF): SGD 1,188
Median area: 990 sqft
Resale share: 94%
"
ura_d18_condominium_2023,ura_transaction,18,OCR,Condominium,2023,824,1361.0,"URA Private Residential — District 18 | Condominium | OCR | 2023
Transactions: 824
Median transacted price: SGD 1,209,444
Median price per sqft (PSF): SGD 1,361
Median area: 936 sqft
Resale share: 76%
"
ura_d18_condominium_2024,ura_transaction,18,OCR,Condominium,2024,1007,1461.0,"URA Private Residential — District 18 | Condominium | OCR | 2024
Transactions: 1007
Median transacted price: SGD 1,319,888
Median price per sqft (PSF): SGD 1,461
Median area: 947 sqft
Resale share: 95%
"
ura_d18_condominium_2025,ura_transaction,18,OCR,Condominium,2025,924,1489.0,"URA Private Residential — District 18 | Condominium | OCR | 2025
Transactions: 924
Median transacted price: SGD 1,360,000
Median price per sqft (PSF): SGD 1,489
Median area: 958 sqft
Resale share: 100%
"
ura_d18_condominium_2026,ura_transaction,18,OCR,Condominium,2026,210,1496.0,"URA Private Residential — District 18 | Condominium | OCR | 2026
Transactions: 210
Median transacted price: SGD 1,405,000
Median price per sqft (PSF): SGD 1,496
Median area: 1028 sqft
Resale share: 100%
"
ura_d18_executive_condominium_2021,ura_transaction,18,OCR,Executive Condominium,2021,502,1088.0,"URA Private Residential — District 18 | Executive Condominium | OCR | 2021
Transactions: 502
Median transacted price: SGD 1,133,000
Median price per sqft (PSF): SGD 1,088
Median area: 1141 sqft
Resale share: 64%
"
ura_d18_executive_condominium_2022,ura_transaction,18,OCR,Executive Condominium,2022,715,1327.0,"URA Private Residential — District 18 | Executive Condominium | OCR | 2022
Transactions: 715
Median transacted price: SGD 1,350,000
Median price per sqft (PSF): SGD 1,327
Median area: 1098 sqft
Resale share: 42%
"
ura_d18_executive_condominium_2023,ura_transaction,18,OCR,Executive Condominium,2023,393,1362.0,"URA Private Residential — District 18 | Executive Condominium | OCR | 2023
Transactions: 393
Median transacted price: SGD 1,357,000
Median price per sqft (PSF): SGD 1,362
Median area: 1109 sqft
Resale share: 51%
"
ura_d18_executive_condominium_2024,ura_transaction,18,OCR,Executive Condominium,2024,279,1301.0,"URA Private Residential — District 18 | Executive Condominium | OCR | 2024
Transactions: 279
Median transacted price: SGD 1,441,700
Median price per sqft (PSF): SGD 1,301
Median area: 1141 sqft
Resale share: 92%
"
ura_d18_executive_condominium_2025,ura_transaction,18,OCR,Executive Condominium,2025,1016,1752.5,"URA Private Residential — District 18 | Executive Condominium | OCR | 2025
Transactions: 1016
Median transacted price: SGD 1,590,000
Median price per sqft (PSF): SGD 1,752
Median area: 947 sqft
Resale share: 25%
"
ura_d18_executive_condominium_2026,ura_transaction,18,OCR,Executive Condominium,2026,625,1928.0,"URA Private Residential — District 18 | Executive Condominium | OCR | 2026
Transactions: 625
Median transacted price: SGD 1,938,000
Median price per sqft (PSF): SGD 1,928
Median area: 1044 sqft
Resale share: 14%
"
ura_d19_apartment_2021,ura_transaction,19,OCR,Apartment,2021,1175,1542.0,"URA Private Residential — District 19 | Apartment | OCR | 2021
Transactions: 1175
Median transacted price: SGD 1,308,000
Median price per sqft (PSF): SGD 1,542
Median area: 936 sqft
Resale share: 41%
"
ura_d19_apartment_2022,ura_transaction,19,OCR,Apartment,2022,1002,1516.5,"URA Private Residential — District 19 | Apartment | OCR | 2022
Transactions: 1002
Median transacted price: SGD 1,180,000
Median price per sqft (PSF): SGD 1,516
Median area: 807 sqft
Resale share: 58%
"
ura_d19_apartment_2023,ura_transaction,19,OCR,Apartment,2023,898,1641.0,"URA Private Residential — District 19 | Apartment | OCR | 2023
Transactions: 898
Median transacted price: SGD 1,165,750
Median price per sqft (PSF): SGD 1,641
Median area: 721 sqft
Resale share: 54%
"
ura_d19_apartment_2024,ura_transaction,19,OCR,Apartment,2024,943,1710.0,"URA Private Residential — District 19 | Apartment | OCR | 2024
Transactions: 943
Median transacted price: SGD 1,260,000
Median price per sqft (PSF): SGD 1,710
Median area: 753 sqft
Resale share: 53%
"
ura_d19_apartment_2025,ura_transaction,19,OCR,Apartment,2025,830,1740.0,"URA Private Residential — District 19 | Apartment | OCR | 2025
Transactions: 830
Median transacted price: SGD 1,300,000
Median price per sqft (PSF): SGD 1,740
Median area: 797 sqft
Resale share: 83%
"
ura_d19_apartment_2026,ura_transaction,19,OCR,Apartment,2026,208,1736.0,"URA Private Residential — District 19 | Apartment | OCR | 2026
Transactions: 208
Median transacted price: SGD 1,310,000
Median price per sqft (PSF): SGD 1,736
Median area: 797 sqft
Resale share: 92%
"
ura_d19_apartment_2021,ura_transaction,19,RCR,Apartment,2021,29,1922.0,"URA Private Residential — District 19 | Apartment | RCR | 2021
Transactions: 29
Median transacted price: SGD 1,389,000
Median price per sqft (PSF): SGD 1,922
Median area: 732 sqft
Resale share: 0%
"
ura_d19_apartment_2022,ura_transaction,19,RCR,Apartment,2022,47,1937.0,"URA Private Residential — District 19 | Apartment | RCR | 2022
Transactions: 47
Median transacted price: SGD 1,519,000
Median price per sqft (PSF): SGD 1,937
Median area: 732 sqft
Resale share: 0%
"
ura_d19_apartment_2023,ura_transaction,19,RCR,Apartment,2023,21,1907.0,"URA Private Residential — District 19 | Apartment | RCR | 2023
Transactions: 21
Median transacted price: SGD 2,136,000
Median price per sqft (PSF): SGD 1,907
Median area: 1066 sqft
Resale share: 0%
"
ura_d19_apartment_2024,ura_transaction,19,RCR,Apartment,2024,18,2037.5,"URA Private Residential — District 19 | Apartment | RCR | 2024
Transactions: 18
Median transacted price: SGD 2,114,500
Median price per sqft (PSF): SGD 2,038
Median area: 1044 sqft
Resale share: 0%
"
ura_d19_apartment_2025,ura_transaction,19,RCR,Apartment,2025,5,2038.0,"URA Private Residential — District 19 | Apartment | RCR | 2025
Transactions: 5
Median transacted price: SGD 2,163,000
Median price per sqft (PSF): SGD 2,038
Median area: 1066 sqft
Resale share: 0%
"
ura_d19_condominium_2021,ura_transaction,19,OCR,Condominium,2021,879,1195.0,"URA Private Residential — District 19 | Condominium | OCR | 2021
Transactions: 879
Median transacted price: SGD 1,208,000
Median price per sqft (PSF): SGD 1,195
Median area: 1001 sqft
Resale share: 92%
"
ura_d19_condominium_2022,ura_transaction,19,OCR,Condominium,2022,925,1327.0,"URA Private Residential — District 19 | Condominium | OCR | 2022
Transactions: 925
Median transacted price: SGD 1,320,000
Median price per sqft (PSF): SGD 1,327
Median area: 990 sqft
Resale share: 89%
"
ura_d19_condominium_2023,ura_transaction,19,OCR,Condominium,2023,663,1419.0,"URA Private Residential — District 19 | Condominium | OCR | 2023
Transactions: 663
Median transacted price: SGD 1,472,888
Median price per sqft (PSF): SGD 1,419
Median area: 1066 sqft
Resale share: 95%
"
ura_d19_condominium_2024,ura_transaction,19,OCR,Condominium,2024,807,1508.0,"URA Private Residential — District 19 | Condominium | OCR | 2024
Transactions: 807
Median transacted price: SGD 1,485,000
Median price per sqft (PSF): SGD 1,508
Median area: 1012 sqft
Resale share: 100%
"
ura_d19_condominium_2025,ura_transaction,19,OCR,Condominium,2025,727,1585.0,"URA Private Residential — District 19 | Condominium | OCR | 2025
Transactions: 727
Median transacted price: SGD 1,568,000
Median price per sqft (PSF): SGD 1,585
Median area: 1033 sqft
Resale share: 100%
"
ura_d19_condominium_2026,ura_transaction,19,OCR,Condominium,2026,175,1652.0,"URA Private Residential — District 19 | Condominium | OCR | 2026
Transactions: 175
Median transacted price: SGD 1,688,000
Median price per sqft (PSF): SGD 1,652
Median area: 1055 sqft
Resale share: 100%
"
ura_d19_condominium_2021,ura_transaction,19,RCR,Condominium,2021,3,1300.0,"URA Private Residential — District 19 | Condominium | RCR | 2021
Transactions: 3
Median transacted price: SGD 1,653,000
Median price per sqft (PSF): SGD 1,300
Median area: 1238 sqft
Resale share: 100%
"
ura_d19_condominium_2022,ura_transaction,19,RCR,Condominium,2022,4,1453.5,"URA Private Residential — District 19 | Condominium | RCR | 2022
Transactions: 4
Median transacted price: SGD 2,555,000
Median price per sqft (PSF): SGD 1,454
Median area: 1803 sqft
Resale share: 100%
"
ura_d19_condominium_2023,ura_transaction,19,RCR,Condominium,2023,5,1588.0,"URA Private Residential — District 19 | Condominium | RCR | 2023
Transactions: 5
Median transacted price: SGD 1,860,000
Median price per sqft (PSF): SGD 1,588
Median area: 1227 sqft
Resale share: 100%
"
ura_d19_condominium_2024,ura_transaction,19,RCR,Condominium,2024,5,1783.0,"URA Private Residential — District 19 | Condominium | RCR | 2024
Transactions: 5
Median transacted price: SGD 2,380,000
Median price per sqft (PSF): SGD 1,783
Median area: 1335 sqft
Resale share: 100%
"
ura_d19_condominium_2025,ura_transaction,19,RCR,Condominium,2025,6,1760.0,"URA Private Residential — District 19 | Condominium | RCR | 2025
Transactions: 6
Median transacted price: SGD 2,150,000
Median price per sqft (PSF): SGD 1,760
Median area: 1281 sqft
Resale share: 100%
"
ura_d19_executive_condominium_2021,ura_transaction,19,OCR,Executive Condominium,2021,845,1078.0,"URA Private Residential — District 19 | Executive Condominium | OCR | 2021
Transactions: 845
Median transacted price: SGD 1,160,000
Median price per sqft (PSF): SGD 1,078
Median area: 1087 sqft
Resale share: 59%
"
ura_d19_executive_condominium_2022,ura_transaction,19,OCR,Executive Condominium,2022,838,1178.0,"URA Private Residential — District 19 | Executive Condominium | OCR | 2022
Transactions: 838
Median transacted price: SGD 1,298,944
Median price per sqft (PSF): SGD 1,178
Median area: 1098 sqft
Resale share: 96%
"
ura_d19_executive_condominium_2023,ura_transaction,19,OCR,Executive Condominium,2023,530,1292.5,"URA Private Residential — District 19 | Executive Condominium | OCR | 2023
Transactions: 530
Median transacted price: SGD 1,410,000
Median price per sqft (PSF): SGD 1,292
Median area: 1087 sqft
Resale share: 100%
"
ura_d19_executive_condominium_2024,ura_transaction,19,OCR,Executive Condominium,2024,614,1384.5,"URA Private Residential — District 19 | Executive Condominium | OCR | 2024
Transactions: 614
Median transacted price: SGD 1,526,500
Median price per sqft (PSF): SGD 1,384
Median area: 1076 sqft
Resale share: 100%
"
ura_d19_executive_condominium_2025,ura_transaction,19,OCR,Executive Condominium,2025,674,1525.0,"URA Private Residential — District 19 | Executive Condominium | OCR | 2025
Transactions: 674
Median transacted price: SGD 1,649,444
Median price per sqft (PSF): SGD 1,525
Median area: 1076 sqft
Resale share: 100%
"
ura_d19_executive_condominium_2026,ura_transaction,19,OCR,Executive Condominium,2026,151,1587.0,"URA Private Residential — District 19 | Executive Condominium | OCR | 2026
Transactions: 151
Median transacted price: SGD 1,705,000
Median price per sqft (PSF): SGD 1,587
Median area: 1076 sqft
Resale share: 100%
"
ura_d20_apartment_2021,ura_transaction,20,OCR,Apartment,2021,23,1797.0,"URA Private Residential — District 20 | Apartment | OCR | 2021
Transactions: 23
Median transacted price: SGD 1,598,000
Median price per sqft (PSF): SGD 1,797
Median area: 883 sqft
Resale share: 43%
"
ura_d20_apartment_2022,ura_transaction,20,OCR,Apartment,2022,388,2102.0,"URA Private Residential — District 20 | Apartment | OCR | 2022
Transactions: 388
Median transacted price: SGD 1,685,500
Median price per sqft (PSF): SGD 2,102
Median area: 743 sqft
Resale share: 5%
"
ura_d20_apartment_2023,ura_transaction,20,OCR,Apartment,2023,14,1920.5,"URA Private Residential — District 20 | Apartment | OCR | 2023
Transactions: 14
Median transacted price: SGD 1,509,400
Median price per sqft (PSF): SGD 1,920
Median area: 872 sqft
Resale share: 71%
"
ura_d20_apartment_2024,ura_transaction,20,OCR,Apartment,2024,11,1452.0,"URA Private Residential — District 20 | Apartment | OCR | 2024
Transactions: 11
Median transacted price: SGD 1,680,000
Median price per sqft (PSF): SGD 1,452
Median area: 958 sqft
Resale share: 82%
"
ura_d20_apartment_2025,ura_transaction,20,OCR,Apartment,2025,20,2426.0,"URA Private Residential — District 20 | Apartment | OCR | 2025
Transactions: 20
Median transacted price: SGD 1,861,944
Median price per sqft (PSF): SGD 2,426
Median area: 899 sqft
Resale share: 35%
"
ura_d20_apartment_2026,ura_transaction,20,OCR,Apartment,2026,8,2543.5,"URA Private Residential — District 20 | Apartment | OCR | 2026
Transactions: 8
Median transacted price: SGD 2,655,000
Median price per sqft (PSF): SGD 2,544
Median area: 1044 sqft
Resale share: 12%
"
ura_d20_apartment_2021,ura_transaction,20,RCR,Apartment,2021,63,1638.0,"URA Private Residential — District 20 | Apartment | RCR | 2021
Transactions: 63
Median transacted price: SGD 1,280,000
Median price per sqft (PSF): SGD 1,638
Median area: 764 sqft
Resale share: 100%
"
ura_d20_apartment_2022,ura_transaction,20,RCR,Apartment,2022,96,1702.5,"URA Private Residential — District 20 | Apartment | RCR | 2022
Transactions: 96
Median transacted price: SGD 1,484,444
Median price per sqft (PSF): SGD 1,702
Median area: 1044 sqft
Resale share: 100%
"
ura_d20_apartment_2023,ura_transaction,20,RCR,Apartment,2023,105,1530.0,"URA Private Residential — District 20 | Apartment | RCR | 2023
Transactions: 105
Median transacted price: SGD 1,580,000
Median price per sqft (PSF): SGD 1,530
Median area: 1066 sqft
Resale share: 100%
"
ura_d20_apartment_2024,ura_transaction,20,RCR,Apartment,2024,102,1585.5,"URA Private Residential — District 20 | Apartment | RCR | 2024
Transactions: 102
Median transacted price: SGD 1,656,500
Median price per sqft (PSF): SGD 1,586
Median area: 1474 sqft
Resale share: 100%
"
ura_d20_apartment_2025,ura_transaction,20,RCR,Apartment,2025,114,1883.5,"URA Private Residential — District 20 | Apartment | RCR | 2025
Transactions: 114
Median transacted price: SGD 1,676,000
Median price per sqft (PSF): SGD 1,884
Median area: 1055 sqft
Resale share: 84%
"
ura_d20_apartment_2026,ura_transaction,20,RCR,Apartment,2026,29,1082.0,"URA Private Residential — District 20 | Apartment | RCR | 2026
Transactions: 29
Median transacted price: SGD 1,700,000
Median price per sqft (PSF): SGD 1,082
Median area: 1615 sqft
Resale share: 97%
"
ura_d20_condominium_2021,ura_transaction,20,OCR,Condominium,2021,71,1493.0,"URA Private Residential — District 20 | Condominium | OCR | 2021
Transactions: 71
Median transacted price: SGD 1,485,000
Median price per sqft (PSF): SGD 1,493
Median area: 1023 sqft
Resale share: 100%
"
ura_d20_condominium_2022,ura_transaction,20,OCR,Condominium,2022,82,1693.0,"URA Private Residential — District 20 | Condominium | OCR | 2022
Transactions: 82
Median transacted price: SGD 1,600,000
Median price per sqft (PSF): SGD 1,693
Median area: 1044 sqft
Resale share: 100%
"
ura_d20_condominium_2023,ura_transaction,20,OCR,Condominium,2023,76,1839.5,"URA Private Residential — District 20 | Condominium | OCR | 2023
Transactions: 76
Median transacted price: SGD 1,754,000
Median price per sqft (PSF): SGD 1,840
Median area: 1012 sqft
Resale share: 100%
"
ura_d20_condominium_2024,ura_transaction,20,OCR,Condominium,2024,81,1904.0,"URA Private Residential — District 20 | Condominium | OCR | 2024
Transactions: 81
Median transacted price: SGD 1,725,000
Median price per sqft (PSF): SGD 1,904
Median area: 1012 sqft
Resale share: 100%
"
ura_d20_condominium_2025,ura_transaction,20,OCR,Condominium,2025,94,1897.5,"URA Private Residential — District 20 | Condominium | OCR | 2025
Transactions: 94
Median transacted price: SGD 2,080,000
Median price per sqft (PSF): SGD 1,898
Median area: 1163 sqft
Resale share: 100%
"
ura_d20_condominium_2026,ura_transaction,20,OCR,Condominium,2026,21,2019.0,"URA Private Residential — District 20 | Condominium | OCR | 2026
Transactions: 21
Median transacted price: SGD 1,998,888
Median price per sqft (PSF): SGD 2,019
Median area: 1119 sqft
Resale share: 100%
"
ura_d20_condominium_2021,ura_transaction,20,RCR,Condominium,2021,209,1553.0,"URA Private Residential — District 20 | Condominium | RCR | 2021
Transactions: 209
Median transacted price: SGD 1,630,000
Median price per sqft (PSF): SGD 1,553
Median area: 1195 sqft
Resale share: 77%
"
ura_d20_condominium_2022,ura_transaction,20,RCR,Condominium,2022,228,1618.5,"URA Private Residential — District 20 | Condominium | RCR | 2022
Transactions: 228
Median transacted price: SGD 1,712,000
Median price per sqft (PSF): SGD 1,618
Median area: 1158 sqft
Resale share: 83%
"
ura_d20_condominium_2023,ura_transaction,20,RCR,Condominium,2023,233,1770.0,"URA Private Residential — District 20 | Condominium | RCR | 2023
Transactions: 233
Median transacted price: SGD 1,750,000
Median price per sqft (PSF): SGD 1,770
Median area: 1023 sqft
Resale share: 80%
"
ura_d20_condominium_2024,ura_transaction,20,RCR,Condominium,2024,287,1821.0,"URA Private Residential — District 20 | Condominium | RCR | 2024
Transactions: 287
Median transacted price: SGD 1,850,000
Median price per sqft (PSF): SGD 1,821
Median area: 1141 sqft
Resale share: 100%
"
ura_d20_condominium_2025,ura_transaction,20,RCR,Condominium,2025,262,1991.5,"URA Private Residential — District 20 | Condominium | RCR | 2025
Transactions: 262
Median transacted price: SGD 1,965,000
Median price per sqft (PSF): SGD 1,992
Median area: 1055 sqft
Resale share: 100%
"
ura_d20_condominium_2026,ura_transaction,20,RCR,Condominium,2026,52,1977.5,"URA Private Residential — District 20 | Condominium | RCR | 2026
Transactions: 52
Median transacted price: SGD 2,225,000
Median price per sqft (PSF): SGD 1,978
Median area: 1146 sqft
Resale share: 100%
"
ura_d20_executive_condominium_2021,ura_transaction,20,OCR,Executive Condominium,2021,7,979.0,"URA Private Residential — District 20 | Executive Condominium | OCR | 2021
Transactions: 7
Median transacted price: SGD 1,360,000
Median price per sqft (PSF): SGD 979
Median area: 1389 sqft
Resale share: 100%
"
ura_d20_executive_condominium_2022,ura_transaction,20,OCR,Executive Condominium,2022,12,1105.0,"URA Private Residential — District 20 | Executive Condominium | OCR | 2022
Transactions: 12
Median transacted price: SGD 1,494,000
Median price per sqft (PSF): SGD 1,105
Median area: 1405 sqft
Resale share: 100%
"
ura_d20_executive_condominium_2023,ura_transaction,20,OCR,Executive Condominium,2023,7,1100.0,"URA Private Residential — District 20 | Executive Condominium | OCR | 2023
Transactions: 7
Median transacted price: SGD 1,750,000
Median price per sqft (PSF): SGD 1,100
Median area: 1421 sqft
Resale share: 100%
"
ura_d20_executive_condominium_2024,ura_transaction,20,OCR,Executive Condominium,2024,5,1240.0,"URA Private Residential — District 20 | Executive Condominium | OCR | 2024
Transactions: 5
Median transacted price: SGD 1,780,000
Median price per sqft (PSF): SGD 1,240
Median area: 1389 sqft
Resale share: 100%
"
ura_d20_executive_condominium_2025,ura_transaction,20,OCR,Executive Condominium,2025,7,1349.0,"URA Private Residential — District 20 | Executive Condominium | OCR | 2025
Transactions: 7
Median transacted price: SGD 1,900,000
Median price per sqft (PSF): SGD 1,349
Median area: 1389 sqft
Resale share: 100%
"
ura_d20_executive_condominium_2021,ura_transaction,20,RCR,Executive Condominium,2021,3,1277.0,"URA Private Residential — District 20 | Executive Condominium | RCR | 2021
Transactions: 3
Median transacted price: SGD 1,760,000
Median price per sqft (PSF): SGD 1,277
Median area: 1399 sqft
Resale share: 100%
"
ura_d20_executive_condominium_2022,ura_transaction,20,RCR,Executive Condominium,2022,5,1364.0,"URA Private Residential — District 20 | Executive Condominium | RCR | 2022
Transactions: 5
Median transacted price: SGD 1,880,000
Median price per sqft (PSF): SGD 1,364
Median area: 1378 sqft
Resale share: 100%
"
ura_d20_executive_condominium_2023,ura_transaction,20,RCR,Executive Condominium,2023,9,1489.0,"URA Private Residential — District 20 | Executive Condominium | RCR | 2023
Transactions: 9
Median transacted price: SGD 2,100,000
Median price per sqft (PSF): SGD 1,489
Median area: 1399 sqft
Resale share: 100%
"
ura_d20_executive_condominium_2024,ura_transaction,20,RCR,Executive Condominium,2024,9,1611.0,"URA Private Residential — District 20 | Executive Condominium | RCR | 2024
Transactions: 9
Median transacted price: SGD 1,980,000
Median price per sqft (PSF): SGD 1,611
Median area: 1184 sqft
Resale share: 100%
"
ura_d20_executive_condominium_2025,ura_transaction,20,RCR,Executive Condominium,2025,12,1689.5,"URA Private Residential — District 20 | Executive Condominium | RCR | 2025
Transactions: 12
Median transacted price: SGD 2,390,044
Median price per sqft (PSF): SGD 1,690
Median area: 1384 sqft
Resale share: 100%
"
ura_d21_apartment_2021,ura_transaction,21,RCR,Apartment,2021,296,1818.5,"URA Private Residential — District 21 | Apartment | RCR | 2021
Transactions: 296
Median transacted price: SGD 1,464,500
Median price per sqft (PSF): SGD 1,818
Median area: 743 sqft
Resale share: 15%
"
ura_d21_apartment_2022,ura_transaction,21,RCR,Apartment,2022,228,1889.5,"URA Private Residential — District 21 | Apartment | RCR | 2022
Transactions: 228
Median transacted price: SGD 1,599,000
Median price per sqft (PSF): SGD 1,890
Median area: 743 sqft
Resale share: 27%
"
ura_d21_apartment_2023,ura_transaction,21,RCR,Apartment,2023,756,2452.0,"URA Private Residential — District 21 | Apartment | RCR | 2023
Transactions: 756
Median transacted price: SGD 1,806,374
Median price per sqft (PSF): SGD 2,452
Median area: 721 sqft
Resale share: 8%
"
ura_d21_apartment_2024,ura_transaction,21,RCR,Apartment,2024,170,2174.5,"URA Private Residential — District 21 | Apartment | RCR | 2024
Transactions: 170
Median transacted price: SGD 1,755,000
Median price per sqft (PSF): SGD 2,174
Median area: 893 sqft
Resale share: 36%
"
ura_d21_apartment_2025,ura_transaction,21,RCR,Apartment,2025,130,1992.0,"URA Private Residential — District 21 | Apartment | RCR | 2025
Transactions: 130
Median transacted price: SGD 1,507,500
Median price per sqft (PSF): SGD 1,992
Median area: 721 sqft
Resale share: 66%
"
ura_d21_apartment_2026,ura_transaction,21,RCR,Apartment,2026,15,1893.0,"URA Private Residential — District 21 | Apartment | RCR | 2026
Transactions: 15
Median transacted price: SGD 1,360,000
Median price per sqft (PSF): SGD 1,893
Median area: 721 sqft
Resale share: 93%
"
ura_d21_condominium_2021,ura_transaction,21,OCR,Condominium,2021,291,1807.0,"URA Private Residential — District 21 | Condominium | OCR | 2021
Transactions: 291
Median transacted price: SGD 1,688,888
Median price per sqft (PSF): SGD 1,807
Median area: 980 sqft
Resale share: 34%
"
ura_d21_condominium_2022,ura_transaction,21,OCR,Condominium,2022,213,1867.0,"URA Private Residential — District 21 | Condominium | OCR | 2022
Transactions: 213
Median transacted price: SGD 1,909,000
Median price per sqft (PSF): SGD 1,867
Median area: 1109 sqft
Resale share: 45%
"
ura_d21_condominium_2023,ura_transaction,21,OCR,Condominium,2023,99,1584.0,"URA Private Residential — District 21 | Condominium | OCR | 2023
Transactions: 99
Median transacted price: SGD 2,050,000
Median price per sqft (PSF): SGD 1,584
Median area: 1270 sqft
Resale share: 81%
"
ura_d21_condominium_2024,ura_transaction,21,OCR,Condominium,2024,129,1641.0,"URA Private Residential — District 21 | Condominium | OCR | 2024
Transactions: 129
Median transacted price: SGD 1,990,000
Median price per sqft (PSF): SGD 1,641
Median area: 1249 sqft
Resale share: 77%
"
ura_d21_condominium_2025,ura_transaction,21,OCR,Condominium,2025,142,1719.5,"URA Private Residential — District 21 | Condominium | OCR | 2025
Transactions: 142
Median transacted price: SGD 2,095,000
Median price per sqft (PSF): SGD 1,720
Median area: 1206 sqft
Resale share: 70%
"
ura_d21_condominium_2026,ura_transaction,21,OCR,Condominium,2026,36,1786.0,"URA Private Residential — District 21 | Condominium | OCR | 2026
Transactions: 36
Median transacted price: SGD 1,989,000
Median price per sqft (PSF): SGD 1,786
Median area: 1157 sqft
Resale share: 64%
"
ura_d21_condominium_2021,ura_transaction,21,RCR,Condominium,2021,231,1659.0,"URA Private Residential — District 21 | Condominium | RCR | 2021
Transactions: 231
Median transacted price: SGD 1,700,000
Median price per sqft (PSF): SGD 1,659
Median area: 1130 sqft
Resale share: 76%
"
ura_d21_condominium_2022,ura_transaction,21,RCR,Condominium,2022,261,1785.0,"URA Private Residential — District 21 | Condominium | RCR | 2022
Transactions: 261
Median transacted price: SGD 1,917,000
Median price per sqft (PSF): SGD 1,785
Median area: 1227 sqft
Resale share: 79%
"
ura_d21_condominium_2023,ura_transaction,21,RCR,Condominium,2023,384,2161.5,"URA Private Residential — District 21 | Condominium | RCR | 2023
Transactions: 384
Median transacted price: SGD 1,873,500
Median price per sqft (PSF): SGD 2,162
Median area: 969 sqft
Resale share: 47%
"
ura_d21_condominium_2024,ura_transaction,21,RCR,Condominium,2024,903,2434.0,"URA Private Residential — District 21 | Condominium | RCR | 2024
Transactions: 903
Median transacted price: SGD 2,018,400
Median price per sqft (PSF): SGD 2,434
Median area: 947 sqft
Resale share: 26%
"
ura_d21_condominium_2025,ura_transaction,21,RCR,Condominium,2025,586,2391.0,"URA Private Residential — District 21 | Condominium | RCR | 2025
Transactions: 586
Median transacted price: SGD 2,520,450
Median price per sqft (PSF): SGD 2,391
Median area: 1216 sqft
Resale share: 41%
"
ura_d21_condominium_2026,ura_transaction,21,RCR,Condominium,2026,160,2353.0,"URA Private Residential — District 21 | Condominium | RCR | 2026
Transactions: 160
Median transacted price: SGD 2,801,056
Median price per sqft (PSF): SGD 2,353
Median area: 1216 sqft
Resale share: 39%
"
ura_d22_apartment_2021,ura_transaction,22,OCR,Apartment,2021,28,1139.0,"URA Private Residential — District 22 | Apartment | OCR | 2021
Transactions: 28
Median transacted price: SGD 1,280,000
Median price per sqft (PSF): SGD 1,139
Median area: 1286 sqft
Resale share: 100%
"
ura_d22_apartment_2022,ura_transaction,22,OCR,Apartment,2022,34,1250.0,"URA Private Residential — District 22 | Apartment | OCR | 2022
Transactions: 34
Median transacted price: SGD 1,470,000
Median price per sqft (PSF): SGD 1,250
Median area: 1238 sqft
Resale share: 100%
"
ura_d22_apartment_2023,ura_transaction,22,OCR,Apartment,2023,436,2400.5,"URA Private Residential — District 22 | Apartment | OCR | 2023
Transactions: 436
Median transacted price: SGD 1,869,500
Median price per sqft (PSF): SGD 2,400
Median area: 818 sqft
Resale share: 4%
"
ura_d22_apartment_2024,ura_transaction,22,OCR,Apartment,2024,267,2183.0,"URA Private Residential — District 22 | Apartment | OCR | 2024
Transactions: 267
Median transacted price: SGD 1,621,000
Median price per sqft (PSF): SGD 2,183
Median area: 732 sqft
Resale share: 6%
"
ura_d22_apartment_2025,ura_transaction,22,OCR,Apartment,2025,172,2227.5,"URA Private Residential — District 22 | Apartment | OCR | 2025
Transactions: 172
Median transacted price: SGD 2,118,000
Median price per sqft (PSF): SGD 2,228
Median area: 1066 sqft
Resale share: 13%
"
ura_d22_apartment_2026,ura_transaction,22,OCR,Apartment,2026,46,2278.5,"URA Private Residential — District 22 | Apartment | OCR | 2026
Transactions: 46
Median transacted price: SGD 2,299,800
Median price per sqft (PSF): SGD 2,278
Median area: 1104 sqft
Resale share: 13%
"
ura_d22_condominium_2021,ura_transaction,22,OCR,Condominium,2021,261,1203.0,"URA Private Residential — District 22 | Condominium | OCR | 2021
Transactions: 261
Median transacted price: SGD 1,180,000
Median price per sqft (PSF): SGD 1,203
Median area: 1076 sqft
Resale share: 100%
"
ura_d22_condominium_2022,ura_transaction,22,OCR,Condominium,2022,315,1276.0,"URA Private Residential — District 22 | Condominium | OCR | 2022
Transactions: 315
Median transacted price: SGD 1,300,000
Median price per sqft (PSF): SGD 1,276
Median area: 1044 sqft
Resale share: 100%
"
ura_d22_condominium_2023,ura_transaction,22,OCR,Condominium,2023,208,1379.0,"URA Private Residential — District 22 | Condominium | OCR | 2023
Transactions: 208
Median transacted price: SGD 1,422,500
Median price per sqft (PSF): SGD 1,379
Median area: 1071 sqft
Resale share: 100%
"
ura_d22_condominium_2024,ura_transaction,22,OCR,Condominium,2024,253,1452.0,"URA Private Residential — District 22 | Condominium | OCR | 2024
Transactions: 253
Median transacted price: SGD 1,500,000
Median price per sqft (PSF): SGD 1,452
Median area: 1109 sqft
Resale share: 100%
"
ura_d22_condominium_2025,ura_transaction,22,OCR,Condominium,2025,252,1575.5,"URA Private Residential — District 22 | Condominium | OCR | 2025
Transactions: 252
Median transacted price: SGD 1,524,000
Median price per sqft (PSF): SGD 1,576
Median area: 1076 sqft
Resale share: 100%
"
ura_d22_condominium_2026,ura_transaction,22,OCR,Condominium,2026,78,1562.0,"URA Private Residential — District 22 | Condominium | OCR | 2026
Transactions: 78
Median transacted price: SGD 1,583,444
Median price per sqft (PSF): SGD 1,562
Median area: 1092 sqft
Resale share: 100%
"
ura_d22_executive_condominium_2021,ura_transaction,22,OCR,Executive Condominium,2021,47,736.0,"URA Private Residential — District 22 | Executive Condominium | OCR | 2021
Transactions: 47
Median transacted price: SGD 980,000
Median price per sqft (PSF): SGD 736
Median area: 1292 sqft
Resale share: 100%
"
ura_d22_executive_condominium_2022,ura_transaction,22,OCR,Executive Condominium,2022,152,1119.5,"URA Private Residential — District 22 | Executive Condominium | OCR | 2022
Transactions: 152
Median transacted price: SGD 1,205,000
Median price per sqft (PSF): SGD 1,120
Median area: 1195 sqft
Resale share: 100%
"
ura_d22_executive_condominium_2023,ura_transaction,22,OCR,Executive Condominium,2023,134,1171.0,"URA Private Residential — District 22 | Executive Condominium | OCR | 2023
Transactions: 134
Median transacted price: SGD 1,285,000
Median price per sqft (PSF): SGD 1,171
Median area: 1195 sqft
Resale share: 100%
"
ura_d22_executive_condominium_2024,ura_transaction,22,OCR,Executive Condominium,2024,86,1234.0,"URA Private Residential — District 22 | Executive Condominium | OCR | 2024
Transactions: 86
Median transacted price: SGD 1,380,000
Median price per sqft (PSF): SGD 1,234
Median area: 1249 sqft
Resale share: 100%
"
ura_d22_executive_condominium_2025,ura_transaction,22,OCR,Executive Condominium,2025,108,1288.0,"URA Private Residential — District 22 | Executive Condominium | OCR | 2025
Transactions: 108
Median transacted price: SGD 1,432,500
Median price per sqft (PSF): SGD 1,288
Median area: 1216 sqft
Resale share: 100%
"
ura_d22_executive_condominium_2026,ura_transaction,22,OCR,Executive Condominium,2026,24,1419.0,"URA Private Residential — District 22 | Executive Condominium | OCR | 2026
Transactions: 24
Median transacted price: SGD 1,509,444
Median price per sqft (PSF): SGD 1,419
Median area: 1195 sqft
Resale share: 100%
"
ura_d23_apartment_2021,ura_transaction,23,OCR,Apartment,2021,456,1566.5,"URA Private Residential — District 23 | Apartment | OCR | 2021
Transactions: 456
Median transacted price: SGD 1,199,750
Median price per sqft (PSF): SGD 1,566
Median area: 764 sqft
Resale share: 34%
"
ura_d23_apartment_2022,ura_transaction,23,OCR,Apartment,2022,356,1517.5,"URA Private Residential — District 23 | Apartment | OCR | 2022
Transactions: 356
Median transacted price: SGD 1,189,000
Median price per sqft (PSF): SGD 1,518
Median area: 764 sqft
Resale share: 62%
"
ura_d23_apartment_2023,ura_transaction,23,OCR,Apartment,2023,259,1546.0,"URA Private Residential — District 23 | Apartment | OCR | 2023
Transactions: 259
Median transacted price: SGD 1,130,000
Median price per sqft (PSF): SGD 1,546
Median area: 753 sqft
Resale share: 79%
"
ura_d23_apartment_2024,ura_transaction,23,OCR,Apartment,2024,249,1519.0,"URA Private Residential — District 23 | Apartment | OCR | 2024
Transactions: 249
Median transacted price: SGD 1,155,000
Median price per sqft (PSF): SGD 1,519
Median area: 850 sqft
Resale share: 82%
"
ura_d23_apartment_2025,ura_transaction,23,OCR,Apartment,2025,270,1593.0,"URA Private Residential — District 23 | Apartment | OCR | 2025
Transactions: 270
Median transacted price: SGD 1,224,406
Median price per sqft (PSF): SGD 1,593
Median area: 866 sqft
Resale share: 76%
"
ura_d23_apartment_2026,ura_transaction,23,OCR,Apartment,2026,141,2045.0,"URA Private Residential — District 23 | Apartment | OCR | 2026
Transactions: 141
Median transacted price: SGD 1,417,000
Median price per sqft (PSF): SGD 2,045
Median area: 721 sqft
Resale share: 40%
"
ura_d23_condominium_2021,ura_transaction,23,OCR,Condominium,2021,744,1411.0,"URA Private Residential — District 23 | Condominium | OCR | 2021
Transactions: 744
Median transacted price: SGD 1,208,000
Median price per sqft (PSF): SGD 1,411
Median area: 904 sqft
Resale share: 53%
"
ura_d23_condominium_2022,ura_transaction,23,OCR,Condominium,2022,517,1278.0,"URA Private Residential — District 23 | Condominium | OCR | 2022
Transactions: 517
Median transacted price: SGD 1,280,000
Median price per sqft (PSF): SGD 1,278
Median area: 1130 sqft
Resale share: 85%
"
ura_d23_condominium_2023,ura_transaction,23,OCR,Condominium,2023,740,1603.5,"URA Private Residential — District 23 | Condominium | OCR | 2023
Transactions: 740
Median transacted price: SGD 1,460,000
Median price per sqft (PSF): SGD 1,604
Median area: 990 sqft
Resale share: 55%
"
ura_d23_condominium_2024,ura_transaction,23,OCR,Condominium,2024,884,1839.0,"URA Private Residential — District 23 | Condominium | OCR | 2024
Transactions: 884
Median transacted price: SGD 1,849,400
Median price per sqft (PSF): SGD 1,839
Median area: 1033 sqft
Resale share: 51%
"
ura_d23_condominium_2025,ura_transaction,23,OCR,Condominium,2025,524,1547.5,"URA Private Residential — District 23 | Condominium | OCR | 2025
Transactions: 524
Median transacted price: SGD 1,600,000
Median price per sqft (PSF): SGD 1,548
Median area: 1163 sqft
Resale share: 85%
"
ura_d23_condominium_2026,ura_transaction,23,OCR,Condominium,2026,128,1522.0,"URA Private Residential — District 23 | Condominium | OCR | 2026
Transactions: 128
Median transacted price: SGD 1,500,000
Median price per sqft (PSF): SGD 1,522
Median area: 1130 sqft
Resale share: 90%
"
ura_d23_condominium_2021,ura_transaction,23,RCR,Condominium,2021,8,1213.0,"URA Private Residential — District 23 | Condominium | RCR | 2021
Transactions: 8
Median transacted price: SGD 2,415,000
Median price per sqft (PSF): SGD 1,213
Median area: 2029 sqft
Resale share: 100%
"
ura_d23_condominium_2022,ura_transaction,23,RCR,Condominium,2022,4,1229.5,"URA Private Residential — District 23 | Condominium | RCR | 2022
Transactions: 4
Median transacted price: SGD 2,115,000
Median price per sqft (PSF): SGD 1,230
Median area: 1716 sqft
Resale share: 100%
"
ura_d23_condominium_2023,ura_transaction,23,RCR,Condominium,2023,5,1524.0,"URA Private Residential — District 23 | Condominium | RCR | 2023
Transactions: 5
Median transacted price: SGD 2,100,000
Median price per sqft (PSF): SGD 1,524
Median area: 1378 sqft
Resale share: 100%
"
ura_d23_condominium_2024,ura_transaction,23,RCR,Condominium,2024,6,1406.5,"URA Private Residential — District 23 | Condominium | RCR | 2024
Transactions: 6
Median transacted price: SGD 3,225,000
Median price per sqft (PSF): SGD 1,406
Median area: 2298 sqft
Resale share: 100%
"
ura_d23_condominium_2025,ura_transaction,23,RCR,Condominium,2025,4,1672.5,"URA Private Residential — District 23 | Condominium | RCR | 2025
Transactions: 4
Median transacted price: SGD 2,650,000
Median price per sqft (PSF): SGD 1,672
Median area: 1561 sqft
Resale share: 100%
"
ura_d23_executive_condominium_2021,ura_transaction,23,OCR,Executive Condominium,2021,84,1024.5,"URA Private Residential — District 23 | Executive Condominium | OCR | 2021
Transactions: 84
Median transacted price: SGD 1,039,000
Median price per sqft (PSF): SGD 1,024
Median area: 1055 sqft
Resale share: 100%
"
ura_d23_executive_condominium_2022,ura_transaction,23,OCR,Executive Condominium,2022,138,1019.5,"URA Private Residential — District 23 | Executive Condominium | OCR | 2022
Transactions: 138
Median transacted price: SGD 1,200,000
Median price per sqft (PSF): SGD 1,020
Median area: 1254 sqft
Resale share: 100%
"
ura_d23_executive_condominium_2023,ura_transaction,23,OCR,Executive Condominium,2023,718,1407.5,"URA Private Residential — District 23 | Executive Condominium | OCR | 2023
Transactions: 718
Median transacted price: SGD 1,424,000
Median price per sqft (PSF): SGD 1,408
Median area: 990 sqft
Resale share: 57%
"
ura_d23_executive_condominium_2024,ura_transaction,23,OCR,Executive Condominium,2024,864,1479.5,"URA Private Residential — District 23 | Executive Condominium | OCR | 2024
Transactions: 864
Median transacted price: SGD 1,488,000
Median price per sqft (PSF): SGD 1,480
Median area: 1044 sqft
Resale share: 45%
"
ura_d23_executive_condominium_2025,ura_transaction,23,OCR,Executive Condominium,2025,341,1475.0,"URA Private Residential — District 23 | Executive Condominium | OCR | 2025
Transactions: 341
Median transacted price: SGD 1,461,000
Median price per sqft (PSF): SGD 1,475
Median area: 1055 sqft
Resale share: 76%
"
ura_d23_executive_condominium_2026,ura_transaction,23,OCR,Executive Condominium,2026,51,1501.0,"URA Private Residential — District 23 | Executive Condominium | OCR | 2026
Transactions: 51
Median transacted price: SGD 1,480,000
Median price per sqft (PSF): SGD 1,501
Median area: 1055 sqft
Resale share: 92%
"
ura_d24_executive_condominium_2022,ura_transaction,24,OCR,Executive Condominium,2022,556,1343.0,"URA Private Residential — District 24 | Executive Condominium | OCR | 2022
Transactions: 556
Median transacted price: SGD 1,349,000
Median price per sqft (PSF): SGD 1,343
Median area: 1012 sqft
Resale share: 0%
"
ura_d24_executive_condominium_2023,ura_transaction,24,OCR,Executive Condominium,2023,18,1433.5,"URA Private Residential — District 24 | Executive Condominium | OCR | 2023
Transactions: 18
Median transacted price: SGD 1,495,500
Median price per sqft (PSF): SGD 1,434
Median area: 1012 sqft
Resale share: 0%
"
ura_d24_executive_condominium_2024,ura_transaction,24,OCR,Executive Condominium,2024,412,1651.0,"URA Private Residential — District 24 | Executive Condominium | OCR | 2024
Transactions: 412
Median transacted price: SGD 1,531,500
Median price per sqft (PSF): SGD 1,651
Median area: 947 sqft
Resale share: 0%
"
ura_d24_executive_condominium_2025,ura_transaction,24,OCR,Executive Condominium,2025,655,1744.0,"URA Private Residential — District 24 | Executive Condominium | OCR | 2025
Transactions: 655
Median transacted price: SGD 1,676,000
Median price per sqft (PSF): SGD 1,744
Median area: 947 sqft
Resale share: 0%
"
ura_d24_executive_condominium_2026,ura_transaction,24,OCR,Executive Condominium,2026,38,1747.5,"URA Private Residential — District 24 | Executive Condominium | OCR | 2026
Transactions: 38
Median transacted price: SGD 1,645,000
Median price per sqft (PSF): SGD 1,748
Median area: 947 sqft
Resale share: 0%
"
ura_d25_apartment_2021,ura_transaction,25,OCR,Apartment,2021,5,797.0,"URA Private Residential — District 25 | Apartment | OCR | 2021
Transactions: 5
Median transacted price: SGD 770,000
Median price per sqft (PSF): SGD 797
Median area: 893 sqft
Resale share: 100%
"
ura_d25_apartment_2022,ura_transaction,25,OCR,Apartment,2022,4,855.0,"URA Private Residential — District 25 | Apartment | OCR | 2022
Transactions: 4
Median transacted price: SGD 810,000
Median price per sqft (PSF): SGD 855
Median area: 882 sqft
Resale share: 100%
"
ura_d25_apartment_2023,ura_transaction,25,OCR,Apartment,2023,3,958.0,"URA Private Residential — District 25 | Apartment | OCR | 2023
Transactions: 3
Median transacted price: SGD 835,000
Median price per sqft (PSF): SGD 958
Median area: 893 sqft
Resale share: 100%
"
ura_d25_apartment_2025,ura_transaction,25,OCR,Apartment,2025,7,990.0,"URA Private Residential — District 25 | Apartment | OCR | 2025
Transactions: 7
Median transacted price: SGD 862,888
Median price per sqft (PSF): SGD 990
Median area: 872 sqft
Resale share: 100%
"
ura_d25_condominium_2021,ura_transaction,25,OCR,Condominium,2021,137,938.0,"URA Private Residential — District 25 | Condominium | OCR | 2021
Transactions: 137
Median transacted price: SGD 765,000
Median price per sqft (PSF): SGD 938
Median area: 850 sqft
Resale share: 100%
"
ura_d25_condominium_2022,ura_transaction,25,OCR,Condominium,2022,118,977.5,"URA Private Residential — District 25 | Condominium | OCR | 2022
Transactions: 118
Median transacted price: SGD 934,000
Median price per sqft (PSF): SGD 978
Median area: 1023 sqft
Resale share: 100%
"
ura_d25_condominium_2023,ura_transaction,25,OCR,Condominium,2023,108,1070.0,"URA Private Residential — District 25 | Condominium | OCR | 2023
Transactions: 108
Median transacted price: SGD 968,444
Median price per sqft (PSF): SGD 1,070
Median area: 926 sqft
Resale share: 100%
"
ura_d25_condominium_2024,ura_transaction,25,OCR,Condominium,2024,114,1099.0,"URA Private Residential — District 25 | Condominium | OCR | 2024
Transactions: 114
Median transacted price: SGD 1,046,500
Median price per sqft (PSF): SGD 1,099
Median area: 931 sqft
Resale share: 100%
"
ura_d25_condominium_2025,ura_transaction,25,OCR,Condominium,2025,84,1199.5,"URA Private Residential — District 25 | Condominium | OCR | 2025
Transactions: 84
Median transacted price: SGD 1,025,000
Median price per sqft (PSF): SGD 1,200
Median area: 910 sqft
Resale share: 100%
"
ura_d25_condominium_2026,ura_transaction,25,OCR,Condominium,2026,25,1154.0,"URA Private Residential — District 25 | Condominium | OCR | 2026
Transactions: 25
Median transacted price: SGD 1,270,000
Median price per sqft (PSF): SGD 1,154
Median area: 1163 sqft
Resale share: 100%
"
ura_d25_executive_condominium_2021,ura_transaction,25,OCR,Executive Condominium,2021,216,886.0,"URA Private Residential — District 25 | Executive Condominium | OCR | 2021
Transactions: 216
Median transacted price: SGD 950,000
Median price per sqft (PSF): SGD 886
Median area: 1184 sqft
Resale share: 100%
"
ura_d25_executive_condominium_2022,ura_transaction,25,OCR,Executive Condominium,2022,243,1034.0,"URA Private Residential — District 25 | Executive Condominium | OCR | 2022
Transactions: 243
Median transacted price: SGD 1,108,888
Median price per sqft (PSF): SGD 1,034
Median area: 1195 sqft
Resale share: 100%
"
ura_d25_executive_condominium_2023,ura_transaction,25,OCR,Executive Condominium,2023,137,1099.0,"URA Private Residential — District 25 | Executive Condominium | OCR | 2023
Transactions: 137
Median transacted price: SGD 1,230,000
Median price per sqft (PSF): SGD 1,099
Median area: 1238 sqft
Resale share: 100%
"
ura_d25_executive_condominium_2024,ura_transaction,25,OCR,Executive Condominium,2024,250,1190.5,"URA Private Residential — District 25 | Executive Condominium | OCR | 2024
Transactions: 250
Median transacted price: SGD 1,220,000
Median price per sqft (PSF): SGD 1,190
Median area: 1109 sqft
Resale share: 100%
"
ura_d25_executive_condominium_2025,ura_transaction,25,OCR,Executive Condominium,2025,202,1201.0,"URA Private Residential — District 25 | Executive Condominium | OCR | 2025
Transactions: 202
Median transacted price: SGD 1,280,000
Median price per sqft (PSF): SGD 1,201
Median area: 1152 sqft
Resale share: 100%
"
ura_d25_executive_condominium_2026,ura_transaction,25,OCR,Executive Condominium,2026,45,1259.0,"URA Private Residential — District 25 | Executive Condominium | OCR | 2026
Transactions: 45
Median transacted price: SGD 1,268,000
Median price per sqft (PSF): SGD 1,259
Median area: 1152 sqft
Resale share: 100%
"
ura_d26_apartment_2022,ura_transaction,26,OCR,Apartment,2022,511,2106.0,"URA Private Residential — District 26 | Apartment | OCR | 2022
Transactions: 511
Median transacted price: SGD 1,668,150
Median price per sqft (PSF): SGD 2,106
Median area: 732 sqft
Resale share: 0%
"
ura_d26_apartment_2023,ura_transaction,26,OCR,Apartment,2023,637,2105.0,"URA Private Residential — District 26 | Apartment | OCR | 2023
Transactions: 637
Median transacted price: SGD 1,650,000
Median price per sqft (PSF): SGD 2,105
Median area: 753 sqft
Resale share: 0%
"
ura_d26_apartment_2024,ura_transaction,26,OCR,Apartment,2024,857,2242.0,"URA Private Residential — District 26 | Apartment | OCR | 2024
Transactions: 857
Median transacted price: SGD 2,057,000
Median price per sqft (PSF): SGD 2,242
Median area: 936 sqft
Resale share: 0%
"
ura_d26_apartment_2025,ura_transaction,26,OCR,Apartment,2025,1063,2174.0,"URA Private Residential — District 26 | Apartment | OCR | 2025
Transactions: 1063
Median transacted price: SGD 1,887,000
Median price per sqft (PSF): SGD 2,174
Median area: 883 sqft
Resale share: 0%
"
ura_d26_apartment_2026,ura_transaction,26,OCR,Apartment,2026,26,2232.5,"URA Private Residential — District 26 | Apartment | OCR | 2026
Transactions: 26
Median transacted price: SGD 2,697,000
Median price per sqft (PSF): SGD 2,232
Median area: 1248 sqft
Resale share: 0%
"
ura_d26_condominium_2024,ura_transaction,26,OCR,Condominium,2024,184,2171.0,"URA Private Residential — District 26 | Condominium | OCR | 2024
Transactions: 184
Median transacted price: SGD 1,626,000
Median price per sqft (PSF): SGD 2,171
Median area: 732 sqft
Resale share: 3%
"
ura_d26_condominium_2025,ura_transaction,26,OCR,Condominium,2025,513,2214.0,"URA Private Residential — District 26 | Condominium | OCR | 2025
Transactions: 513
Median transacted price: SGD 1,892,000
Median price per sqft (PSF): SGD 2,214
Median area: 915 sqft
Resale share: 2%
"
ura_d26_condominium_2026,ura_transaction,26,OCR,Condominium,2026,3,2256.0,"URA Private Residential — District 26 | Condominium | OCR | 2026
Transactions: 3
Median transacted price: SGD 2,112,000
Median price per sqft (PSF): SGD 2,256
Median area: 958 sqft
Resale share: 33%
"
ura_d27_apartment_2021,ura_transaction,27,OCR,Apartment,2021,394,1469.0,"URA Private Residential — District 27 | Apartment | OCR | 2021
Transactions: 394
Median transacted price: SGD 1,134,000
Median price per sqft (PSF): SGD 1,469
Median area: 753 sqft
Resale share: 8%
"
ura_d27_apartment_2022,ura_transaction,27,OCR,Apartment,2022,176,1456.5,"URA Private Residential — District 27 | Apartment | OCR | 2022
Transactions: 176
Median transacted price: SGD 1,571,500
Median price per sqft (PSF): SGD 1,456
Median area: 1109 sqft
Resale share: 31%
"
ura_d27_apartment_2023,ura_transaction,27,OCR,Apartment,2023,39,1357.0,"URA Private Residential — District 27 | Apartment | OCR | 2023
Transactions: 39
Median transacted price: SGD 1,185,000
Median price per sqft (PSF): SGD 1,357
Median area: 904 sqft
Resale share: 87%
"
ura_d27_apartment_2024,ura_transaction,27,OCR,Apartment,2024,35,1369.0,"URA Private Residential — District 27 | Apartment | OCR | 2024
Transactions: 35
Median transacted price: SGD 1,230,000
Median price per sqft (PSF): SGD 1,369
Median area: 872 sqft
Resale share: 97%
"
ura_d27_apartment_2025,ura_transaction,27,OCR,Apartment,2025,53,1395.0,"URA Private Residential — District 27 | Apartment | OCR | 2025
Transactions: 53
Median transacted price: SGD 1,200,000
Median price per sqft (PSF): SGD 1,395
Median area: 893 sqft
Resale share: 75%
"
ura_d27_apartment_2026,ura_transaction,27,OCR,Apartment,2026,8,1363.5,"URA Private Residential — District 27 | Apartment | OCR | 2026
Transactions: 8
Median transacted price: SGD 1,260,000
Median price per sqft (PSF): SGD 1,364
Median area: 915 sqft
Resale share: 62%
"
ura_d27_condominium_2021,ura_transaction,27,OCR,Condominium,2021,346,1171.0,"URA Private Residential — District 27 | Condominium | OCR | 2021
Transactions: 346
Median transacted price: SGD 1,095,000
Median price per sqft (PSF): SGD 1,171
Median area: 840 sqft
Resale share: 56%
"
ura_d27_condominium_2022,ura_transaction,27,OCR,Condominium,2022,333,1150.0,"URA Private Residential — District 27 | Condominium | OCR | 2022
Transactions: 333
Median transacted price: SGD 1,136,000
Median price per sqft (PSF): SGD 1,150
Median area: 1001 sqft
Resale share: 82%
"
ura_d27_condominium_2023,ura_transaction,27,OCR,Condominium,2023,230,1179.5,"URA Private Residential — District 27 | Condominium | OCR | 2023
Transactions: 230
Median transacted price: SGD 1,130,000
Median price per sqft (PSF): SGD 1,180
Median area: 1001 sqft
Resale share: 96%
"
ura_d27_condominium_2024,ura_transaction,27,OCR,Condominium,2024,296,1198.0,"URA Private Residential — District 27 | Condominium | OCR | 2024
Transactions: 296
Median transacted price: SGD 1,209,000
Median price per sqft (PSF): SGD 1,198
Median area: 1023 sqft
Resale share: 100%
"
ura_d27_condominium_2025,ura_transaction,27,OCR,Condominium,2025,248,1270.5,"URA Private Residential — District 27 | Condominium | OCR | 2025
Transactions: 248
Median transacted price: SGD 1,234,444
Median price per sqft (PSF): SGD 1,270
Median area: 1001 sqft
Resale share: 99%
"
ura_d27_condominium_2026,ura_transaction,27,OCR,Condominium,2026,66,1232.0,"URA Private Residential — District 27 | Condominium | OCR | 2026
Transactions: 66
Median transacted price: SGD 1,295,000
Median price per sqft (PSF): SGD 1,232
Median area: 1082 sqft
Resale share: 98%
"
ura_d27_executive_condominium_2021,ura_transaction,27,OCR,Executive Condominium,2021,511,1123.0,"URA Private Residential — District 27 | Executive Condominium | OCR | 2021
Transactions: 511
Median transacted price: SGD 1,151,000
Median price per sqft (PSF): SGD 1,123
Median area: 1044 sqft
Resale share: 31%
"
ura_d27_executive_condominium_2022,ura_transaction,27,OCR,Executive Condominium,2022,505,1242.0,"URA Private Residential — District 27 | Executive Condominium | OCR | 2022
Transactions: 505
Median transacted price: SGD 1,272,000
Median price per sqft (PSF): SGD 1,242
Median area: 1066 sqft
Resale share: 48%
"
ura_d27_executive_condominium_2023,ura_transaction,27,OCR,Executive Condominium,2023,667,1285.0,"URA Private Residential — District 27 | Executive Condominium | OCR | 2023
Transactions: 667
Median transacted price: SGD 1,293,000
Median price per sqft (PSF): SGD 1,285
Median area: 1001 sqft
Resale share: 73%
"
ura_d27_executive_condominium_2024,ura_transaction,27,OCR,Executive Condominium,2024,656,1318.0,"URA Private Residential — District 27 | Executive Condominium | OCR | 2024
Transactions: 656
Median transacted price: SGD 1,345,500
Median price per sqft (PSF): SGD 1,318
Median area: 1023 sqft
Resale share: 66%
"
ura_d27_executive_condominium_2025,ura_transaction,27,OCR,Executive Condominium,2025,363,1366.0,"URA Private Residential — District 27 | Executive Condominium | OCR | 2025
Transactions: 363
Median transacted price: SGD 1,418,000
Median price per sqft (PSF): SGD 1,366
Median area: 1055 sqft
Resale share: 91%
"
ura_d27_executive_condominium_2026,ura_transaction,27,OCR,Executive Condominium,2026,68,1410.0,"URA Private Residential — District 27 | Executive Condominium | OCR | 2026
Transactions: 68
Median transacted price: SGD 1,457,944
Median price per sqft (PSF): SGD 1,410
Median area: 1092 sqft
Resale share: 100%
"
ura_d28_apartment_2021,ura_transaction,28,OCR,Apartment,2021,93,1262.0,"URA Private Residential — District 28 | Apartment | OCR | 2021
Transactions: 93
Median transacted price: SGD 870,000
Median price per sqft (PSF): SGD 1,262
Median area: 700 sqft
Resale share: 100%
"
ura_d28_apartment_2022,ura_transaction,28,OCR,Apartment,2022,93,1357.0,"URA Private Residential — District 28 | Apartment | OCR | 2022
Transactions: 93
Median transacted price: SGD 1,080,000
Median price per sqft (PSF): SGD 1,357
Median area: 732 sqft
Resale share: 100%
"
ura_d28_apartment_2023,ura_transaction,28,OCR,Apartment,2023,101,1478.0,"URA Private Residential — District 28 | Apartment | OCR | 2023
Transactions: 101
Median transacted price: SGD 1,010,000
Median price per sqft (PSF): SGD 1,478
Median area: 678 sqft
Resale share: 100%
"
ura_d28_apartment_2024,ura_transaction,28,OCR,Apartment,2024,114,1514.0,"URA Private Residential — District 28 | Apartment | OCR | 2024
Transactions: 114
Median transacted price: SGD 1,060,000
Median price per sqft (PSF): SGD 1,514
Median area: 678 sqft
Resale share: 100%
"
ura_d28_apartment_2025,ura_transaction,28,OCR,Apartment,2025,91,1614.0,"URA Private Residential — District 28 | Apartment | OCR | 2025
Transactions: 91
Median transacted price: SGD 1,100,000
Median price per sqft (PSF): SGD 1,614
Median area: 700 sqft
Resale share: 100%
"
ura_d28_apartment_2026,ura_transaction,28,OCR,Apartment,2026,10,1583.0,"URA Private Residential — District 28 | Apartment | OCR | 2026
Transactions: 10
Median transacted price: SGD 1,210,000
Median price per sqft (PSF): SGD 1,583
Median area: 802 sqft
Resale share: 100%
"
ura_d28_condominium_2021,ura_transaction,28,OCR,Condominium,2021,155,1162.0,"URA Private Residential — District 28 | Condominium | OCR | 2021
Transactions: 155
Median transacted price: SGD 1,180,000
Median price per sqft (PSF): SGD 1,162
Median area: 1012 sqft
Resale share: 89%
"
ura_d28_condominium_2022,ura_transaction,28,OCR,Condominium,2022,208,1240.0,"URA Private Residential — District 28 | Condominium | OCR | 2022
Transactions: 208
Median transacted price: SGD 1,100,000
Median price per sqft (PSF): SGD 1,240
Median area: 883 sqft
Resale share: 80%
"
ura_d28_condominium_2023,ura_transaction,28,OCR,Condominium,2023,167,1283.0,"URA Private Residential — District 28 | Condominium | OCR | 2023
Transactions: 167
Median transacted price: SGD 1,250,000
Median price per sqft (PSF): SGD 1,283
Median area: 980 sqft
Resale share: 100%
"
ura_d28_condominium_2024,ura_transaction,28,OCR,Condominium,2024,181,1352.0,"URA Private Residential — District 28 | Condominium | OCR | 2024
Transactions: 181
Median transacted price: SGD 1,268,000
Median price per sqft (PSF): SGD 1,352
Median area: 947 sqft
Resale share: 100%
"
ura_d28_condominium_2025,ura_transaction,28,OCR,Condominium,2025,152,1417.0,"URA Private Residential — District 28 | Condominium | OCR | 2025
Transactions: 152
Median transacted price: SGD 1,342,500
Median price per sqft (PSF): SGD 1,417
Median area: 969 sqft
Resale share: 100%
"
ura_d28_condominium_2026,ura_transaction,28,OCR,Condominium,2026,36,1435.0,"URA Private Residential — District 28 | Condominium | OCR | 2026
Transactions: 36
Median transacted price: SGD 1,277,500
Median price per sqft (PSF): SGD 1,435
Median area: 980 sqft
Resale share: 100%
"
ura_d28_executive_condominium_2021,ura_transaction,28,OCR,Executive Condominium,2021,563,1207.0,"URA Private Residential — District 28 | Executive Condominium | OCR | 2021
Transactions: 563
Median transacted price: SGD 1,291,000
Median price per sqft (PSF): SGD 1,207
Median area: 1066 sqft
Resale share: 27%
"
ura_d28_executive_condominium_2022,ura_transaction,28,OCR,Executive Condominium,2022,179,1194.0,"URA Private Residential — District 28 | Executive Condominium | OCR | 2022
Transactions: 179
Median transacted price: SGD 1,284,000
Median price per sqft (PSF): SGD 1,194
Median area: 1055 sqft
Resale share: 59%
"
ura_d28_executive_condominium_2023,ura_transaction,28,OCR,Executive Condominium,2023,66,1284.0,"URA Private Residential — District 28 | Executive Condominium | OCR | 2023
Transactions: 66
Median transacted price: SGD 1,410,000
Median price per sqft (PSF): SGD 1,284
Median area: 1087 sqft
Resale share: 91%
"
ura_d28_executive_condominium_2024,ura_transaction,28,OCR,Executive Condominium,2024,72,1391.5,"URA Private Residential — District 28 | Executive Condominium | OCR | 2024
Transactions: 72
Median transacted price: SGD 1,500,000
Median price per sqft (PSF): SGD 1,392
Median area: 1055 sqft
Resale share: 90%
"
ura_d28_executive_condominium_2025,ura_transaction,28,OCR,Executive Condominium,2025,92,1462.0,"URA Private Residential — District 28 | Executive Condominium | OCR | 2025
Transactions: 92
Median transacted price: SGD 1,600,000
Median price per sqft (PSF): SGD 1,462
Median area: 1055 sqft
Resale share: 100%
"
ura_d28_executive_condominium_2026,ura_transaction,28,OCR,Executive Condominium,2026,19,1514.0,"URA Private Residential — District 28 | Executive Condominium | OCR | 2026
Transactions: 19
Median transacted price: SGD 1,592,000
Median price per sqft (PSF): SGD 1,514
Median area: 1055 sqft
Resale share: 100%
"
